"series","event_ticker","sub_title","event_date","season_month","game_id","game_type","kickoff_utc","sampled","market_source","n_markets","n_settled_markets","n_other_result","n_players","n_players_settled","n_markets_volume_pos"
"KXNFLANYTD","KXNFLANYTD-26FEB08SEANE","SEA at NE (Feb 8)","2026-02-08","2026-02","2025_22_SEA_NE","SB","2026-02-08T23:30:00Z",TRUE,"historical",22,22,0,22,22,22
"KXNFLANYTD","KXNFLANYTD-26JAN25LASEA","LA at SEA (Jan 25)","2026-01-25","2026-01","2025_21_LA_SEA","CON","2026-01-25T23:30:00Z",FALSE,"historical",19,18,1,19,18,19
"KXNFLANYTD","KXNFLANYTD-26JAN25NEDEN","NE at DEN (Jan 25)","2026-01-25","2026-01","2025_21_NE_DEN","CON","2026-01-25T20:00:00Z",FALSE,"historical",23,23,0,23,23,23
"KXNFLANYTD","KXNFLANYTD-26JAN18HOUNE","HOU at NE (Jan 18)","2026-01-18","2026-01","2025_20_HOU_NE","DIV","2026-01-18T20:00:00Z",FALSE,"historical",21,21,0,21,21,21
"KXNFLANYTD","KXNFLANYTD-26JAN18LACHI","LA at CHI (Jan 18)","2026-01-18","2026-01","2025_20_LA_CHI","DIV","2026-01-18T23:30:00Z",FALSE,"historical",22,21,1,22,21,22
"KXNFLANYTD","KXNFLANYTD-26JAN17SFSEA","SF at SEA (Jan 17)","2026-01-17","2026-01","2025_20_SF_SEA","DIV","2026-01-18T01:00:00Z",FALSE,"historical",19,19,0,19,19,19
"KXNFLANYTD","KXNFLANYTD-26JAN17BUFDEN","BUF at DEN (Jan 17)","2026-01-17","2026-01","2025_20_BUF_DEN","DIV","2026-01-17T21:30:00Z",FALSE,"historical",24,24,0,24,24,24
"KXNFLANYTD","KXNFLANYTD-26JAN12HOUPIT","HOU at PIT (Jan 12)","2026-01-12","2026-01","2025_19_HOU_PIT","WC","2026-01-13T01:00:00Z",FALSE,"historical",21,21,0,21,21,21
"KXNFLANYTD","KXNFLANYTD-26JAN11LACNE","LAC at NE (Jan 11)","2026-01-11","2026-01","2025_19_LAC_NE","WC","2026-01-12T01:00:00Z",FALSE,"historical",20,20,0,20,20,20
"KXNFLANYTD","KXNFLANYTD-26JAN11SFPHI","SF at PHI (Jan 11)","2026-01-11","2026-01","2025_19_SF_PHI","WC","2026-01-11T21:30:00Z",FALSE,"historical",22,22,0,22,22,22
"KXNFLANYTD","KXNFLANYTD-26JAN11BUFJAC","BUF at JAC (Jan 11)","2026-01-11","2026-01","2025_19_BUF_JAX","WC","2026-01-11T18:00:00Z",FALSE,"historical",23,20,3,23,20,23
"KXNFLANYTD","KXNFLANYTD-26JAN10GBCHI","GB at CHI (Jan 10)","2026-01-10","2026-01","2025_19_GB_CHI","WC","2026-01-11T01:00:00Z",FALSE,"historical",20,20,0,20,20,20
"KXNFLANYTD","KXNFLANYTD-26JAN10LACAR","LA at CAR (Jan 10)","2026-01-10","2026-01","2025_19_LA_CAR","WC","2026-01-10T21:30:00Z",FALSE,"historical",19,19,0,19,19,19
"KXNFLANYTD","KXNFLANYTD-26JAN04BALPIT","BAL at PIT (Jan 4)","2026-01-04","2026-01","2025_18_BAL_PIT","REG","2026-01-05T01:20:00Z",TRUE,"historical",16,16,0,16,16,16
"KXNFLANYTD","KXNFLANYTD-26JAN04WASPHI","WAS at PHI (Jan 4)","2026-01-04","2026-01","2025_18_WAS_PHI","REG","2026-01-04T21:25:00Z",TRUE,"historical",16,16,0,16,16,16
"KXNFLANYTD","KXNFLANYTD-26JAN04NYJBUF","NYJ at BUF (Jan 4)","2026-01-04","2026-01","2025_18_NYJ_BUF","REG","2026-01-04T21:25:00Z",FALSE,"historical",3,3,0,3,3,3
"KXNFLANYTD","KXNFLANYTD-26JAN04MIANE","MIA at NE (Jan 4)","2026-01-04","2026-01","2025_18_MIA_NE","REG","2026-01-04T21:25:00Z",FALSE,"historical",18,18,0,18,18,18
"KXNFLANYTD","KXNFLANYTD-26JAN04LACDEN","LAC at DEN (Jan 4)","2026-01-04","2026-01","2025_18_LAC_DEN","REG","2026-01-04T21:25:00Z",FALSE,"historical",16,16,0,16,16,16
"KXNFLANYTD","KXNFLANYTD-26JAN04KCLV","KC at LV (Jan 4)","2026-01-04","2026-01","2025_18_KC_LV","REG","2026-01-04T21:25:00Z",FALSE,"historical",11,10,1,11,10,11
"KXNFLANYTD","KXNFLANYTD-26JAN04DETCHI","DET at CHI (Jan 4)","2026-01-04","2026-01","2025_18_DET_CHI","REG","2026-01-04T21:25:00Z",FALSE,"historical",19,19,0,19,19,19
"KXNFLANYTD","KXNFLANYTD-26JAN04ARILA","ARI at LA (Jan 4)","2026-01-04","2026-01","2025_18_ARI_LA","REG","2026-01-04T21:25:00Z",FALSE,"historical",14,14,0,14,14,14
"KXNFLANYTD","KXNFLANYTD-26JAN04TENJAC","TEN at JAC (Jan 4)","2026-01-04","2026-01","2025_18_TEN_JAX","REG","2026-01-04T18:00:00Z",FALSE,"historical",19,18,1,19,18,19
"KXNFLANYTD","KXNFLANYTD-26JAN04NOATL","NO at ATL (Jan 4)","2026-01-04","2026-01","2025_18_NO_ATL","REG","2026-01-04T18:00:00Z",TRUE,"historical",16,16,0,16,16,16
"KXNFLANYTD","KXNFLANYTD-26JAN04INDHOU","IND at HOU (Jan 4)","2026-01-04","2026-01","2025_18_IND_HOU","REG","2026-01-04T18:00:00Z",FALSE,"historical",19,18,1,19,18,19
"KXNFLANYTD","KXNFLANYTD-26JAN04GBMIN","GB at MIN (Jan 4)","2026-01-04","2026-01","2025_18_GB_MIN","REG","2026-01-04T18:00:00Z",FALSE,"historical",9,9,0,9,9,9
"KXNFLANYTD","KXNFLANYTD-26JAN04DALNYG","DAL at NYG (Jan 4)","2026-01-04","2026-01","2025_18_DAL_NYG","REG","2026-01-04T18:00:00Z",FALSE,"historical",17,16,1,17,16,17
"KXNFLANYTD","KXNFLANYTD-26JAN04CLECIN","CLE at CIN (Jan 4)","2026-01-04","2026-01","2025_18_CLE_CIN","REG","2026-01-04T18:00:00Z",FALSE,"historical",19,18,1,19,18,19
"KXNFLANYTD","KXNFLANYTD-26JAN03SEASF","SEA at SF (Jan 3)","2026-01-03","2026-01","2025_18_SEA_SF","REG","2026-01-04T01:00:00Z",FALSE,"historical",19,19,0,19,19,19
"KXNFLANYTD","KXNFLANYTD-26JAN03CARTB","CAR at TB (Jan 3)","2026-01-03","2026-01","2025_18_CAR_TB","REG","2026-01-03T21:30:00Z",FALSE,"historical",21,20,1,21,20,21
"KXNFLANYTD","KXNFLANYTD-25DEC29LAATL","LA at ATL (Dec 29)","2025-12-29","2025-12","2025_17_LA_ATL","REG","2025-12-30T01:15:00Z",FALSE,"historical",20,19,1,20,19,20
"KXNFLANYTD","KXNFLANYTD-25DEC28CHISF","CHI at SF (Dec 28)","2025-12-28","2025-12","2025_17_CHI_SF","REG","2025-12-29T01:20:00Z",TRUE,"historical",21,20,1,21,20,21
"KXNFLANYTD","KXNFLANYTD-25DEC28PHIBUF","PHI at BUF (Dec 28)","2025-12-28","2025-12","2025_17_PHI_BUF","REG","2025-12-28T21:25:00Z",FALSE,"historical",21,20,1,21,20,21
"KXNFLANYTD","KXNFLANYTD-25DEC28NYGLV","NYG at LV (Dec 28)","2025-12-28","2025-12","2025_17_NYG_LV","REG","2025-12-28T21:05:00Z",FALSE,"historical",18,15,3,18,15,18
"KXNFLANYTD","KXNFLANYTD-25DEC28TBMIA","TB at MIA (Dec 28)","2025-12-28","2025-12","2025_17_TB_MIA","REG","2025-12-28T18:00:00Z",FALSE,"historical",22,20,2,22,20,22
"KXNFLANYTD","KXNFLANYTD-25DEC28SEACAR","SEA at CAR (Dec 28)","2025-12-28","2025-12","2025_17_SEA_CAR","REG","2025-12-28T18:00:00Z",FALSE,"historical",19,19,0,19,19,19
"KXNFLANYTD","KXNFLANYTD-25DEC28PITCLE","PIT at CLE (Dec 28)","2025-12-28","2025-12","2025_17_PIT_CLE","REG","2025-12-28T18:00:00Z",FALSE,"historical",16,15,1,16,15,16
"KXNFLANYTD","KXNFLANYTD-25DEC28NOTEN","NO at TEN (Dec 28)","2025-12-28","2025-12","2025_17_NO_TEN","REG","2025-12-28T18:00:00Z",FALSE,"historical",16,16,0,16,16,16
"KXNFLANYTD","KXNFLANYTD-25DEC28NENYJ","NE at NYJ (Dec 28)","2025-12-28","2025-12","2025_17_NE_NYJ","REG","2025-12-28T18:00:00Z",FALSE,"historical",17,17,0,17,17,17
"KXNFLANYTD","KXNFLANYTD-25DEC28JACIND","JAC at IND (Dec 28)","2025-12-28","2025-12","2025_17_JAX_IND","REG","2025-12-28T18:00:00Z",FALSE,"historical",20,19,1,20,19,20
"KXNFLANYTD","KXNFLANYTD-25DEC28ARICIN","ARI at CIN (Dec 28)","2025-12-28","2025-12","2025_17_ARI_CIN","REG","2025-12-28T18:00:00Z",FALSE,"historical",19,19,0,19,19,19
"KXNFLANYTD","KXNFLANYTD-25DEC27BALGB","BAL at GB (Dec 27)","2025-12-27","2025-12","2025_17_BAL_GB","REG","2025-12-28T01:00:00Z",FALSE,"historical",20,19,1,20,19,20
"KXNFLANYTD","KXNFLANYTD-25DEC27HOULAC","HOU at LAC (Dec 27)","2025-12-27","2025-12","2025_17_HOU_LAC","REG","2025-12-27T21:30:00Z",FALSE,"historical",20,20,0,20,20,20
"KXNFLANYTD","KXNFLANYTD-25DEC25DENKC","DEN at KC (Dec 25)","2025-12-25","2025-12","2025_17_DEN_KC","REG","2025-12-26T01:15:00Z",FALSE,"historical",22,22,0,22,22,22
"KXNFLANYTD","KXNFLANYTD-25DEC25DETMIN","DET at MIN (Dec 25)","2025-12-25","2025-12","2025_17_DET_MIN","REG","2025-12-25T21:30:00Z",FALSE,"historical",16,16,0,16,16,16
"KXNFLANYTD","KXNFLANYTD-25DEC25DALWAS","DAL at WAS (Dec 25)","2025-12-25","2025-12","2025_17_DAL_WAS","REG","2025-12-25T18:00:00Z",FALSE,"historical",20,19,1,20,19,20
"KXNFLANYTD","KXNFLANYTD-25DEC22SFIND","SF at IND (Dec 22)","2025-12-22","2025-12","2025_16_SF_IND","REG","2025-12-23T01:15:00Z",FALSE,"historical",21,20,1,21,20,21
"KXNFLANYTD","KXNFLANYTD-25DEC21NEBAL","NE at BAL (Dec 21)","2025-12-21","2025-12","2025_16_NE_BAL","REG","2025-12-22T01:20:00Z",TRUE,"historical",22,22,0,22,22,22
"KXNFLANYTD","KXNFLANYTD-25DEC21PITDET","PIT at DET (Dec 21)","2025-12-21","2025-12","2025_16_PIT_DET","REG","2025-12-21T21:25:00Z",FALSE,"historical",21,20,1,21,20,21
"KXNFLANYTD","KXNFLANYTD-25DEC21LVHOU","LV at HOU (Dec 21)","2025-12-21","2025-12","2025_16_LV_HOU","REG","2025-12-21T21:25:00Z",FALSE,"historical",21,21,0,21,21,21
"KXNFLANYTD","KXNFLANYTD-25DEC21JACDEN","JAC at DEN (Dec 21)","2025-12-21","2025-12","2025_16_JAX_DEN","REG","2025-12-21T21:05:00Z",FALSE,"historical",23,22,1,23,22,23
"KXNFLANYTD","KXNFLANYTD-25DEC21ATLARI","ATL at ARI (Dec 21)","2025-12-21","2025-12","2025_16_ATL_ARI","REG","2025-12-21T21:05:00Z",FALSE,"historical",18,17,1,18,17,17
"KXNFLANYTD","KXNFLANYTD-25DEC21TBCAR","TB at CAR (Dec 21)","2025-12-21","2025-12","2025_16_TB_CAR","REG","2025-12-21T18:00:00Z",FALSE,"historical",22,21,1,22,21,22
"KXNFLANYTD","KXNFLANYTD-25DEC21NYJNO","NYJ at NO (Dec 21)","2025-12-21","2025-12","2025_16_NYJ_NO","REG","2025-12-21T18:00:00Z",FALSE,"historical",16,16,0,16,16,16
"KXNFLANYTD","KXNFLANYTD-25DEC21MINNYG","MIN at NYG (Dec 21)","2025-12-21","2025-12","2025_16_MIN_NYG","REG","2025-12-21T18:00:00Z",FALSE,"historical",19,18,1,19,18,19
"KXNFLANYTD","KXNFLANYTD-25DEC21LACDAL","LAC at DAL (Dec 21)","2025-12-21","2025-12","2025_16_LAC_DAL","REG","2025-12-21T18:00:00Z",FALSE,"historical",20,20,0,20,20,20
"KXNFLANYTD","KXNFLANYTD-25DEC21KCTEN","KC at TEN (Dec 21)","2025-12-21","2025-12","2025_16_KC_TEN","REG","2025-12-21T18:00:00Z",FALSE,"historical",19,19,0,19,19,19
"KXNFLANYTD","KXNFLANYTD-25DEC21CINMIA","CIN at MIA (Dec 21)","2025-12-21","2025-12","2025_16_CIN_MIA","REG","2025-12-21T18:00:00Z",FALSE,"historical",20,19,1,20,19,20
"KXNFLANYTD","KXNFLANYTD-25DEC21BUFCLE","BUF at CLE (Dec 21)","2025-12-21","2025-12","2025_16_BUF_CLE","REG","2025-12-21T18:00:00Z",FALSE,"historical",21,19,2,21,19,21
"KXNFLANYTD","KXNFLANYTD-25DEC20GBCHI","GB at CHI (Dec 20)","2025-12-20","2025-12","2025_16_GB_CHI","REG","2025-12-21T01:20:00Z",FALSE,"historical",15,15,0,15,15,15
"KXNFLANYTD","KXNFLANYTD-25DEC20PHIWAS","PHI at WAS (Dec 20)","2025-12-20","2025-12","2025_16_PHI_WAS","REG","2025-12-20T22:00:00Z",FALSE,"historical",20,20,0,20,20,20
"KXNFLANYTD","KXNFLANYTD-25DEC18LASEA","LA at SEA (Dec 18)","2025-12-18","2025-12","2025_16_LA_SEA","REG","2025-12-19T01:15:00Z",FALSE,"historical",18,18,0,18,18,18
"KXNFLANYTD","KXNFLANYTD-25DEC15MIAPIT","MIA at PIT (Dec 15)","2025-12-15","2025-12","2025_15_MIA_PIT","REG","2025-12-16T01:15:00Z",FALSE,"historical",22,21,1,22,21,22
"KXNFLANYTD","KXNFLANYTD-25DEC14MINDAL","MIN at DAL (Dec 14)","2025-12-14","2025-12","2025_15_MIN_DAL","REG","2025-12-15T01:20:00Z",FALSE,"historical",21,19,2,21,19,21
"KXNFLANYTD","KXNFLANYTD-25DEC14TENSF","TEN at SF (Dec 14)","2025-12-14","2025-12","2025_15_TEN_SF","REG","2025-12-14T21:25:00Z",FALSE,"historical",22,22,0,22,22,22
"KXNFLANYTD","KXNFLANYTD-25DEC14INDSEA","IND at SEA (Dec 14)","2025-12-14","2025-12","2025_15_IND_SEA","REG","2025-12-14T21:25:00Z",FALSE,"historical",17,16,1,17,16,17
"KXNFLANYTD","KXNFLANYTD-25DEC14GBDEN","GB at DEN (Dec 14)","2025-12-14","2025-12","2025_15_GB_DEN","REG","2025-12-14T21:25:00Z",FALSE,"historical",19,19,0,19,19,19
"KXNFLANYTD","KXNFLANYTD-25DEC14DETLA","DET at LA (Dec 14)","2025-12-14","2025-12","2025_15_DET_LA","REG","2025-12-14T21:25:00Z",FALSE,"historical",17,17,0,17,17,16
"KXNFLANYTD","KXNFLANYTD-25DEC14CARNO","CAR at NO (Dec 14)","2025-12-14","2025-12","2025_15_CAR_NO","REG","2025-12-14T21:25:00Z",FALSE,"historical",19,19,0,19,19,19
"KXNFLANYTD","KXNFLANYTD-25DEC14WASNYG","WAS at NYG (Dec 14)","2025-12-14","2025-12","2025_15_WAS_NYG","REG","2025-12-14T18:00:00Z",FALSE,"historical",18,18,0,18,18,18
"KXNFLANYTD","KXNFLANYTD-25DEC14NYJJAC","NYJ at JAC (Dec 14)","2025-12-14","2025-12","2025_15_NYJ_JAX","REG","2025-12-14T18:00:00Z",FALSE,"historical",17,16,1,17,16,16
"KXNFLANYTD","KXNFLANYTD-25DEC14LVPHI","LV at PHI (Dec 14)","2025-12-14","2025-12","2025_15_LV_PHI","REG","2025-12-14T18:00:00Z",FALSE,"historical",19,19,0,19,19,18
"KXNFLANYTD","KXNFLANYTD-25DEC14LACKC","LAC at KC (Dec 14)","2025-12-14","2025-12","2025_15_LAC_KC","REG","2025-12-14T18:00:00Z",FALSE,"historical",21,19,2,21,19,21
"KXNFLANYTD","KXNFLANYTD-25DEC14CLECHI","CLE at CHI (Dec 14)","2025-12-14","2025-12","2025_15_CLE_CHI","REG","2025-12-14T18:00:00Z",FALSE,"historical",17,17,0,17,17,17
"KXNFLANYTD","KXNFLANYTD-25DEC14BUFNE","BUF at NE (Dec 14)","2025-12-14","2025-12","2025_15_BUF_NE","REG","2025-12-14T18:00:00Z",FALSE,"historical",22,22,0,22,22,22
"KXNFLANYTD","KXNFLANYTD-25DEC14BALCIN","BAL at CIN (Dec 14)","2025-12-14","2025-12","2025_15_BAL_CIN","REG","2025-12-14T18:00:00Z",FALSE,"historical",19,19,0,19,19,19
"KXNFLANYTD","KXNFLANYTD-25DEC14ARIHOU","ARI at HOU (Dec 14)","2025-12-14","2025-12","2025_15_ARI_HOU","REG","2025-12-14T18:00:00Z",FALSE,"historical",17,17,0,17,17,17
"KXNFLANYTD","KXNFLANYTD-25DEC11ATLTB","ATL at TB (Dec 11)","2025-12-11","2025-12","2025_15_ATL_TB","REG","2025-12-12T01:15:00Z",FALSE,"historical",17,16,1,17,16,17
"KXNFLANYTD","KXNFLANYTD-25DEC08PHILAC","PHI at LAC (Dec 8)","2025-12-08","2025-12","2025_14_PHI_LAC","REG","2025-12-09T01:15:00Z",FALSE,"historical",17,17,0,17,17,17
"KXNFLANYTD","KXNFLANYTD-25DEC07HOUKC","HOU at KC (Dec 7)","2025-12-07","2025-12","2025_14_HOU_KC","REG","2025-12-08T01:20:00Z",FALSE,"historical",24,24,0,24,24,24
"KXNFLANYTD","KXNFLANYTD-25DEC07LAARI","LA at ARI (Dec 7)","2025-12-07","2025-12","2025_14_LA_ARI","REG","2025-12-07T21:25:00Z",FALSE,"historical",16,16,0,16,16,16
"KXNFLANYTD","KXNFLANYTD-25DEC07CHIGB","CHI at GB (Dec 7)","2025-12-07","2025-12","2025_14_CHI_GB","REG","2025-12-07T21:25:00Z",FALSE,"historical",20,20,0,20,20,20
"KXNFLANYTD","KXNFLANYTD-25DEC07DENLV","DEN at LV (Dec 7)","2025-12-07","2025-12","2025_14_DEN_LV","REG","2025-12-07T21:05:00Z",FALSE,"historical",20,19,1,20,19,20
"KXNFLANYTD","KXNFLANYTD-25DEC07WASMIN","WAS at MIN (Dec 7)","2025-12-07","2025-12","2025_14_WAS_MIN","REG","2025-12-07T18:00:00Z",FALSE,"historical",21,21,0,21,21,21
"KXNFLANYTD","KXNFLANYTD-25DEC07TENCLE","TEN at CLE (Dec 7)","2025-12-07","2025-12","2025_14_TEN_CLE","REG","2025-12-07T18:00:00Z",TRUE,"historical",20,19,1,20,19,18
"KXNFLANYTD","KXNFLANYTD-25DEC07SEAATL","SEA at ATL (Dec 7)","2025-12-07","2025-12","2025_14_SEA_ATL","REG","2025-12-07T18:00:00Z",FALSE,"historical",18,18,0,18,18,18
"KXNFLANYTD","KXNFLANYTD-25DEC07PITBAL","PIT at BAL (Dec 7)","2025-12-07","2025-12","2025_14_PIT_BAL","REG","2025-12-07T18:00:00Z",FALSE,"historical",22,21,1,22,21,22
"KXNFLANYTD","KXNFLANYTD-25DEC07NOTB","NO at TB (Dec 7)","2025-12-07","2025-12","2025_14_NO_TB","REG","2025-12-07T18:00:00Z",FALSE,"historical",17,17,0,17,17,16
"KXNFLANYTD","KXNFLANYTD-25DEC07MIANYJ","MIA at NYJ (Dec 7)","2025-12-07","2025-12","2025_14_MIA_NYJ","REG","2025-12-07T18:00:00Z",FALSE,"historical",18,18,0,18,18,18
"KXNFLANYTD","KXNFLANYTD-25DEC07INDJAC","IND at JAC (Dec 7)","2025-12-07","2025-12","2025_14_IND_JAX","REG","2025-12-07T18:00:00Z",FALSE,"historical",21,19,2,21,19,18
"KXNFLANYTD","KXNFLANYTD-25DEC07CINBUF","CIN at BUF (Dec 7)","2025-12-07","2025-12","2025_14_CIN_BUF","REG","2025-12-07T18:00:00Z",FALSE,"historical",21,21,0,21,21,20
"KXNFLANYTD","KXNFLANYTD-25DEC04DALDET","DAL at DET (Dec 4)","2025-12-04","2025-12","2025_14_DAL_DET","REG","2025-12-05T01:15:00Z",FALSE,"historical",22,20,2,22,20,22
"KXNFLANYTD","KXNFLANYTD-25DEC01NYGNE","NYG at NE (Dec 1)","2025-12-01","2025-12","2025_13_NYG_NE","REG","2025-12-02T01:15:00Z",FALSE,"historical",22,21,1,22,21,22
"KXNFLANYTD","KXNFLANYTD-25NOV30DENWAS","DEN at WAS (Nov 30)","2025-11-30","2025-11","2025_13_DEN_WAS","REG","2025-12-01T01:20:00Z",FALSE,"historical",21,21,0,21,21,21
"KXNFLANYTD","KXNFLANYTD-25NOV30LVLAC","LV at LAC (Nov 30)","2025-11-30","2025-11","2025_13_LV_LAC","REG","2025-11-30T21:25:00Z",FALSE,"historical",17,17,0,17,17,17
"KXNFLANYTD","KXNFLANYTD-25NOV30BUFPIT","BUF at PIT (Nov 30)","2025-11-30","2025-11","2025_13_BUF_PIT","REG","2025-11-30T21:25:00Z",FALSE,"historical",21,21,0,21,21,21
"KXNFLANYTD","KXNFLANYTD-25NOV30MINSEA","MIN at SEA (Nov 30)","2025-11-30","2025-11","2025_13_MIN_SEA","REG","2025-11-30T21:05:00Z",FALSE,"historical",19,18,1,19,18,19
"KXNFLANYTD","KXNFLANYTD-25NOV30SFCLE","SF at CLE (Nov 30)","2025-11-30","2025-11","2025_13_SF_CLE","REG","2025-11-30T18:00:00Z",FALSE,"historical",23,22,1,23,22,23
"KXNFLANYTD","KXNFLANYTD-25NOV30NOMIA","NO at MIA (Nov 30)","2025-11-30","2025-11","2025_13_NO_MIA","REG","2025-11-30T18:00:00Z",FALSE,"historical",17,17,0,17,17,17
"KXNFLANYTD","KXNFLANYTD-25NOV30LACAR","LA at CAR (Nov 30)","2025-11-30","2025-11","2025_13_LA_CAR","REG","2025-11-30T18:00:00Z",FALSE,"historical",20,20,0,20,20,20
"KXNFLANYTD","KXNFLANYTD-25NOV30JACTEN","JAC at TEN (Nov 30)","2025-11-30","2025-11","2025_13_JAX_TEN","REG","2025-11-30T18:00:00Z",FALSE,"historical",17,15,2,17,15,17
"KXNFLANYTD","KXNFLANYTD-25NOV30HOUIND","HOU at IND (Nov 30)","2025-11-30","2025-11","2025_13_HOU_IND","REG","2025-11-30T18:00:00Z",FALSE,"historical",20,19,1,20,19,20
"KXNFLANYTD","KXNFLANYTD-25NOV30ATLNYJ","ATL at NYJ (Nov 30)","2025-11-30","2025-11","2025_13_ATL_NYJ","REG","2025-11-30T18:00:00Z",FALSE,"historical",16,15,1,16,15,16
"KXNFLANYTD","KXNFLANYTD-25NOV30ARITB","ARI at TB (Nov 30)","2025-11-30","2025-11","2025_13_ARI_TB","REG","2025-11-30T18:00:00Z",FALSE,"historical",16,16,0,16,16,16
"KXNFLANYTD","KXNFLANYTD-25NOV28CHIPHI","CHI at PHI (Nov 28)","2025-11-28","2025-11","2025_13_CHI_PHI","REG","2025-11-28T20:00:00Z",FALSE,"historical",20,20,0,20,20,20
"KXNFLANYTD","KXNFLANYTD-25NOV27CINBAL","CIN at BAL (Nov 27)","2025-11-27","2025-11","2025_13_CIN_BAL","REG","2025-11-28T01:20:00Z",FALSE,"historical",21,20,1,21,20,21
"KXNFLANYTD","KXNFLANYTD-25NOV27KCDAL","KC at DAL (Nov 27)","2025-11-27","2025-11","2025_13_KC_DAL","REG","2025-11-27T21:30:00Z",FALSE,"historical",23,23,0,23,23,23
"KXNFLANYTD","KXNFLANYTD-25NOV27GBDET","GB at DET (Nov 27)","2025-11-27","2025-11","2025_13_GB_DET","REG","2025-11-27T18:00:00Z",FALSE,"historical",17,17,0,17,17,17
"KXNFLANYTD","KXNFLANYTD-25NOV24CARSF","CAR at SF (Nov 24)","2025-11-24","2025-11","2025_12_CAR_SF","REG","2025-11-25T01:15:00Z",FALSE,"historical",23,23,0,23,23,23
"KXNFLANYTD","KXNFLANYTD-25NOV23TBLA","TB at LA (Nov 23)","2025-11-23","2025-11","2025_12_TB_LA","REG","2025-11-24T01:20:00Z",FALSE,"historical",18,18,0,18,18,18
"KXNFLANYTD","KXNFLANYTD-25NOV23PHIDAL","PHI at DAL (Nov 23)","2025-11-23","2025-11","2025_12_PHI_DAL","REG","2025-11-23T21:25:00Z",FALSE,"historical",21,19,2,21,19,20
"KXNFLANYTD","KXNFLANYTD-25NOV23ATLNO","ATL at NO (Nov 23)","2025-11-23","2025-11","2025_12_ATL_NO","REG","2025-11-23T21:25:00Z",FALSE,"historical",17,17,0,17,17,17
"KXNFLANYTD","KXNFLANYTD-25NOV23JACARI","JAC at ARI (Nov 23)","2025-11-23","2025-11","2025_12_JAX_ARI","REG","2025-11-23T21:05:00Z",FALSE,"historical",18,18,0,18,18,17
"KXNFLANYTD","KXNFLANYTD-25NOV23CLELV","CLE at LV (Nov 23)","2025-11-23","2025-11","2025_12_CLE_LV","REG","2025-11-23T21:05:00Z",FALSE,"historical",22,21,1,22,21,22
"KXNFLANYTD","KXNFLANYTD-25NOV23SEATEN","SEA at TEN (Nov 23)","2025-11-23","2025-11","2025_12_SEA_TEN","REG","2025-11-23T18:00:00Z",FALSE,"historical",18,18,0,18,18,18
"KXNFLANYTD","KXNFLANYTD-25NOV23PITCHI","PIT at CHI (Nov 23)","2025-11-23","2025-11","2025_12_PIT_CHI","REG","2025-11-23T18:00:00Z",TRUE,"historical",21,21,0,21,21,20
"KXNFLANYTD","KXNFLANYTD-25NOV23NYJBAL","NYJ at BAL (Nov 23)","2025-11-23","2025-11","2025_12_NYJ_BAL","REG","2025-11-23T18:00:00Z",FALSE,"historical",18,18,0,18,18,18
"KXNFLANYTD","KXNFLANYTD-25NOV23NYGDET","NYG at DET (Nov 23)","2025-11-23","2025-11","2025_12_NYG_DET","REG","2025-11-23T18:00:00Z",FALSE,"historical",18,17,1,18,17,17
"KXNFLANYTD","KXNFLANYTD-25NOV23NECIN","NE at CIN (Nov 23)","2025-11-23","2025-11","2025_12_NE_CIN","REG","2025-11-23T18:00:00Z",FALSE,"historical",20,20,0,20,20,19
"KXNFLANYTD","KXNFLANYTD-25NOV23MINGB","MIN at GB (Nov 23)","2025-11-23","2025-11","2025_12_MIN_GB","REG","2025-11-23T18:00:00Z",FALSE,"historical",19,19,0,19,19,18
"KXNFLANYTD","KXNFLANYTD-25NOV23INDKC","IND at KC (Nov 23)","2025-11-23","2025-11","2025_12_IND_KC","REG","2025-11-23T18:00:00Z",FALSE,"historical",21,20,1,21,20,21
"KXNFLANYTD","KXNFLANYTD-25NOV20BUFHOU","BUF at HOU (Nov 20)","2025-11-20","2025-11","2025_12_BUF_HOU","REG","2025-11-21T01:15:00Z",FALSE,"historical",22,21,1,22,21,22
"KXNFLANYTD","KXNFLANYTD-25NOV17DALLV","DAL at LV (Nov 17)","2025-11-17","2025-11","2025_11_DAL_LV","REG","2025-11-18T01:15:00Z",FALSE,"historical",23,21,2,23,21,23
"KXNFLANYTD","KXNFLANYTD-25NOV16DETPHI","DET at PHI (Nov 16)","2025-11-16","2025-11","2025_11_DET_PHI","REG","2025-11-17T01:20:00Z",FALSE,"historical",18,18,0,18,18,18
"KXNFLANYTD","KXNFLANYTD-25NOV16KCDEN","KC at DEN (Nov 16)","2025-11-16","2025-11","2025_11_KC_DEN","REG","2025-11-16T21:25:00Z",FALSE,"historical",22,22,0,22,22,22
"KXNFLANYTD","KXNFLANYTD-25NOV16BALCLE","BAL at CLE (Nov 16)","2025-11-16","2025-11","2025_11_BAL_CLE","REG","2025-11-16T21:25:00Z",FALSE,"historical",21,20,1,21,20,21
"KXNFLANYTD","KXNFLANYTD-25NOV16SFARI","SF at ARI (Nov 16)","2025-11-16","2025-11","2025_11_SF_ARI","REG","2025-11-16T21:05:00Z",FALSE,"historical",21,21,0,21,21,20
"KXNFLANYTD","KXNFLANYTD-25NOV16SEALA","SEA at LA (Nov 16)","2025-11-16","2025-11","2025_11_SEA_LA","REG","2025-11-16T21:05:00Z",TRUE,"historical",19,19,0,19,19,19
"KXNFLANYTD","KXNFLANYTD-25NOV16TBBUF","TB at BUF (Nov 16)","2025-11-16","2025-11","2025_11_TB_BUF","REG","2025-11-16T18:00:00Z",FALSE,"historical",20,18,2,20,18,19
"KXNFLANYTD","KXNFLANYTD-25NOV16LACJAC","LAC at JAC (Nov 16)","2025-11-16","2025-11","2025_11_LAC_JAX","REG","2025-11-16T18:00:00Z",FALSE,"historical",17,17,0,17,17,17
"KXNFLANYTD","KXNFLANYTD-25NOV16HOUTEN","HOU at TEN (Nov 16)","2025-11-16","2025-11","2025_11_HOU_TEN","REG","2025-11-16T18:00:00Z",FALSE,"historical",20,20,0,20,20,20
"KXNFLANYTD","KXNFLANYTD-25NOV16GBNYG","GB at NYG (Nov 16)","2025-11-16","2025-11","2025_11_GB_NYG","REG","2025-11-16T18:00:00Z",FALSE,"historical",19,18,1,19,18,18
"KXNFLANYTD","KXNFLANYTD-25NOV16CINPIT","CIN at PIT (Nov 16)","2025-11-16","2025-11","2025_11_CIN_PIT","REG","2025-11-16T18:00:00Z",FALSE,"historical",19,19,0,19,19,18
"KXNFLANYTD","KXNFLANYTD-25NOV16CHIMIN","CHI at MIN (Nov 16)","2025-11-16","2025-11","2025_11_CHI_MIN","REG","2025-11-16T18:00:00Z",FALSE,"historical",21,21,0,21,21,21
"KXNFLANYTD","KXNFLANYTD-25NOV16CARATL","CAR at ATL (Nov 16)","2025-11-16","2025-11","2025_11_CAR_ATL","REG","2025-11-16T18:00:00Z",FALSE,"historical",19,19,0,19,19,19
"KXNFLANYTD","KXNFLANYTD-25NOV16WASMIA","WAS at MIA (Nov 16)","2025-11-16","2025-11","2025_11_WAS_MIA","REG","2025-11-16T14:30:00Z",FALSE,"historical",19,19,0,19,19,19
"KXNFLANYTD","KXNFLANYTD-25NOV13NYJNE","NYJ at NE (Nov 13)","2025-11-13","2025-11","2025_11_NYJ_NE","REG","2025-11-14T01:15:00Z",FALSE,"historical",18,16,2,18,16,18
"KXNFLANYTD","KXNFLANYTD-25NOV10PHIGB","PHI at GB (Nov 10)","2025-11-10","2025-11","2025_10_PHI_GB","REG","2025-11-11T01:15:00Z",FALSE,"historical",20,20,0,20,20,20
"KXNFLANYTD","KXNFLANYTD-25NOV09PITLAC","PIT at LAC (Nov 9)","2025-11-09","2025-11","2025_10_PIT_LAC","REG","2025-11-10T01:20:00Z",FALSE,"historical",19,19,0,19,19,19
"KXNFLANYTD","KXNFLANYTD-25NOV09LASF","LA at SF (Nov 9)","2025-11-09","2025-11","2025_10_LA_SF","REG","2025-11-09T21:25:00Z",FALSE,"historical",18,18,0,18,18,17
"KXNFLANYTD","KXNFLANYTD-25NOV09DETWAS","DET at WAS (Nov 9)","2025-11-09","2025-11","2025_10_DET_WAS","REG","2025-11-09T21:25:00Z",FALSE,"historical",19,19,0,19,19,18
"KXNFLANYTD","KXNFLANYTD-25NOV09ARISEA","ARI at SEA (Nov 9)","2025-11-09","2025-11","2025_10_ARI_SEA","REG","2025-11-09T21:05:00Z",FALSE,"historical",16,15,1,16,15,13
"KXNFLANYTD","KXNFLANYTD-25NOV09NYGCHI","NYG at CHI (Nov 9)","2025-11-09","2025-11","2025_10_NYG_CHI","REG","2025-11-09T18:00:00Z",FALSE,"historical",18,18,0,18,18,17
"KXNFLANYTD","KXNFLANYTD-25NOV09NOCAR","NO at CAR (Nov 9)","2025-11-09","2025-11","2025_10_NO_CAR","REG","2025-11-09T18:00:00Z",FALSE,"historical",19,19,0,19,19,18
"KXNFLANYTD","KXNFLANYTD-25NOV09NETB","NE at TB (Nov 9)","2025-11-09","2025-11","2025_10_NE_TB","REG","2025-11-09T18:00:00Z",FALSE,"historical",18,18,0,18,18,17
"KXNFLANYTD","KXNFLANYTD-25NOV09JACHOU","JAC at HOU (Nov 9)","2025-11-09","2025-11","2025_10_JAX_HOU","REG","2025-11-09T18:00:00Z",TRUE,"historical",19,19,0,19,19,19
"KXNFLANYTD","KXNFLANYTD-25NOV09CLENYJ","CLE at NYJ (Nov 9)","2025-11-09","2025-11","2025_10_CLE_NYJ","REG","2025-11-09T18:00:00Z",FALSE,"historical",15,14,1,15,14,14
"KXNFLANYTD","KXNFLANYTD-25NOV09BUFMIA","BUF at MIA (Nov 9)","2025-11-09","2025-11","2025_10_BUF_MIA","REG","2025-11-09T18:00:00Z",FALSE,"historical",17,17,0,17,17,16
"KXNFLANYTD","KXNFLANYTD-25NOV09BALMIN","BAL at MIN (Nov 9)","2025-11-09","2025-11","2025_10_BAL_MIN","REG","2025-11-09T18:00:00Z",FALSE,"historical",20,20,0,20,20,20
"KXNFLANYTD","KXNFLANYTD-25NOV09ATLIND","ATL at IND (Nov 9)","2025-11-09","2025-11","2025_10_ATL_IND","REG","2025-11-09T14:30:00Z",FALSE,"historical",18,18,0,18,18,17
"KXNFLANYTD","KXNFLANYTD-25NOV06LVDEN","LV at DEN (Nov 6)","2025-11-06","2025-11","2025_10_LV_DEN","REG","2025-11-07T01:15:00Z",FALSE,"historical",20,20,0,20,20,20
"KXNFLANYTD","KXNFLANYTD-25NOV03ARIDAL","ARI at DAL (Nov 3)","2025-11-03","2025-11","2025_09_ARI_DAL","REG","2025-11-04T01:15:00Z",FALSE,"historical",19,17,2,19,17,19
"KXNFLANYTD","KXNFLANYTD-25NOV02SEAWAS","SEA at WAS (Nov 2)","2025-11-02","2025-11","2025_09_SEA_WAS","REG","2025-11-03T01:20:00Z",FALSE,"historical",18,17,1,18,17,18
"KXNFLANYTD","KXNFLANYTD-25NOV02KCBUF","KC at BUF (Nov 2)","2025-11-02","2025-11","2025_09_KC_BUF","REG","2025-11-02T21:25:00Z",FALSE,"historical",19,19,0,19,19,19
"KXNFLANYTD","KXNFLANYTD-25NOV02NOLA","NO at LA (Nov 2)","2025-11-02","2025-11","2025_09_NO_LA","REG","2025-11-02T21:05:00Z",FALSE,"historical",18,18,0,18,18,17
"KXNFLANYTD","KXNFLANYTD-25NOV02JACLV","JAC at LV (Nov 2)","2025-11-02","2025-11","2025_09_JAX_LV","REG","2025-11-02T21:05:00Z",FALSE,"historical",17,17,0,17,17,17
"KXNFLANYTD","KXNFLANYTD-25NOV02SFNYG","SF at NYG (Nov 2)","2025-11-02","2025-11","2025_09_SF_NYG","REG","2025-11-02T18:00:00Z",FALSE,"historical",16,16,0,16,16,15
"KXNFLANYTD","KXNFLANYTD-25NOV02MINDET","MIN at DET (Nov 2)","2025-11-02","2025-11","2025_09_MIN_DET","REG","2025-11-02T18:00:00Z",FALSE,"historical",20,20,0,20,20,20
"KXNFLANYTD","KXNFLANYTD-25NOV02LACTEN","LAC at TEN (Nov 2)","2025-11-02","2025-11","2025_09_LAC_TEN","REG","2025-11-02T18:00:00Z",FALSE,"historical",18,18,0,18,18,17
"KXNFLANYTD","KXNFLANYTD-25NOV02INDPIT","IND at PIT (Nov 2)","2025-11-02","2025-11","2025_09_IND_PIT","REG","2025-11-02T18:00:00Z",FALSE,"historical",19,19,0,19,19,19
"KXNFLANYTD","KXNFLANYTD-25NOV02DENHOU","DEN at HOU (Nov 2)","2025-11-02","2025-11","2025_09_DEN_HOU","REG","2025-11-02T18:00:00Z",FALSE,"historical",18,18,0,18,18,18
"KXNFLANYTD","KXNFLANYTD-25NOV02CHICIN","CHI at CIN (Nov 2)","2025-11-02","2025-11","2025_09_CHI_CIN","REG","2025-11-02T18:00:00Z",FALSE,"historical",18,18,0,18,18,18
"KXNFLANYTD","KXNFLANYTD-25NOV02CARGB","CAR at GB (Nov 2)","2025-11-02","2025-11","2025_09_CAR_GB","REG","2025-11-02T18:00:00Z",FALSE,"historical",21,21,0,21,21,20
"KXNFLANYTD","KXNFLANYTD-25NOV02ATLNE","ATL at NE (Nov 2)","2025-11-02","2025-11","2025_09_ATL_NE","REG","2025-11-02T18:00:00Z",FALSE,"historical",20,20,0,20,20,19
"KXNFLANYTD","KXNFLANYTD-25OCT30BALMIA","BAL at MIA (Oct 30)","2025-10-30","2025-10","2025_09_BAL_MIA","REG","2025-10-31T00:15:00Z",FALSE,"historical",19,19,0,19,19,19
"KXNFLANYTD","KXNFLANYTD-25OCT27WASKC","WAS at KC (Oct 27)","2025-10-27","2025-10","2025_08_WAS_KC","REG","2025-10-28T00:15:00Z",FALSE,"historical",22,22,0,22,22,22
"KXNFLANYTD","KXNFLANYTD-25OCT26GBPIT","GB at PIT (Oct 26)","2025-10-26","2025-10","2025_08_GB_PIT","REG","2025-10-27T00:20:00Z",FALSE,"historical",20,20,0,20,20,20
"KXNFLANYTD","KXNFLANYTD-25OCT26TENIND","TEN at IND (Oct 26)","2025-10-26","2025-10","2025_08_TEN_IND","REG","2025-10-26T20:25:00Z",TRUE,"historical",20,20,0,20,20,20
"KXNFLANYTD","KXNFLANYTD-25OCT26DALDEN","DAL at DEN (Oct 26)","2025-10-26","2025-10","2025_08_DAL_DEN","REG","2025-10-26T20:25:00Z",FALSE,"historical",18,18,0,18,18,18
"KXNFLANYTD","KXNFLANYTD-25OCT26TBNO","TB at NO (Oct 26)","2025-10-26","2025-10","2025_08_TB_NO","REG","2025-10-26T20:05:00Z",FALSE,"historical",18,18,0,18,18,18
"KXNFLANYTD","KXNFLANYTD-25OCT26SFHOU","SF at HOU (Oct 26)","2025-10-26","2025-10","2025_08_SF_HOU","REG","2025-10-26T17:00:00Z",FALSE,"historical",18,18,0,18,18,18
"KXNFLANYTD","KXNFLANYTD-25OCT26NYJCIN","NYJ at CIN (Oct 26)","2025-10-26","2025-10","2025_08_NYJ_CIN","REG","2025-10-26T17:00:00Z",FALSE,"historical",17,15,2,17,15,16
"KXNFLANYTD","KXNFLANYTD-25OCT26NYGPHI","NYG at PHI (Oct 26)","2025-10-26","2025-10","2025_08_NYG_PHI","REG","2025-10-26T17:00:00Z",FALSE,"historical",17,16,1,17,16,16
"KXNFLANYTD","KXNFLANYTD-25OCT26MIAATL","MIA at ATL (Oct 26)","2025-10-26","2025-10","2025_08_MIA_ATL","REG","2025-10-26T17:00:00Z",FALSE,"historical",17,16,1,17,16,16
"KXNFLANYTD","KXNFLANYTD-25OCT26CLENE","CLE at NE (Oct 26)","2025-10-26","2025-10","2025_08_CLE_NE","REG","2025-10-26T17:00:00Z",FALSE,"historical",21,21,0,21,21,19
"KXNFLANYTD","KXNFLANYTD-25OCT26CHIBAL","CHI at BAL (Oct 26)","2025-10-26","2025-10","2025_08_CHI_BAL","REG","2025-10-26T17:00:00Z",FALSE,"historical",19,18,1,19,18,18
"KXNFLANYTD","KXNFLANYTD-25OCT26BUFCAR","BUF at CAR (Oct 26)","2025-10-26","2025-10","2025_08_BUF_CAR","REG","2025-10-26T17:00:00Z",FALSE,"historical",19,19,0,19,19,18
"KXNFLANYTD","KXNFLANYTD-25OCT23MINLAC","MIN at LAC (Oct 23)","2025-10-23","2025-10","2025_08_MIN_LAC","REG","2025-10-24T00:15:00Z",FALSE,"historical",20,19,1,20,19,20
"KXNFLANYTD","KXNFLANYTD-25OCT20HOUSEA","HOU at SEA (Oct 20)","2025-10-20","2025-10","2025_07_HOU_SEA","REG","2025-10-21T02:00:00Z",TRUE,"historical",19,18,1,19,18,18
"KXNFLANYTD","KXNFLANYTD-25OCT20TBDET","TB at DET (Oct 20)","2025-10-20","2025-10","2025_07_TB_DET","REG","2025-10-20T23:00:00Z",FALSE,"historical",19,19,0,19,19,19
"KXNFLANYTD","KXNFLANYTD-25OCT19ATLSF","ATL at SF (Oct 19)","2025-10-19","2025-10","2025_07_ATL_SF","REG","2025-10-20T00:20:00Z",FALSE,"historical",17,16,1,17,16,17
"KXNFLANYTD","KXNFLANYTD-25OCT19WASDAL","WAS at DAL (Oct 19)","2025-10-19","2025-10","2025_07_WAS_DAL","REG","2025-10-19T20:25:00Z",FALSE,"historical",16,16,0,16,16,16
"KXNFLANYTD","KXNFLANYTD-25OCT19GBARI","GB at ARI (Oct 19)","2025-10-19","2025-10","2025_07_GB_ARI","REG","2025-10-19T20:25:00Z",FALSE,"historical",17,17,0,17,17,17
"KXNFLANYTD","KXNFLANYTD-25OCT19NYGDEN","NYG at DEN (Oct 19)","2025-10-19","2025-10","2025_07_NYG_DEN","REG","2025-10-19T20:05:00Z",FALSE,"historical",20,20,0,20,20,20
"KXNFLANYTD","KXNFLANYTD-25OCT19INDLAC","IND at LAC (Oct 19)","2025-10-19","2025-10","2025_07_IND_LAC","REG","2025-10-19T20:05:00Z",FALSE,"historical",18,18,0,18,18,18
"KXNFLANYTD","KXNFLANYTD-25OCT19PHIMIN","PHI at MIN (Oct 19)","2025-10-19","2025-10","2025_07_PHI_MIN","REG","2025-10-19T17:00:00Z",FALSE,"historical",16,16,0,16,16,16
"KXNFLANYTD","KXNFLANYTD-25OCT19NOCHI","NO at CHI (Oct 19)","2025-10-19","2025-10","2025_07_NO_CHI","REG","2025-10-19T17:00:00Z",FALSE,"historical",15,15,0,15,15,15
"KXNFLANYTD","KXNFLANYTD-25OCT19NETEN","NE at TEN (Oct 19)","2025-10-19","2025-10","2025_07_NE_TEN","REG","2025-10-19T17:00:00Z",FALSE,"historical",18,18,0,18,18,18
"KXNFLANYTD","KXNFLANYTD-25OCT19MIACLE","MIA at CLE (Oct 19)","2025-10-19","2025-10","2025_07_MIA_CLE","REG","2025-10-19T17:00:00Z",FALSE,"historical",17,17,0,17,17,17
"KXNFLANYTD","KXNFLANYTD-25OCT19LVKC","LV at KC (Oct 19)","2025-10-19","2025-10","2025_07_LV_KC","REG","2025-10-19T17:00:00Z",FALSE,"historical",20,20,0,20,20,20
"KXNFLANYTD","KXNFLANYTD-25OCT19CARNYJ","CAR at NYJ (Oct 19)","2025-10-19","2025-10","2025_07_CAR_NYJ","REG","2025-10-19T17:00:00Z",FALSE,"historical",15,14,1,15,14,15
"KXNFLANYTD","KXNFLANYTD-25OCT19LAJAC","LA at JAC (Oct 19)","2025-10-19","2025-10","2025_07_LA_JAX","REG","2025-10-19T13:30:00Z",FALSE,"historical",18,18,0,18,18,18
"KXNFLANYTD","KXNFLANYTD-25OCT16PITCIN","PIT at CIN (Oct 16)","2025-10-16","2025-10","2025_07_PIT_CIN","REG","2025-10-17T00:15:00Z",FALSE,"historical",18,18,0,18,18,18
"KXNFLANYTD","KXNFLANYTD-25OCT13CHIWAS","CHI at WAS (Oct 13)","2025-10-13","2025-10","2025_06_CHI_WAS","REG","2025-10-14T00:15:00Z",FALSE,"historical",18,17,1,18,17,18
"KXNFLANYTD","KXNFLANYTD-25OCT13BUFATL","BUF at ATL (Oct 13)","2025-10-13","2025-10","2025_06_BUF_ATL","REG","2025-10-13T23:15:00Z",FALSE,"historical",17,16,1,17,16,17
"KXNFLANYTD","KXNFLANYTD-25OCT12DETKC","DET at KC (Oct 12)","2025-10-12","2025-10","2025_06_DET_KC","REG","2025-10-13T00:20:00Z",FALSE,"historical",21,21,0,21,21,21
"KXNFLANYTD","KXNFLANYTD-25OCT12SFTB","SF at TB (Oct 12)","2025-10-12","2025-10","2025_06_SF_TB","REG","2025-10-12T20:25:00Z",FALSE,"historical",14,13,1,14,13,13
"KXNFLANYTD","KXNFLANYTD-25OCT12CINGB","CIN at GB (Oct 12)","2025-10-12","2025-10","2025_06_CIN_GB","REG","2025-10-12T20:25:00Z",FALSE,"historical",18,18,0,18,18,18
"KXNFLANYTD","KXNFLANYTD-25OCT12TENLV","TEN at LV (Oct 12)","2025-10-12","2025-10","2025_06_TEN_LV","REG","2025-10-12T20:05:00Z",FALSE,"historical",17,17,0,17,17,17
"KXNFLANYTD","KXNFLANYTD-25OCT12SEAJAC","SEA at JAC (Oct 12)","2025-10-12","2025-10","2025_06_SEA_JAX","REG","2025-10-12T17:00:00Z",TRUE,"historical",18,18,0,18,18,18
"KXNFLANYTD","KXNFLANYTD-25OCT12NENO","NE at NO (Oct 12)","2025-10-12","2025-10","2025_06_NE_NO","REG","2025-10-12T17:00:00Z",FALSE,"historical",17,17,0,17,17,16
"KXNFLANYTD","KXNFLANYTD-25OCT12LACMIA","LAC at MIA (Oct 12)","2025-10-12","2025-10","2025_06_LAC_MIA","REG","2025-10-12T17:00:00Z",FALSE,"historical",18,18,0,18,18,18
"KXNFLANYTD","KXNFLANYTD-25OCT12LABAL","LA at BAL (Oct 12)","2025-10-12","2025-10","2025_06_LA_BAL","REG","2025-10-12T17:00:00Z",FALSE,"historical",20,20,0,20,20,20
"KXNFLANYTD","KXNFLANYTD-25OCT12DALCAR","DAL at CAR (Oct 12)","2025-10-12","2025-10","2025_06_DAL_CAR","REG","2025-10-12T17:00:00Z",FALSE,"historical",12,12,0,12,12,12
"KXNFLANYTD","KXNFLANYTD-25OCT12CLEPIT","CLE at PIT (Oct 12)","2025-10-12","2025-10","2025_06_CLE_PIT","REG","2025-10-12T17:00:00Z",FALSE,"historical",17,17,0,17,17,17
"KXNFLANYTD","KXNFLANYTD-25OCT12ARIIND","ARI at IND (Oct 12)","2025-10-12","2025-10","2025_06_ARI_IND","REG","2025-10-12T17:00:00Z",FALSE,"historical",17,16,1,17,16,16
"KXNFLANYTD","KXNFLANYTD-25OCT12DENNYJ","DEN at NYJ (Oct 12)","2025-10-12","2025-10","2025_06_DEN_NYJ","REG","2025-10-12T13:30:00Z",FALSE,"historical",19,18,1,19,18,19
"KXNFLANYTD","KXNFLANYTD-25OCT09PHINYG","PHI at NYG (Oct 9)","2025-10-09","2025-10","2025_06_PHI_NYG","REG","2025-10-10T00:15:00Z",FALSE,"historical",17,16,1,17,16,17
"KXNFLANYTD","KXNFLANYTD-25OCT06KCJAC","KC at JAC (Oct 6)","2025-10-06","2025-10","2025_05_KC_JAX","REG","2025-10-07T00:15:00Z",FALSE,"historical",23,23,0,23,23,23
"KXNFLANYTD","KXNFLANYTD-25OCT05NEBUF","NE at BUF (Oct 5)","2025-10-05","2025-10","2025_05_NE_BUF","REG","2025-10-06T00:20:00Z",FALSE,"historical",22,21,1,22,21,22
"KXNFLANYTD","KXNFLANYTD-25OCT05WASLAC","WAS at LAC (Oct 5)","2025-10-05","2025-10","2025_05_WAS_LAC","REG","2025-10-05T20:25:00Z",FALSE,"historical",21,21,0,21,21,19
"KXNFLANYTD","KXNFLANYTD-25OCT05DETCIN","DET at CIN (Oct 5)","2025-10-05","2025-10","2025_05_DET_CIN","REG","2025-10-05T20:25:00Z",FALSE,"historical",21,21,0,21,21,19
"KXNFLANYTD","KXNFLANYTD-25OCT05TENARI","TEN at ARI (Oct 5)","2025-10-05","2025-10","2025_05_TEN_ARI","REG","2025-10-05T20:05:00Z",FALSE,"historical",21,20,1,21,20,20
"KXNFLANYTD","KXNFLANYTD-25OCT05TBSEA","TB at SEA (Oct 5)","2025-10-05","2025-10","2025_05_TB_SEA","REG","2025-10-05T20:05:00Z",FALSE,"historical",20,20,0,20,20,18
"KXNFLANYTD","KXNFLANYTD-25OCT05NYGNO","NYG at NO (Oct 5)","2025-10-05","2025-10","2025_05_NYG_NO","REG","2025-10-05T17:00:00Z",FALSE,"historical",18,17,1,18,17,17
"KXNFLANYTD","KXNFLANYTD-25OCT05MIACAR","MIA at CAR (Oct 5)","2025-10-05","2025-10","2025_05_MIA_CAR","REG","2025-10-05T17:00:00Z",FALSE,"historical",19,17,2,19,17,18
"KXNFLANYTD","KXNFLANYTD-25OCT05LVIND","LV at IND (Oct 5)","2025-10-05","2025-10","2025_05_LV_IND","REG","2025-10-05T17:00:00Z",FALSE,"historical",18,17,1,18,17,17
"KXNFLANYTD","KXNFLANYTD-25OCT05HOUBAL","HOU at BAL (Oct 5)","2025-10-05","2025-10","2025_05_HOU_BAL","REG","2025-10-05T17:00:00Z",FALSE,"historical",23,22,1,23,22,21
"KXNFLANYTD","KXNFLANYTD-25OCT05DENPHI","DEN at PHI (Oct 5)","2025-10-05","2025-10","2025_05_DEN_PHI","REG","2025-10-05T17:00:00Z",FALSE,"historical",21,21,0,21,21,21
"KXNFLANYTD","KXNFLANYTD-25OCT05DALNYJ","DAL at NYJ (Oct 5)","2025-10-05","2025-10","2025_05_DAL_NYJ","REG","2025-10-05T17:00:00Z",FALSE,"historical",16,14,2,16,14,14
"KXNFLANYTD","KXNFLANYTD-25OCT05MINCLE","MIN at CLE (Oct 5)","2025-10-05","2025-10","2025_05_MIN_CLE","REG","2025-10-05T13:30:00Z",FALSE,"historical",21,19,2,21,19,19
"KXNFLANYTD","KXNFLANYTD-25OCT02SFLA","SF at LA (Oct 2)","2025-10-02","2025-10","2025_05_SF_LA","REG","2025-10-03T00:15:00Z",FALSE,"historical",24,20,4,24,20,24
"KXNFLANYTD","KXNFLANYTD-25SEP29CINDEN","CIN at DEN (Sep 29)","2025-09-29","2025-09","2025_04_CIN_DEN","REG","2025-09-30T00:15:00Z",FALSE,"historical",20,20,0,20,20,20
"KXNFLANYTD","KXNFLANYTD-25SEP29NYJMIA","NYJ at MIA (Sep 29)","2025-09-29","2025-09","2025_04_NYJ_MIA","REG","2025-09-29T23:15:00Z",FALSE,"historical",19,19,0,19,19,19
"KXNFLANYTD","KXNFLANYTD-25SEP28GBDAL","GB at DAL (Sep 28)","2025-09-28","2025-09","2025_04_GB_DAL","REG","2025-09-29T00:20:00Z",FALSE,"historical",17,17,0,17,17,17
"KXNFLANYTD","KXNFLANYTD-25SEP28CHILV","CHI at LV (Sep 28)","2025-09-28","2025-09","2025_04_CHI_LV","REG","2025-09-28T20:25:00Z",FALSE,"historical",19,18,1,19,18,18
"KXNFLANYTD","KXNFLANYTD-25SEP28BALKC","BAL at KC (Sep 28)","2025-09-28","2025-09","2025_04_BAL_KC","REG","2025-09-28T20:25:00Z",TRUE,"historical",24,24,0,24,24,22
"KXNFLANYTD","KXNFLANYTD-25SEP28JACSF","JAC at SF (Sep 28)","2025-09-28","2025-09","2025_04_JAX_SF","REG","2025-09-28T20:05:00Z",FALSE,"historical",21,21,0,21,21,21
"KXNFLANYTD","KXNFLANYTD-25SEP28INDLA","IND at LA (Sep 28)","2025-09-28","2025-09","2025_04_IND_LA","REG","2025-09-28T20:05:00Z",FALSE,"historical",20,20,0,20,20,19
"KXNFLANYTD","KXNFLANYTD-25SEP28WASATL","WAS at ATL (Sep 28)","2025-09-28","2025-09","2025_04_WAS_ATL","REG","2025-09-28T17:00:00Z",FALSE,"historical",19,19,0,19,19,19
"KXNFLANYTD","KXNFLANYTD-25SEP28TENHOU","TEN at HOU (Sep 28)","2025-09-28","2025-09","2025_04_TEN_HOU","REG","2025-09-28T17:00:00Z",FALSE,"historical",21,21,0,21,21,21
"KXNFLANYTD","KXNFLANYTD-25SEP28PHITB","PHI at TB (Sep 28)","2025-09-28","2025-09","2025_04_PHI_TB","REG","2025-09-28T17:00:00Z",FALSE,"historical",19,19,0,19,19,19
"KXNFLANYTD","KXNFLANYTD-25SEP28NOBUF","NO at BUF (Sep 28)","2025-09-28","2025-09","2025_04_NO_BUF","REG","2025-09-28T17:00:00Z",FALSE,"historical",20,20,0,20,20,18
"KXNFLANYTD","KXNFLANYTD-25SEP28LACNYG","LAC at NYG (Sep 28)","2025-09-28","2025-09","2025_04_LAC_NYG","REG","2025-09-28T17:00:00Z",FALSE,"historical",20,20,0,20,20,20
"KXNFLANYTD","KXNFLANYTD-25SEP28CLEDET","CLE at DET (Sep 28)","2025-09-28","2025-09","2025_04_CLE_DET","REG","2025-09-28T17:00:00Z",FALSE,"historical",22,22,0,22,22,21
"KXNFLANYTD","KXNFLANYTD-25SEP28CARNE","CAR at NE (Sep 28)","2025-09-28","2025-09","2025_04_CAR_NE","REG","2025-09-28T17:00:00Z",FALSE,"historical",19,19,0,19,19,18
"KXNFLANYTD","KXNFLANYTD-25SEP28MINPIT","MIN at PIT (Sep 28)","2025-09-28","2025-09","2025_04_MIN_PIT","REG","2025-09-28T13:30:00Z",FALSE,"historical",19,18,1,19,18,19
"KXNFLANYTD","KXNFLANYTD-25SEP25SEAARI","SEA at ARI (Sep 25)","2025-09-25","2025-09","2025_04_SEA_ARI","REG","2025-09-26T00:15:00Z",FALSE,"historical",20,19,1,20,19,20
"KXNFLANYTD","KXNFLANYTD-25SEP22DETBAL","DET at BAL (Sep 22)","2025-09-22","2025-09","2025_03_DET_BAL","REG","2025-09-23T00:15:00Z",FALSE,"historical",21,21,0,21,21,21
"KXNFLANYTD","KXNFLANYTD-25SEP21KCNYG","KC at NYG (Sep 21)","2025-09-21","2025-09","2025_03_KC_NYG","REG","2025-09-22T00:20:00Z",FALSE,"historical",21,21,0,21,21,21
"KXNFLANYTD","KXNFLANYTD-25SEP21DALCHI","DAL at CHI (Sep 21)","2025-09-21","2025-09","2025_03_DAL_CHI","REG","2025-09-21T20:25:00Z",FALSE,"historical",19,19,0,19,19,19
"KXNFLANYTD","KXNFLANYTD-25SEP21ARISF","ARI at SF (Sep 21)","2025-09-21","2025-09","2025_03_ARI_SF","REG","2025-09-21T20:25:00Z",FALSE,"historical",19,18,1,19,18,19
"KXNFLANYTD","KXNFLANYTD-25SEP21NOSEA","NO at SEA (Sep 21)","2025-09-21","2025-09","2025_03_NO_SEA","REG","2025-09-21T20:05:00Z",FALSE,"historical",20,19,1,20,19,18
"KXNFLANYTD","KXNFLANYTD-25SEP21DENLAC","DEN at LAC (Sep 21)","2025-09-21","2025-09","2025_03_DEN_LAC","REG","2025-09-21T20:05:00Z",FALSE,"historical",20,19,1,20,19,20
"KXNFLANYTD","KXNFLANYTD-25SEP21PITNE","PIT at NE (Sep 21)","2025-09-21","2025-09","2025_03_PIT_NE","REG","2025-09-21T17:00:00Z",FALSE,"historical",21,21,0,21,21,20
"KXNFLANYTD","KXNFLANYTD-25SEP21NYJTB","NYJ at TB (Sep 21)","2025-09-21","2025-09","2025_03_NYJ_TB","REG","2025-09-21T17:00:00Z",FALSE,"historical",18,18,0,18,18,17
"KXNFLANYTD","KXNFLANYTD-25SEP21LVWAS","LV at WAS (Sep 21)","2025-09-21","2025-09","2025_03_LV_WAS","REG","2025-09-21T17:00:00Z",FALSE,"historical",20,20,0,20,20,18
"KXNFLANYTD","KXNFLANYTD-25SEP21LAPHI","LA at PHI (Sep 21)","2025-09-21","2025-09","2025_03_LA_PHI","REG","2025-09-21T17:00:00Z",FALSE,"historical",22,22,0,22,22,21
"KXNFLANYTD","KXNFLANYTD-25SEP21INDTEN","IND at TEN (Sep 21)","2025-09-21","2025-09","2025_03_IND_TEN","REG","2025-09-21T17:00:00Z",FALSE,"historical",19,19,0,19,19,18
"KXNFLANYTD","KXNFLANYTD-25SEP21HOUJAC","HOU at JAC (Sep 21)","2025-09-21","2025-09","2025_03_HOU_JAX","REG","2025-09-21T17:00:00Z",FALSE,"historical",21,21,0,21,21,19
"KXNFLANYTD","KXNFLANYTD-25SEP21GBCLE","GB at CLE (Sep 21)","2025-09-21","2025-09","2025_03_GB_CLE","REG","2025-09-21T17:00:00Z",FALSE,"historical",22,22,0,22,22,20
"KXNFLANYTD","KXNFLANYTD-25SEP21CINMIN","CIN at MIN (Sep 21)","2025-09-21","2025-09","2025_03_CIN_MIN","REG","2025-09-21T17:00:00Z",FALSE,"historical",18,18,0,18,18,16
"KXNFLANYTD","KXNFLANYTD-25SEP21ATLCAR","ATL at CAR (Sep 21)","2025-09-21","2025-09","2025_03_ATL_CAR","REG","2025-09-21T17:00:00Z",FALSE,"historical",20,19,1,20,19,20
"KXNFLANYTD","KXNFLANYTD-25SEP18MIABUF","MIA at BUF (Sep 18)","2025-09-18","2025-09","2025_03_MIA_BUF","REG","2025-09-19T00:15:00Z",TRUE,"historical",23,23,0,23,23,23
"KXNFLANYTD","KXNFLANYTD-25SEP15LACLV","LAC at LV (Sep 15)","2025-09-15","2025-09","2025_02_LAC_LV","REG","2025-09-16T02:00:00Z",FALSE,"historical",19,19,0,19,19,19
"KXNFLANYTD","KXNFLANYTD-25SEP15TBHOU","TB at HOU (Sep 15)","2025-09-15","2025-09","2025_02_TB_HOU","REG","2025-09-15T23:00:00Z",FALSE,"historical",19,17,2,19,17,18
"KXNFLANYTD","KXNFLANYTD-25SEP14ATLMIN","ATL at MIN (Sep 14)","2025-09-14","2025-09","2025_02_ATL_MIN","REG","2025-09-15T00:20:00Z",FALSE,"historical",17,16,1,17,16,17
"KXNFLANYTD","KXNFLANYTD-25SEP14PHIKC","PHI at KC (Sep 14)","2025-09-14","2025-09","2025_02_PHI_KC","REG","2025-09-14T20:25:00Z",FALSE,"historical",15,14,1,15,14,14
"KXNFLANYTD","KXNFLANYTD-25SEP14DENIND","DEN at IND (Sep 14)","2025-09-14","2025-09","2025_02_DEN_IND","REG","2025-09-14T20:05:00Z",FALSE,"historical",18,18,0,18,18,16
"KXNFLANYTD","KXNFLANYTD-25SEP14CARARI","CAR at ARI (Sep 14)","2025-09-14","2025-09","2025_02_CAR_ARI","REG","2025-09-14T20:05:00Z",FALSE,"historical",18,18,0,18,18,17
"KXNFLANYTD","KXNFLANYTD-25SEP14SFNO","SF at NO (Sep 14)","2025-09-14","2025-09","2025_02_SF_NO","REG","2025-09-14T17:00:00Z",FALSE,"historical",15,13,2,15,13,13
"KXNFLANYTD","KXNFLANYTD-25SEP14SEAPIT","SEA at PIT (Sep 14)","2025-09-14","2025-09","2025_02_SEA_PIT","REG","2025-09-14T17:00:00Z",FALSE,"historical",17,17,0,17,17,16
"KXNFLANYTD","KXNFLANYTD-25SEP14NYGDAL","NYG at DAL (Sep 14)","2025-09-14","2025-09","2025_02_NYG_DAL","REG","2025-09-14T17:00:00Z",FALSE,"historical",18,18,0,18,18,18
"KXNFLANYTD","KXNFLANYTD-25SEP14NEMIA","NE at MIA (Sep 14)","2025-09-14","2025-09","2025_02_NE_MIA","REG","2025-09-14T17:00:00Z",TRUE,"historical",18,18,0,18,18,17
"KXNFLANYTD","KXNFLANYTD-25SEP14LATEN","LA at TEN (Sep 14)","2025-09-14","2025-09","2025_02_LA_TEN","REG","2025-09-14T17:00:00Z",FALSE,"historical",18,18,0,18,18,17
"KXNFLANYTD","KXNFLANYTD-25SEP14JACCIN","JAC at CIN (Sep 14)","2025-09-14","2025-09","2025_02_JAX_CIN","REG","2025-09-14T17:00:00Z",FALSE,"historical",18,18,0,18,18,17
"KXNFLANYTD","KXNFLANYTD-25SEP14CLEBAL","CLE at BAL (Sep 14)","2025-09-14","2025-09","2025_02_CLE_BAL","REG","2025-09-14T17:00:00Z",FALSE,"historical",20,19,1,20,19,19
"KXNFLANYTD","KXNFLANYTD-25SEP14CHIDET","CHI at DET (Sep 14)","2025-09-14","2025-09","2025_02_CHI_DET","REG","2025-09-14T17:00:00Z",FALSE,"historical",18,18,0,18,18,17
"KXNFLANYTD","KXNFLANYTD-25SEP14BUFNYJ","BUF at NYJ (Sep 14)","2025-09-14","2025-09","2025_02_BUF_NYJ","REG","2025-09-14T17:00:00Z",FALSE,"historical",17,16,1,17,16,17
"KXNFLANYTD","KXNFLANYTD-25SEP11WASGB","WAS at GB (Sep 11)","2025-09-11","2025-09","2025_02_WAS_GB","REG","2025-09-12T00:15:00Z",FALSE,"historical",18,18,0,18,18,18
"KXNFLANYTD","KXNFLANYTD-25SEP08MINCHI","MIN at CHI (Sep 8)","2025-09-08","2025-09","2025_01_MIN_CHI","REG","2025-09-09T00:15:00Z",FALSE,"historical",24,22,2,24,22,23
"KXNFLANYTD","KXNFLANYTD-25SEP07BALBUF","BAL at BUF (Sep 7)","2025-09-07","2025-09","2025_01_BAL_BUF","REG","2025-09-08T00:20:00Z",FALSE,"historical",25,21,4,25,21,25
"KXNFLANYTD","KXNFLANYTD-25SEP07HOULA","HOU at LA (Sep 7)","2025-09-07","2025-09","2025_01_HOU_LA","REG","2025-09-07T20:25:00Z",FALSE,"historical",24,22,2,24,22,22
"KXNFLANYTD","KXNFLANYTD-25SEP07DETGB","DET at GB (Sep 7)","2025-09-07","2025-09","2025_01_DET_GB","REG","2025-09-07T20:25:00Z",FALSE,"historical",23,21,2,23,21,23
"KXNFLANYTD","KXNFLANYTD-25SEP07TENDEN","TEN at DEN (Sep 7)","2025-09-07","2025-09","2025_01_TEN_DEN","REG","2025-09-07T20:05:00Z",FALSE,"historical",22,19,3,22,19,20
"KXNFLANYTD","KXNFLANYTD-25SEP07SFSEA","SF at SEA (Sep 7)","2025-09-07","2025-09","2025_01_SF_SEA","REG","2025-09-07T20:05:00Z",FALSE,"historical",21,19,2,21,19,20
"KXNFLANYTD","KXNFLANYTD-25SEP07TBATL","TB at ATL (Sep 7)","2025-09-07","2025-09","2025_01_TB_ATL","REG","2025-09-07T17:00:00Z",FALSE,"historical",24,23,1,24,23,23
"KXNFLANYTD","KXNFLANYTD-25SEP07PITNYJ","PIT at NYJ (Sep 7)","2025-09-07","2025-09","2025_01_PIT_NYJ","REG","2025-09-07T17:00:00Z",FALSE,"historical",24,20,4,24,20,22
"KXNFLANYTD","KXNFLANYTD-25SEP07NYGWAS","NYG at WAS (Sep 7)","2025-09-07","2025-09","2025_01_NYG_WAS","REG","2025-09-07T17:00:00Z",FALSE,"historical",26,23,3,26,23,23
"KXNFLANYTD","KXNFLANYTD-25SEP07MIAIND","MIA at IND (Sep 7)","2025-09-07","2025-09","2025_01_MIA_IND","REG","2025-09-07T17:00:00Z",FALSE,"historical",24,23,1,24,23,21
"KXNFLANYTD","KXNFLANYTD-25SEP07LVNE","LV at NE (Sep 7)","2025-09-07","2025-09","2025_01_LV_NE","REG","2025-09-07T17:00:00Z",FALSE,"historical",23,22,1,23,22,21
"KXNFLANYTD","KXNFLANYTD-25SEP07CINCLE","CIN at CLE (Sep 7)","2025-09-07","2025-09","2025_01_CIN_CLE","REG","2025-09-07T17:00:00Z",FALSE,"historical",22,20,2,22,20,19
"KXNFLANYTD","KXNFLANYTD-25SEP07CARJAC","CAR at JAC (Sep 7)","2025-09-07","2025-09","2025_01_CAR_JAX","REG","2025-09-07T17:00:00Z",FALSE,"historical",22,21,1,22,21,21
"KXNFLANYTD","KXNFLANYTD-25SEP07ARINO","ARI at NO (Sep 7)","2025-09-07","2025-09","2025_01_ARI_NO","REG","2025-09-07T17:00:00Z",FALSE,"historical",20,20,0,20,20,19
"KXNFLANYTD","KXNFLANYTD-25SEP05KCLAC","KC at LAC (Sep 5)","2025-09-05","2025-09","2025_01_KC_LAC","REG","2025-09-06T00:00:00Z",FALSE,"historical",23,23,0,23,23,22
"KXNFLANYTD","KXNFLANYTD-25SEP04DALPHI","DAL at PHI (Sep 4)","2025-09-04","2025-09","2025_01_DAL_PHI","REG","2025-09-05T00:20:00Z",FALSE,"historical",23,23,0,23,23,23
"KXNFLTD","KXNFLTD-26SEP28PHICHI","PHI vs CHI (Sep 28)","2026-09-28","2026-09","2026_03_PHI_CHI","REG","2026-09-29T00:15:00Z",FALSE,"live",51,50,1,24,23,51
"KXNFLTD","KXNFLTD-26SEP27LARDEN","LAR vs DEN (Sep 27)","2026-09-27","2026-09","2026_03_LA_DEN","REG","2026-09-28T00:20:00Z",FALSE,"live",51,51,0,22,22,51
"KXNFLTD","KXNFLTD-26SEP27LVNO","LV vs NO (Sep 27)","2026-09-27","2026-09","2026_03_LV_NO","REG","2026-09-27T20:25:00Z",TRUE,"live",51,51,0,24,24,51
"KXNFLTD","KXNFLTD-26SEP27BALDAL","BAL vs DAL (Sep 27)","2026-09-27","2026-09","2026_03_BAL_DAL","REG","2026-09-27T20:25:00Z",FALSE,"live",57,53,4,26,24,57
"KXNFLTD","KXNFLTD-26SEP27MINTB","MIN vs TB (Sep 27)","2026-09-27","2026-09","2026_03_MIN_TB","REG","2026-09-27T20:05:00Z",FALSE,"live",49,49,0,23,23,49
"KXNFLTD","KXNFLTD-26SEP27ARISF","ARI vs SF (Sep 27)","2026-09-27","2026-09","2026_03_ARI_SF","REG","2026-09-27T20:05:00Z",FALSE,"live",47,47,0,21,21,47
"KXNFLTD","KXNFLTD-26SEP27TENNYG","TEN vs NYG (Sep 27)","2026-09-27","2026-09","2026_03_TEN_NYG","REG","2026-09-27T17:00:00Z",FALSE,"live",48,46,2,23,22,48
"KXNFLTD","KXNFLTD-26SEP27SEAWAS","SEA vs WAS (Sep 27)","2026-09-27","2026-09","2026_03_SEA_WAS","REG","2026-09-27T17:00:00Z",FALSE,"live",52,52,0,23,23,52
"KXNFLTD","KXNFLTD-26SEP27NYJDET","NYJ vs DET (Sep 27)","2026-09-27","2026-09","2026_03_NYJ_DET","REG","2026-09-27T17:00:00Z",FALSE,"live",44,42,2,20,19,44
"KXNFLTD","KXNFLTD-26SEP27NEJAC","NE vs JAC (Sep 27)","2026-09-27","2026-09","2026_03_NE_JAX","REG","2026-09-27T17:00:00Z",FALSE,"live",53,52,1,26,25,53
"KXNFLTD","KXNFLTD-26SEP27LACBUF","LAC vs BUF (Sep 27)","2026-09-27","2026-09","2026_03_LAC_BUF","REG","2026-09-27T17:00:00Z",FALSE,"live",56,54,2,27,26,56
"KXNFLTD","KXNFLTD-26SEP27KCMIA","KC vs MIA (Sep 27)","2026-09-27","2026-09","2026_03_KC_MIA","REG","2026-09-27T17:00:00Z",FALSE,"live",47,47,0,23,23,47
"KXNFLTD","KXNFLTD-26SEP27HOUIND","HOU vs IND (Sep 27)","2026-09-27","2026-09","2026_03_HOU_IND","REG","2026-09-27T17:00:00Z",FALSE,"live",49,46,3,23,21,48
"KXNFLTD","KXNFLTD-26SEP27CINPIT","CIN vs PIT (Sep 27)","2026-09-27","2026-09","2026_03_CIN_PIT","REG","2026-09-27T17:00:00Z",FALSE,"live",51,47,4,24,22,50
"KXNFLTD","KXNFLTD-26SEP27CARCLE","CAR vs CLE (Sep 27)","2026-09-27","2026-09","2026_03_CAR_CLE","REG","2026-09-27T17:00:00Z",FALSE,"live",47,44,3,23,21,46
"KXNFLTD","KXNFLTD-26SEP24ATLGB","ATL vs GB (Sep 24)","2026-09-24","2026-09","2026_03_ATL_GB","REG","2026-09-25T00:15:00Z",TRUE,"live",51,51,0,23,23,50
"KXNFLTD","KXNFLTD-26SEP21NYGLAR","NYG vs LAR (Sep 21)","2026-09-21","2026-09","2026_02_NYG_LA","REG","2026-09-22T00:15:00Z",FALSE,"live",59,52,7,28,25,59
"KXNFLTD","KXNFLTD-26SEP20INDKC","IND vs KC (Sep 20)","2026-09-20","2026-09","2026_02_IND_KC","REG","2026-09-21T00:20:00Z",TRUE,"live",52,48,4,27,24,51
"KXNFLTD","KXNFLTD-26SEP20WASDAL","WAS vs DAL (Sep 20)","2026-09-20","2026-09","2026_02_WAS_DAL","REG","2026-09-20T20:25:00Z",FALSE,"live",60,57,3,28,26,60
"KXNFLTD","KXNFLTD-26SEP20SEAARI","SEA vs ARI (Sep 20)","2026-09-20","2026-09","2026_02_SEA_ARI","REG","2026-09-20T20:25:00Z",FALSE,"live",44,44,0,20,20,44
"KXNFLTD","KXNFLTD-26SEP20MIASF","MIA vs SF (Sep 20)","2026-09-20","2026-09","2026_02_MIA_SF","REG","2026-09-20T20:25:00Z",FALSE,"live",49,49,0,23,23,49
"KXNFLTD","KXNFLTD-26SEP20LVLAC","LV vs LAC (Sep 20)","2026-09-20","2026-09","2026_02_LV_LAC","REG","2026-09-20T20:05:00Z",FALSE,"live",50,50,0,23,23,50
"KXNFLTD","KXNFLTD-26SEP20JACDEN","JAC vs DEN (Sep 20)","2026-09-20","2026-09","2026_02_JAX_DEN","REG","2026-09-20T20:05:00Z",FALSE,"live",54,49,5,27,24,53
"KXNFLTD","KXNFLTD-26SEP20PITNE","PIT vs NE (Sep 20)","2026-09-20","2026-09","2026_02_PIT_NE","REG","2026-09-20T17:00:00Z",FALSE,"live",46,44,2,21,20,45
"KXNFLTD","KXNFLTD-26SEP20PHITEN","PHI vs TEN (Sep 20)","2026-09-20","2026-09","2026_02_PHI_TEN","REG","2026-09-20T17:00:00Z",FALSE,"live",30,30,0,21,21,30
"KXNFLTD","KXNFLTD-26SEP20NOBAL","NO vs BAL (Sep 20)","2026-09-20","2026-09","2026_02_NO_BAL","REG","2026-09-20T17:00:00Z",FALSE,"live",51,47,4,25,23,51
"KXNFLTD","KXNFLTD-26SEP20MINCHI","MIN vs CHI (Sep 20)","2026-09-20","2026-09","2026_02_MIN_CHI","REG","2026-09-20T17:00:00Z",FALSE,"live",49,47,2,23,22,48
"KXNFLTD","KXNFLTD-26SEP20GBNYJ","GB vs NYJ (Sep 20)","2026-09-20","2026-09","2026_02_GB_NYJ","REG","2026-09-20T17:00:00Z",FALSE,"live",21,21,0,13,13,21
"KXNFLTD","KXNFLTD-26SEP20CLETB","CLE vs TB (Sep 20)","2026-09-20","2026-09","2026_02_CLE_TB","REG","2026-09-20T17:00:00Z",FALSE,"live",18,18,0,18,18,18
"KXNFLTD","KXNFLTD-26SEP20CINHOU","CIN vs HOU (Sep 20)","2026-09-20","2026-09","2026_02_CIN_HOU","REG","2026-09-20T17:00:00Z",FALSE,"live",50,48,2,24,23,50
"KXNFLTD","KXNFLTD-26SEP20CARATL","CAR vs ATL (Sep 20)","2026-09-20","2026-09","2026_02_CAR_ATL","REG","2026-09-20T17:00:00Z",FALSE,"live",48,46,2,23,22,48
"KXNFLTD","KXNFLTD-26SEP17DETBUF","DET vs BUF (Sep 17)","2026-09-17","2026-09","2026_02_DET_BUF","REG","2026-09-18T00:15:00Z",FALSE,"live",53,53,0,23,23,53
"KXNFLTD","KXNFLTD-26SEP14DENKC","DEN vs KC (Sep 14)","2026-09-14","2026-09","2026_01_DEN_KC","REG","2026-09-15T00:15:00Z",FALSE,"live",51,49,2,28,26,51
"KXNFLTD","KXNFLTD-26SEP13DALNYG","DAL vs NYG (Sep 13)","2026-09-13","2026-09","2026_01_DAL_NYG","REG","2026-09-14T00:20:00Z",FALSE,"live",54,48,6,26,23,54
"KXNFLTD","KXNFLTD-26SEP13WASPHI","WAS vs PHI (Sep 13)","2026-09-13","2026-09","2026_01_WAS_PHI","REG","2026-09-13T20:25:00Z",FALSE,"live",46,41,5,24,21,46
"KXNFLTD","KXNFLTD-26SEP13MIALV","MIA vs LV (Sep 13)","2026-09-13","2026-09","2026_01_MIA_LV","REG","2026-09-13T20:25:00Z",FALSE,"live",45,41,4,24,22,45
"KXNFLTD","KXNFLTD-26SEP13GBMIN","GB vs MIN (Sep 13)","2026-09-13","2026-09","2026_01_GB_MIN","REG","2026-09-13T20:25:00Z",FALSE,"live",46,45,1,25,24,46
"KXNFLTD","KXNFLTD-26SEP13ARILAC","ARI vs LAC (Sep 13)","2026-09-13","2026-09","2026_01_ARI_LAC","REG","2026-09-13T20:25:00Z",FALSE,"live",42,42,0,22,22,42
"KXNFLTD","KXNFLTD-26SEP13TBCIN","TB vs CIN (Sep 13)","2026-09-13","2026-09","2026_01_TB_CIN","REG","2026-09-13T17:00:00Z",FALSE,"live",51,49,2,25,24,51
"KXNFLTD","KXNFLTD-26SEP13NYJTEN","NYJ vs TEN (Sep 13)","2026-09-13","2026-09","2026_01_NYJ_TEN","REG","2026-09-13T17:00:00Z",FALSE,"live",44,42,2,24,23,44
"KXNFLTD","KXNFLTD-26SEP13NODET","NO vs DET (Sep 13)","2026-09-13","2026-09","2026_01_NO_DET","REG","2026-09-13T17:00:00Z",FALSE,"live",51,49,2,27,26,51
"KXNFLTD","KXNFLTD-26SEP13CLEJAC","CLE vs JAC (Sep 13)","2026-09-13","2026-09","2026_01_CLE_JAX","REG","2026-09-13T17:00:00Z",FALSE,"live",42,42,0,22,22,42
"KXNFLTD","KXNFLTD-26SEP13CHICAR","CHI vs CAR (Sep 13)","2026-09-13","2026-09","2026_01_CHI_CAR","REG","2026-09-13T17:00:00Z",FALSE,"live",56,52,4,26,24,56
"KXNFLTD","KXNFLTD-26SEP13BUFHOU","BUF vs HOU (Sep 13)","2026-09-13","2026-09","2026_01_BUF_HOU","REG","2026-09-13T17:00:00Z",FALSE,"live",42,40,2,25,24,40
"KXNFLTD","KXNFLTD-26SEP13BALIND","BAL vs IND (Sep 13)","2026-09-13","2026-09","2026_01_BAL_IND","REG","2026-09-13T17:00:00Z",FALSE,"live",49,44,5,27,24,48
"KXNFLTD","KXNFLTD-26SEP13ATLPIT","ATL vs PIT (Sep 13)","2026-09-13","2026-09","2026_01_ATL_PIT","REG","2026-09-13T17:00:00Z",FALSE,"live",41,41,0,25,25,41
"KXNFLTD","KXNFLTD-26SEP10SFLAR","SF vs LAR (Sep 10)","2026-09-10","2026-09","2026_01_SF_LA","REG","2026-09-11T00:35:00Z",FALSE,"live",44,42,2,27,25,44
"KXNFLTD","KXNFLTD-26SEP09NESEA","NE vs SEA (Sep 9)","2026-09-09","2026-09","2026_01_NE_SEA","REG","2026-09-10T00:20:00Z",FALSE,"live",38,38,0,23,23,38
"KXNFLTD","KXNFLTD-26AUG14TBNYJ","TB vs NYJ (Aug 14)","2026-08-14","2026-08",NA,NA,NA,FALSE,"live",2,2,0,2,2,2
"KXNFLTD","KXNFLTD-26AUG13ARILV","ARI vs LV (Aug 13)","2026-08-13","2026-08",NA,NA,NA,FALSE,"live",7,7,0,7,7,7
"KXNFLTD","KXNFLTD-26AUG13INDNE","IND vs NE (Aug 13)","2026-08-13","2026-08",NA,NA,NA,FALSE,"live",6,6,0,6,6,6
"KXNFLTD","KXNFLTD-26AUG13GBPIT","GB vs PIT (Aug 13)","2026-08-13","2026-08",NA,NA,NA,FALSE,"live",3,2,1,3,2,3
"KXNFLTD","KXNFLTD-26AUG13DETCIN","DET vs CIN (Aug 13)","2026-08-13","2026-08",NA,NA,NA,FALSE,"live",8,7,1,8,7,8
"KXNFLTD","KXNFLTD-26AUG06CARARI","CAR vs ARI (Aug 6)","2026-08-06","2026-08",NA,NA,NA,FALSE,"live",12,10,2,10,9,12
"KXNFL2TD","KXNFL2TD-26FEB08SEANE","SEA at NE (Feb 8)","2026-02-08","2026-02","2025_22_SEA_NE","SB","2026-02-08T23:30:00Z",TRUE,"historical",9,9,0,9,9,9
"KXNFL2TD","KXNFL2TD-26JAN25LASEA","LA at SEA (Jan 25)","2026-01-25","2026-01","2025_21_LA_SEA","CON","2026-01-25T23:30:00Z",FALSE,"historical",7,7,0,7,7,7
"KXNFL2TD","KXNFL2TD-26JAN25NEDEN","NE at DEN (Jan 25)","2026-01-25","2026-01","2025_21_NE_DEN","CON","2026-01-25T20:00:00Z",FALSE,"historical",8,8,0,8,8,8
"KXNFL2TD","KXNFL2TD-26JAN18HOUNE","HOU at NE (Jan 18)","2026-01-18","2026-01","2025_20_HOU_NE","DIV","2026-01-18T20:00:00Z",FALSE,"historical",8,8,0,8,8,8
"KXNFL2TD","KXNFL2TD-26JAN18LACHI","LA at CHI (Jan 18)","2026-01-18","2026-01","2025_20_LA_CHI","DIV","2026-01-18T23:30:00Z",FALSE,"historical",8,8,0,8,8,8
"KXNFL2TD","KXNFL2TD-26JAN17SFSEA","SF at SEA (Jan 17)","2026-01-17","2026-01","2025_20_SF_SEA","DIV","2026-01-18T01:00:00Z",FALSE,"historical",8,8,0,8,8,8
"KXNFL2TD","KXNFL2TD-26JAN17BUFDEN","BUF at DEN (Jan 17)","2026-01-17","2026-01","2025_20_BUF_DEN","DIV","2026-01-17T21:30:00Z",FALSE,"historical",9,9,0,9,9,9
"KXNFL2TD","KXNFL2TD-26JAN12HOUPIT","HOU at PIT (Jan 12)","2026-01-12","2026-01","2025_19_HOU_PIT","WC","2026-01-13T01:00:00Z",TRUE,"historical",9,9,0,9,9,9
"KXNFL2TD","KXNFL2TD-26JAN11LACNE","LAC at NE (Jan 11)","2026-01-11","2026-01","2025_19_LAC_NE","WC","2026-01-12T01:00:00Z",FALSE,"historical",11,11,0,11,11,11
"KXNFL2TD","KXNFL2TD-26JAN11SFPHI","SF at PHI (Jan 11)","2026-01-11","2026-01","2025_19_SF_PHI","WC","2026-01-11T21:30:00Z",FALSE,"historical",9,9,0,9,9,9
"KXNFL2TD","KXNFL2TD-26JAN11BUFJAC","BUF at JAC (Jan 11)","2026-01-11","2026-01","2025_19_BUF_JAX","WC","2026-01-11T18:00:00Z",FALSE,"historical",8,8,0,8,8,8
"KXNFL2TD","KXNFL2TD-26JAN10GBCHI","GB at CHI (Jan 10)","2026-01-10","2026-01","2025_19_GB_CHI","WC","2026-01-11T01:00:00Z",FALSE,"historical",10,10,0,10,10,10
"KXNFL2TD","KXNFL2TD-26JAN10LACAR","LA at CAR (Jan 10)","2026-01-10","2026-01","2025_19_LA_CAR","WC","2026-01-10T21:30:00Z",FALSE,"historical",6,6,0,6,6,6
"KXNFL2TD","KXNFL2TD-26JAN04BALPIT","BAL at PIT (Jan 4)","2026-01-04","2026-01","2025_18_BAL_PIT","REG","2026-01-05T01:20:00Z",FALSE,"historical",7,7,0,7,7,7
"KXNFL2TD","KXNFL2TD-26JAN04WASPHI","WAS at PHI (Jan 4)","2026-01-04","2026-01","2025_18_WAS_PHI","REG","2026-01-04T21:25:00Z",FALSE,"historical",3,3,0,3,3,3
"KXNFL2TD","KXNFL2TD-26JAN04MIANE","MIA at NE (Jan 4)","2026-01-04","2026-01","2025_18_MIA_NE","REG","2026-01-04T21:25:00Z",FALSE,"historical",6,6,0,6,6,6
"KXNFL2TD","KXNFL2TD-26JAN04LACDEN","LAC at DEN (Jan 4)","2026-01-04","2026-01","2025_18_LAC_DEN","REG","2026-01-04T21:25:00Z",FALSE,"historical",5,5,0,5,5,5
"KXNFL2TD","KXNFL2TD-26JAN04KCLV","KC at LV (Jan 4)","2026-01-04","2026-01","2025_18_KC_LV","REG","2026-01-04T21:25:00Z",FALSE,"historical",5,5,0,5,5,5
"KXNFL2TD","KXNFL2TD-26JAN04DETCHI","DET at CHI (Jan 4)","2026-01-04","2026-01","2025_18_DET_CHI","REG","2026-01-04T21:25:00Z",TRUE,"historical",8,8,0,8,8,8
"KXNFL2TD","KXNFL2TD-26JAN04ARILA","ARI at LA (Jan 4)","2026-01-04","2026-01","2025_18_ARI_LA","REG","2026-01-04T21:25:00Z",FALSE,"historical",2,2,0,2,2,2
"KXNFL2TD","KXNFL2TD-26JAN04NOATL","NO at ATL (Jan 4)","2026-01-04","2026-01","2025_18_NO_ATL","REG","2026-01-04T18:00:00Z",FALSE,"historical",5,5,0,5,5,5
"KXNFL2TD","KXNFL2TD-26JAN04INDHOU","IND at HOU (Jan 4)","2026-01-04","2026-01","2025_18_IND_HOU","REG","2026-01-04T18:00:00Z",FALSE,"historical",6,5,1,6,5,6
"KXNFL2TD","KXNFL2TD-26JAN03SEASF","SEA at SF (Jan 3)","2026-01-03","2026-01","2025_18_SEA_SF","REG","2026-01-04T01:00:00Z",TRUE,"historical",8,8,0,8,8,8
"KXNFL2TD","KXNFL2TD-26JAN03CARTB","CAR at TB (Jan 3)","2026-01-03","2026-01","2025_18_CAR_TB","REG","2026-01-03T21:30:00Z",FALSE,"historical",9,9,0,9,9,9
"KXNFL2TD","KXNFL2TD-25DEC29LAATL","LA at ATL (Dec 29)","2025-12-29","2025-12","2025_17_LA_ATL","REG","2025-12-30T01:15:00Z",FALSE,"historical",6,6,0,6,6,6
"KXNFL2TD","KXNFL2TD-25DEC28CHISF","CHI at SF (Dec 28)","2025-12-28","2025-12","2025_17_CHI_SF","REG","2025-12-29T01:20:00Z",FALSE,"historical",8,8,0,8,8,8
"KXNFL2TD","KXNFL2TD-25DEC28PHIBUF","PHI at BUF (Dec 28)","2025-12-28","2025-12","2025_17_PHI_BUF","REG","2025-12-28T21:25:00Z",FALSE,"historical",8,8,0,8,8,8
"KXNFL2TD","KXNFL2TD-25DEC28NYGLV","NYG at LV (Dec 28)","2025-12-28","2025-12","2025_17_NYG_LV","REG","2025-12-28T21:05:00Z",FALSE,"historical",6,6,0,6,6,6
"KXNFL2TD","KXNFL2TD-25DEC28TBMIA","TB at MIA (Dec 28)","2025-12-28","2025-12","2025_17_TB_MIA","REG","2025-12-28T18:00:00Z",FALSE,"historical",9,9,0,9,9,9
"KXNFL2TD","KXNFL2TD-25DEC28SEACAR","SEA at CAR (Dec 28)","2025-12-28","2025-12","2025_17_SEA_CAR","REG","2025-12-28T18:00:00Z",FALSE,"historical",8,8,0,8,8,8
"KXNFL2TD","KXNFL2TD-25DEC28PITCLE","PIT at CLE (Dec 28)","2025-12-28","2025-12","2025_17_PIT_CLE","REG","2025-12-28T18:00:00Z",FALSE,"historical",4,4,0,4,4,4
"KXNFL2TD","KXNFL2TD-25DEC28NOTEN","NO at TEN (Dec 28)","2025-12-28","2025-12","2025_17_NO_TEN","REG","2025-12-28T18:00:00Z",FALSE,"historical",5,5,0,5,5,5
"KXNFL2TD","KXNFL2TD-25DEC28NENYJ","NE at NYJ (Dec 28)","2025-12-28","2025-12","2025_17_NE_NYJ","REG","2025-12-28T18:00:00Z",FALSE,"historical",5,5,0,5,5,5
"KXNFL2TD","KXNFL2TD-25DEC28JACIND","JAC at IND (Dec 28)","2025-12-28","2025-12","2025_17_JAX_IND","REG","2025-12-28T18:00:00Z",FALSE,"historical",8,8,0,8,8,8
"KXNFL2TD","KXNFL2TD-25DEC28ARICIN","ARI at CIN (Dec 28)","2025-12-28","2025-12","2025_17_ARI_CIN","REG","2025-12-28T18:00:00Z",FALSE,"historical",6,6,0,6,6,5
"KXNFL2TD","KXNFL2TD-25DEC27BALGB","BAL at GB (Dec 27)","2025-12-27","2025-12","2025_17_BAL_GB","REG","2025-12-28T01:00:00Z",FALSE,"historical",7,7,0,7,7,2
"KXNFL2TD","KXNFL2TD-25DEC27HOULAC","HOU at LAC (Dec 27)","2025-12-27","2025-12","2025_17_HOU_LAC","REG","2025-12-27T21:30:00Z",FALSE,"historical",9,9,0,9,9,9
"KXNFL2TD","KXNFL2TD-25DEC25DENKC","DEN at KC (Dec 25)","2025-12-25","2025-12","2025_17_DEN_KC","REG","2025-12-26T01:15:00Z",FALSE,"historical",10,10,0,10,10,10
"KXNFL2TD","KXNFL2TD-25DEC25DETMIN","DET at MIN (Dec 25)","2025-12-25","2025-12","2025_17_DET_MIN","REG","2025-12-25T21:30:00Z",FALSE,"historical",6,6,0,6,6,6
"KXNFL2TD","KXNFL2TD-25DEC25DALWAS","DAL at WAS (Dec 25)","2025-12-25","2025-12","2025_17_DAL_WAS","REG","2025-12-25T18:00:00Z",FALSE,"historical",7,7,0,7,7,7
"KXNFL2TD","KXNFL2TD-25DEC22SFIND","SF at IND (Dec 22)","2025-12-22","2025-12","2025_16_SF_IND","REG","2025-12-23T01:15:00Z",FALSE,"historical",8,8,0,8,8,8
"KXNFL2TD","KXNFL2TD-25DEC21NEBAL","NE at BAL (Dec 21)","2025-12-21","2025-12","2025_16_NE_BAL","REG","2025-12-22T01:20:00Z",FALSE,"historical",9,9,0,9,9,9
"KXNFL2TD","KXNFL2TD-25DEC21PITDET","PIT at DET (Dec 21)","2025-12-21","2025-12","2025_16_PIT_DET","REG","2025-12-21T21:25:00Z",FALSE,"historical",9,9,0,9,9,9
"KXNFL2TD","KXNFL2TD-25DEC21LVHOU","LV at HOU (Dec 21)","2025-12-21","2025-12","2025_16_LV_HOU","REG","2025-12-21T21:25:00Z",FALSE,"historical",6,6,0,6,6,6
"KXNFL2TD","KXNFL2TD-25DEC21JACDEN","JAC at DEN (Dec 21)","2025-12-21","2025-12","2025_16_JAX_DEN","REG","2025-12-21T21:05:00Z",FALSE,"historical",9,9,0,9,9,9
"KXNFL2TD","KXNFL2TD-25DEC21ATLARI","ATL at ARI (Dec 21)","2025-12-21","2025-12","2025_16_ATL_ARI","REG","2025-12-21T21:05:00Z",FALSE,"historical",5,5,0,5,5,5
"KXNFL2TD","KXNFL2TD-25DEC21TBCAR","TB at CAR (Dec 21)","2025-12-21","2025-12","2025_16_TB_CAR","REG","2025-12-21T18:00:00Z",FALSE,"historical",9,9,0,9,9,9
"KXNFL2TD","KXNFL2TD-25DEC21NYJNO","NYJ at NO (Dec 21)","2025-12-21","2025-12","2025_16_NYJ_NO","REG","2025-12-21T18:00:00Z",FALSE,"historical",3,3,0,3,3,3
"KXNFL2TD","KXNFL2TD-25DEC21MINNYG","MIN at NYG (Dec 21)","2025-12-21","2025-12","2025_16_MIN_NYG","REG","2025-12-21T18:00:00Z",FALSE,"historical",9,9,0,9,9,9
"KXNFL2TD","KXNFL2TD-25DEC21LACDAL","LAC at DAL (Dec 21)","2025-12-21","2025-12","2025_16_LAC_DAL","REG","2025-12-21T18:00:00Z",FALSE,"historical",10,10,0,10,10,10
"KXNFL2TD","KXNFL2TD-25DEC21KCTEN","KC at TEN (Dec 21)","2025-12-21","2025-12","2025_16_KC_TEN","REG","2025-12-21T18:00:00Z",FALSE,"historical",8,8,0,8,8,8
"KXNFL2TD","KXNFL2TD-25DEC21CINMIA","CIN at MIA (Dec 21)","2025-12-21","2025-12","2025_16_CIN_MIA","REG","2025-12-21T18:00:00Z",FALSE,"historical",6,6,0,6,6,6
"KXNFL2TD","KXNFL2TD-25DEC21BUFCLE","BUF at CLE (Dec 21)","2025-12-21","2025-12","2025_16_BUF_CLE","REG","2025-12-21T18:00:00Z",FALSE,"historical",6,6,0,6,6,6
"KXNFL2TD","KXNFL2TD-25DEC20GBCHI","GB at CHI (Dec 20)","2025-12-20","2025-12","2025_16_GB_CHI","REG","2025-12-21T01:20:00Z",FALSE,"historical",6,6,0,6,6,6
"KXNFL2TD","KXNFL2TD-25DEC20PHIWAS","PHI at WAS (Dec 20)","2025-12-20","2025-12","2025_16_PHI_WAS","REG","2025-12-20T22:00:00Z",FALSE,"historical",8,8,0,8,8,8
"KXNFL2TD","KXNFL2TD-25DEC18LASEA","LA at SEA (Dec 18)","2025-12-18","2025-12","2025_16_LA_SEA","REG","2025-12-19T01:15:00Z",FALSE,"historical",7,7,0,7,7,7
"KXNFL2TD","KXNFL2TD-25DEC15MIAPIT","MIA at PIT (Dec 15)","2025-12-15","2025-12","2025_15_MIA_PIT","REG","2025-12-16T01:15:00Z",FALSE,"historical",8,8,0,8,8,8
"KXNFL2TD","KXNFL2TD-25DEC14MINDAL","MIN at DAL (Dec 14)","2025-12-14","2025-12","2025_15_MIN_DAL","REG","2025-12-15T01:20:00Z",FALSE,"historical",8,8,0,8,8,8
"KXNFL2TD","KXNFL2TD-25DEC14TENSF","TEN at SF (Dec 14)","2025-12-14","2025-12","2025_15_TEN_SF","REG","2025-12-14T21:25:00Z",FALSE,"historical",8,8,0,8,8,8
"KXNFL2TD","KXNFL2TD-25DEC14INDSEA","IND at SEA (Dec 14)","2025-12-14","2025-12","2025_15_IND_SEA","REG","2025-12-14T21:25:00Z",FALSE,"historical",9,9,0,9,9,9
"KXNFL2TD","KXNFL2TD-25DEC14GBDEN","GB at DEN (Dec 14)","2025-12-14","2025-12","2025_15_GB_DEN","REG","2025-12-14T21:25:00Z",FALSE,"historical",8,8,0,8,8,8
"KXNFL2TD","KXNFL2TD-25DEC14DETLA","DET at LA (Dec 14)","2025-12-14","2025-12","2025_15_DET_LA","REG","2025-12-14T21:25:00Z",FALSE,"historical",6,6,0,6,6,6
"KXNFL2TD","KXNFL2TD-25DEC14CARNO","CAR at NO (Dec 14)","2025-12-14","2025-12","2025_15_CAR_NO","REG","2025-12-14T21:25:00Z",FALSE,"historical",5,5,0,5,5,5
"KXNFL2TD","KXNFL2TD-25DEC14WASNYG","WAS at NYG (Dec 14)","2025-12-14","2025-12","2025_15_WAS_NYG","REG","2025-12-14T18:00:00Z",FALSE,"historical",7,7,0,7,7,7
"KXNFL2TD","KXNFL2TD-25DEC14NYJJAC","NYJ at JAC (Dec 14)","2025-12-14","2025-12","2025_15_NYJ_JAX","REG","2025-12-14T18:00:00Z",TRUE,"historical",5,5,0,5,5,5
"KXNFL2TD","KXNFL2TD-25DEC14LVPHI","LV at PHI (Dec 14)","2025-12-14","2025-12","2025_15_LV_PHI","REG","2025-12-14T18:00:00Z",FALSE,"historical",8,8,0,8,8,8
"KXNFL2TD","KXNFL2TD-25DEC14LACKC","LAC at KC (Dec 14)","2025-12-14","2025-12","2025_15_LAC_KC","REG","2025-12-14T18:00:00Z",FALSE,"historical",13,11,2,13,11,11
"KXNFL2TD","KXNFL2TD-25DEC14CLECHI","CLE at CHI (Dec 14)","2025-12-14","2025-12","2025_15_CLE_CHI","REG","2025-12-14T18:00:00Z",FALSE,"historical",6,6,0,6,6,6
"KXNFL2TD","KXNFL2TD-25DEC14BUFNE","BUF at NE (Dec 14)","2025-12-14","2025-12","2025_15_BUF_NE","REG","2025-12-14T18:00:00Z",FALSE,"historical",8,8,0,8,8,8
"KXNFL2TD","KXNFL2TD-25DEC14BALCIN","BAL at CIN (Dec 14)","2025-12-14","2025-12","2025_15_BAL_CIN","REG","2025-12-14T18:00:00Z",FALSE,"historical",6,6,0,6,6,6
"KXNFL2TD","KXNFL2TD-25DEC14ARIHOU","ARI at HOU (Dec 14)","2025-12-14","2025-12","2025_15_ARI_HOU","REG","2025-12-14T18:00:00Z",FALSE,"historical",4,4,0,4,4,4
"KXNFL2TD","KXNFL2TD-25DEC11ATLTB","ATL at TB (Dec 11)","2025-12-11","2025-12","2025_15_ATL_TB","REG","2025-12-12T01:15:00Z",FALSE,"historical",7,7,0,7,7,7
"KXNFL2TD","KXNFL2TD-25DEC08PHILAC","PHI at LAC (Dec 8)","2025-12-08","2025-12","2025_14_PHI_LAC","REG","2025-12-09T01:15:00Z",FALSE,"historical",11,11,0,11,11,11
"KXNFL2TD","KXNFL2TD-25DEC07HOUKC","HOU at KC (Dec 7)","2025-12-07","2025-12","2025_14_HOU_KC","REG","2025-12-08T01:20:00Z",FALSE,"historical",11,11,0,11,11,11
"KXNFL2TD","KXNFL2TD-25DEC07LAARI","LA at ARI (Dec 7)","2025-12-07","2025-12","2025_14_LA_ARI","REG","2025-12-07T21:25:00Z",FALSE,"historical",4,4,0,4,4,4
"KXNFL2TD","KXNFL2TD-25DEC07CHIGB","CHI at GB (Dec 7)","2025-12-07","2025-12","2025_14_CHI_GB","REG","2025-12-07T21:25:00Z",FALSE,"historical",8,8,0,8,8,8
"KXNFL2TD","KXNFL2TD-25DEC07DENLV","DEN at LV (Dec 7)","2025-12-07","2025-12","2025_14_DEN_LV","REG","2025-12-07T21:05:00Z",FALSE,"historical",8,8,0,8,8,8
"KXNFL2TD","KXNFL2TD-25DEC07WASMIN","WAS at MIN (Dec 7)","2025-12-07","2025-12","2025_14_WAS_MIN","REG","2025-12-07T18:00:00Z",FALSE,"historical",10,10,0,10,10,10
"KXNFL2TD","KXNFL2TD-25DEC07TENCLE","TEN at CLE (Dec 7)","2025-12-07","2025-12","2025_14_TEN_CLE","REG","2025-12-07T18:00:00Z",FALSE,"historical",6,6,0,6,6,6
"KXNFL2TD","KXNFL2TD-25DEC07SEAATL","SEA at ATL (Dec 7)","2025-12-07","2025-12","2025_14_SEA_ATL","REG","2025-12-07T18:00:00Z",FALSE,"historical",8,8,0,8,8,8
"KXNFL2TD","KXNFL2TD-25DEC07PITBAL","PIT at BAL (Dec 7)","2025-12-07","2025-12","2025_14_PIT_BAL","REG","2025-12-07T18:00:00Z",TRUE,"historical",9,9,0,9,9,9
"KXNFL2TD","KXNFL2TD-25DEC07NOTB","NO at TB (Dec 7)","2025-12-07","2025-12","2025_14_NO_TB","REG","2025-12-07T18:00:00Z",FALSE,"historical",6,6,0,6,6,5
"KXNFL2TD","KXNFL2TD-25DEC07MIANYJ","MIA at NYJ (Dec 7)","2025-12-07","2025-12","2025_14_MIA_NYJ","REG","2025-12-07T18:00:00Z",FALSE,"historical",5,5,0,5,5,5
"KXNFL2TD","KXNFL2TD-25DEC07INDJAC","IND at JAC (Dec 7)","2025-12-07","2025-12","2025_14_IND_JAX","REG","2025-12-07T18:00:00Z",FALSE,"historical",9,9,0,9,9,9
"KXNFL2TD","KXNFL2TD-25DEC07CINBUF","CIN at BUF (Dec 7)","2025-12-07","2025-12","2025_14_CIN_BUF","REG","2025-12-07T18:00:00Z",FALSE,"historical",7,7,0,7,7,7
"KXNFL2TD","KXNFL2TD-25DEC04DALDET","DAL at DET (Dec 4)","2025-12-04","2025-12","2025_14_DAL_DET","REG","2025-12-05T01:15:00Z",FALSE,"historical",8,8,0,8,8,8
"KXNFL2TD","KXNFL2TD-25DEC01NYGNE","NYG at NE (Dec 1)","2025-12-01","2025-12","2025_13_NYG_NE","REG","2025-12-02T01:15:00Z",TRUE,"historical",9,9,0,9,9,9
"KXNFL2TD","KXNFL2TD-25NOV30DENWAS","DEN at WAS (Nov 30)","2025-11-30","2025-11","2025_13_DEN_WAS","REG","2025-12-01T01:20:00Z",FALSE,"historical",8,8,0,8,8,8
"KXNFL2TD","KXNFL2TD-25NOV30LVLAC","LV at LAC (Nov 30)","2025-11-30","2025-11","2025_13_LV_LAC","REG","2025-11-30T21:25:00Z",FALSE,"historical",8,8,0,8,8,8
"KXNFL2TD","KXNFL2TD-25NOV30BUFPIT","BUF at PIT (Nov 30)","2025-11-30","2025-11","2025_13_BUF_PIT","REG","2025-11-30T21:25:00Z",FALSE,"historical",8,8,0,8,8,8
"KXNFL2TD","KXNFL2TD-25NOV30MINSEA","MIN at SEA (Nov 30)","2025-11-30","2025-11","2025_13_MIN_SEA","REG","2025-11-30T21:05:00Z",FALSE,"historical",10,10,0,10,10,10
"KXNFL2TD","KXNFL2TD-25NOV30SFCLE","SF at CLE (Nov 30)","2025-11-30","2025-11","2025_13_SF_CLE","REG","2025-11-30T18:00:00Z",FALSE,"historical",8,8,0,8,8,8
"KXNFL2TD","KXNFL2TD-25NOV30LACAR","LA at CAR (Nov 30)","2025-11-30","2025-11","2025_13_LA_CAR","REG","2025-11-30T18:00:00Z",FALSE,"historical",6,6,0,6,6,6
"KXNFL2TD","KXNFL2TD-25NOV30JACTEN","JAC at TEN (Nov 30)","2025-11-30","2025-11","2025_13_JAX_TEN","REG","2025-11-30T18:00:00Z",FALSE,"historical",4,4,0,4,4,4
"KXNFL2TD","KXNFL2TD-25NOV30HOUIND","HOU at IND (Nov 30)","2025-11-30","2025-11","2025_13_HOU_IND","REG","2025-11-30T18:00:00Z",FALSE,"historical",8,8,0,8,8,8
"KXNFL2TD","KXNFL2TD-25NOV30ATLNYJ","ATL at NYJ (Nov 30)","2025-11-30","2025-11","2025_13_ATL_NYJ","REG","2025-11-30T18:00:00Z",FALSE,"historical",5,5,0,5,5,5
"KXNFL2TD","KXNFL2TD-25NOV30ARITB","ARI at TB (Nov 30)","2025-11-30","2025-11","2025_13_ARI_TB","REG","2025-11-30T18:00:00Z",FALSE,"historical",6,6,0,6,6,6
"KXNFL2TD","KXNFL2TD-25NOV28CHIPHI","CHI at PHI (Nov 28)","2025-11-28","2025-11","2025_13_CHI_PHI","REG","2025-11-28T20:00:00Z",FALSE,"historical",10,10,0,10,10,10
"KXNFL2TD","KXNFL2TD-25NOV27CINBAL","CIN at BAL (Nov 27)","2025-11-27","2025-11","2025_13_CIN_BAL","REG","2025-11-28T01:20:00Z",FALSE,"historical",7,7,0,7,7,7
"KXNFL2TD","KXNFL2TD-25NOV27KCDAL","KC at DAL (Nov 27)","2025-11-27","2025-11","2025_13_KC_DAL","REG","2025-11-27T21:30:00Z",FALSE,"historical",11,11,0,11,11,11
"KXNFL2TD","KXNFL2TD-25NOV27GBDET","GB at DET (Nov 27)","2025-11-27","2025-11","2025_13_GB_DET","REG","2025-11-27T18:00:00Z",FALSE,"historical",8,8,0,8,8,8
"KXNFL2TD","KXNFL2TD-25NOV24CARSF","CAR at SF (Nov 24)","2025-11-24","2025-11","2025_12_CAR_SF","REG","2025-11-25T01:15:00Z",TRUE,"historical",8,8,0,8,8,8
"KXNFL2TD","KXNFL2TD-25NOV23TBLA","TB at LA (Nov 23)","2025-11-23","2025-11","2025_12_TB_LA","REG","2025-11-24T01:20:00Z",FALSE,"historical",7,7,0,7,7,7
"KXNFL2TD","KXNFL2TD-25NOV23PHIDAL","PHI at DAL (Nov 23)","2025-11-23","2025-11","2025_12_PHI_DAL","REG","2025-11-23T21:25:00Z",FALSE,"historical",9,9,0,9,9,9
"KXNFL2TD","KXNFL2TD-25NOV23ATLNO","ATL at NO (Nov 23)","2025-11-23","2025-11","2025_12_ATL_NO","REG","2025-11-23T21:25:00Z",FALSE,"historical",5,5,0,5,5,5
"KXNFL2TD","KXNFL2TD-25NOV23JACARI","JAC at ARI (Nov 23)","2025-11-23","2025-11","2025_12_JAX_ARI","REG","2025-11-23T21:05:00Z",FALSE,"historical",5,5,0,5,5,5
"KXNFL2TD","KXNFL2TD-25NOV23CLELV","CLE at LV (Nov 23)","2025-11-23","2025-11","2025_12_CLE_LV","REG","2025-11-23T21:05:00Z",FALSE,"historical",6,6,0,6,6,6
"KXNFL2TD","KXNFL2TD-25NOV23SEATEN","SEA at TEN (Nov 23)","2025-11-23","2025-11","2025_12_SEA_TEN","REG","2025-11-23T18:00:00Z",FALSE,"historical",7,7,0,7,7,7
"KXNFL2TD","KXNFL2TD-25NOV23PITCHI","PIT at CHI (Nov 23)","2025-11-23","2025-11","2025_12_PIT_CHI","REG","2025-11-23T18:00:00Z",FALSE,"historical",10,10,0,10,10,10
"KXNFL2TD","KXNFL2TD-25NOV23NYJBAL","NYJ at BAL (Nov 23)","2025-11-23","2025-11","2025_12_NYJ_BAL","REG","2025-11-23T18:00:00Z",FALSE,"historical",5,5,0,5,5,5
"KXNFL2TD","KXNFL2TD-25NOV23NYGDET","NYG at DET (Nov 23)","2025-11-23","2025-11","2025_12_NYG_DET","REG","2025-11-23T18:00:00Z",FALSE,"historical",7,7,0,7,7,7
"KXNFL2TD","KXNFL2TD-25NOV23NECIN","NE at CIN (Nov 23)","2025-11-23","2025-11","2025_12_NE_CIN","REG","2025-11-23T18:00:00Z",TRUE,"historical",7,7,0,7,7,7
"KXNFL2TD","KXNFL2TD-25NOV23MINGB","MIN at GB (Nov 23)","2025-11-23","2025-11","2025_12_MIN_GB","REG","2025-11-23T18:00:00Z",FALSE,"historical",8,8,0,8,8,8
"KXNFL2TD","KXNFL2TD-25NOV23INDKC","IND at KC (Nov 23)","2025-11-23","2025-11","2025_12_IND_KC","REG","2025-11-23T18:00:00Z",FALSE,"historical",10,10,0,10,10,10
"KXNFL2TD","KXNFL2TD-25NOV20BUFHOU","BUF at HOU (Nov 20)","2025-11-20","2025-11","2025_12_BUF_HOU","REG","2025-11-21T01:15:00Z",FALSE,"historical",7,7,0,7,7,7
"KXNFL2TD","KXNFL2TD-25NOV17DALLV","DAL at LV (Nov 17)","2025-11-17","2025-11","2025_11_DAL_LV","REG","2025-11-18T01:15:00Z",FALSE,"historical",7,7,0,7,7,7
"KXNFL2TD","KXNFL2TD-25NOV16DETPHI","DET at PHI (Nov 16)","2025-11-16","2025-11","2025_11_DET_PHI","REG","2025-11-17T01:20:00Z",FALSE,"historical",9,9,0,9,9,9
"KXNFL2TD","KXNFL2TD-25NOV16KCDEN","KC at DEN (Nov 16)","2025-11-16","2025-11","2025_11_KC_DEN","REG","2025-11-16T21:25:00Z",FALSE,"historical",11,11,0,11,11,11
"KXNFL2TD","KXNFL2TD-25NOV16BALCLE","BAL at CLE (Nov 16)","2025-11-16","2025-11","2025_11_BAL_CLE","REG","2025-11-16T21:25:00Z",FALSE,"historical",6,6,0,6,6,6
"KXNFL2TD","KXNFL2TD-25NOV16SFARI","SF at ARI (Nov 16)","2025-11-16","2025-11","2025_11_SF_ARI","REG","2025-11-16T21:05:00Z",FALSE,"historical",6,6,0,6,6,6
"KXNFL2TD","KXNFL2TD-25NOV16SEALA","SEA at LA (Nov 16)","2025-11-16","2025-11","2025_11_SEA_LA","REG","2025-11-16T21:05:00Z",FALSE,"historical",7,7,0,7,7,7
"KXNFL2TD","KXNFL2TD-25NOV16TBBUF","TB at BUF (Nov 16)","2025-11-16","2025-11","2025_11_TB_BUF","REG","2025-11-16T18:00:00Z",FALSE,"historical",6,6,0,6,6,6
"KXNFL2TD","KXNFL2TD-25NOV16LACJAC","LAC at JAC (Nov 16)","2025-11-16","2025-11","2025_11_LAC_JAX","REG","2025-11-16T18:00:00Z",FALSE,"historical",7,7,0,7,7,7
"KXNFL2TD","KXNFL2TD-25NOV16HOUTEN","HOU at TEN (Nov 16)","2025-11-16","2025-11","2025_11_HOU_TEN","REG","2025-11-16T18:00:00Z",FALSE,"historical",7,7,0,7,7,4
"KXNFL2TD","KXNFL2TD-25NOV16GBNYG","GB at NYG (Nov 16)","2025-11-16","2025-11","2025_11_GB_NYG","REG","2025-11-16T18:00:00Z",FALSE,"historical",6,6,0,6,6,6
"KXNFL2TD","KXNFL2TD-25NOV16CINPIT","CIN at PIT (Nov 16)","2025-11-16","2025-11","2025_11_CIN_PIT","REG","2025-11-16T18:00:00Z",FALSE,"historical",9,9,0,9,9,8
"KXNFL2TD","KXNFL2TD-25NOV16CHIMIN","CHI at MIN (Nov 16)","2025-11-16","2025-11","2025_11_CHI_MIN","REG","2025-11-16T18:00:00Z",FALSE,"historical",10,10,0,10,10,10
"KXNFL2TD","KXNFL2TD-25NOV16CARATL","CAR at ATL (Nov 16)","2025-11-16","2025-11","2025_11_CAR_ATL","REG","2025-11-16T18:00:00Z",FALSE,"historical",6,6,0,6,6,5
"KXNFL2TD","KXNFL2TD-25NOV16WASMIA","WAS at MIA (Nov 16)","2025-11-16","2025-11","2025_11_WAS_MIA","REG","2025-11-16T14:30:00Z",FALSE,"historical",6,6,0,6,6,6
"KXNFL2TD","KXNFL2TD-25NOV13NYJNE","NYJ at NE (Nov 13)","2025-11-13","2025-11","2025_11_NYJ_NE","REG","2025-11-14T01:15:00Z",FALSE,"historical",2,2,0,2,2,2
"KXNFL2TD","KXNFL2TD-25NOV10PHIGB","PHI at GB (Nov 10)","2025-11-10","2025-11","2025_10_PHI_GB","REG","2025-11-11T01:15:00Z",FALSE,"historical",10,10,0,10,10,8
"KXNFL2TD","KXNFL2TD-25NOV09PITLAC","PIT at LAC (Nov 9)","2025-11-09","2025-11","2025_10_PIT_LAC","REG","2025-11-10T01:20:00Z",FALSE,"historical",8,8,0,8,8,8
"KXNFL2TD","KXNFL2TD-25NOV09LASF","LA at SF (Nov 9)","2025-11-09","2025-11","2025_10_LA_SF","REG","2025-11-09T21:25:00Z",FALSE,"historical",7,7,0,7,7,7
"KXNFL2TD","KXNFL2TD-25NOV09DETWAS","DET at WAS (Nov 9)","2025-11-09","2025-11","2025_10_DET_WAS","REG","2025-11-09T21:25:00Z",FALSE,"historical",6,6,0,6,6,6
"KXNFL2TD","KXNFL2TD-25NOV09ARISEA","ARI at SEA (Nov 9)","2025-11-09","2025-11","2025_10_ARI_SEA","REG","2025-11-09T21:05:00Z",FALSE,"historical",6,6,0,6,6,5
"KXNFL2TD","KXNFL2TD-25NOV09NYGCHI","NYG at CHI (Nov 9)","2025-11-09","2025-11","2025_10_NYG_CHI","REG","2025-11-09T18:00:00Z",FALSE,"historical",5,5,0,5,5,5
"KXNFL2TD","KXNFL2TD-25NOV09NOCAR","NO at CAR (Nov 9)","2025-11-09","2025-11","2025_10_NO_CAR","REG","2025-11-09T18:00:00Z",FALSE,"historical",4,4,0,4,4,3
"KXNFL2TD","KXNFL2TD-25NOV09NETB","NE at TB (Nov 9)","2025-11-09","2025-11","2025_10_NE_TB","REG","2025-11-09T18:00:00Z",FALSE,"historical",4,4,0,4,4,4
"KXNFL2TD","KXNFL2TD-25NOV09JACHOU","JAC at HOU (Nov 9)","2025-11-09","2025-11","2025_10_JAX_HOU","REG","2025-11-09T18:00:00Z",FALSE,"historical",6,6,0,6,6,5
"KXNFL2TD","KXNFL2TD-25NOV09CLENYJ","CLE at NYJ (Nov 9)","2025-11-09","2025-11","2025_10_CLE_NYJ","REG","2025-11-09T18:00:00Z",FALSE,"historical",5,5,0,5,5,5
"KXNFL2TD","KXNFL2TD-25NOV09BUFMIA","BUF at MIA (Nov 9)","2025-11-09","2025-11","2025_10_BUF_MIA","REG","2025-11-09T18:00:00Z",FALSE,"historical",7,7,0,7,7,7
"KXNFL2TD","KXNFL2TD-25NOV09BALMIN","BAL at MIN (Nov 9)","2025-11-09","2025-11","2025_10_BAL_MIN","REG","2025-11-09T18:00:00Z",FALSE,"historical",8,8,0,8,8,6
"KXNFL2TD","KXNFL2TD-25NOV09ATLIND","ATL at IND (Nov 9)","2025-11-09","2025-11","2025_10_ATL_IND","REG","2025-11-09T14:30:00Z",FALSE,"historical",9,9,0,9,9,9
"KXNFL2TD","KXNFL2TD-25NOV06LVDEN","LV at DEN (Nov 6)","2025-11-06","2025-11","2025_10_LV_DEN","REG","2025-11-07T01:15:00Z",FALSE,"historical",6,6,0,6,6,6
"KXNFL2TD","KXNFL2TD-25NOV03ARIDAL","ARI at DAL (Nov 3)","2025-11-03","2025-11","2025_09_ARI_DAL","REG","2025-11-04T01:15:00Z",FALSE,"historical",10,9,1,10,9,10
"KXNFL2TD","KXNFL2TD-25NOV02SEAWAS","SEA at WAS (Nov 2)","2025-11-02","2025-11","2025_09_SEA_WAS","REG","2025-11-03T01:20:00Z",FALSE,"historical",6,5,1,6,5,5
"KXNFL2TD","KXNFL2TD-25NOV02KCBUF","KC at BUF (Nov 2)","2025-11-02","2025-11","2025_09_KC_BUF","REG","2025-11-02T21:25:00Z",FALSE,"historical",8,8,0,8,8,8
"KXNFL2TD","KXNFL2TD-25NOV02NOLA","NO at LA (Nov 2)","2025-11-02","2025-11","2025_09_NO_LA","REG","2025-11-02T21:05:00Z",FALSE,"historical",6,6,0,6,6,6
"KXNFL2TD","KXNFL2TD-25NOV02JACLV","JAC at LV (Nov 2)","2025-11-02","2025-11","2025_09_JAX_LV","REG","2025-11-02T21:05:00Z",FALSE,"historical",4,4,0,4,4,4
"KXNFL2TD","KXNFL2TD-25NOV02SFNYG","SF at NYG (Nov 2)","2025-11-02","2025-11","2025_09_SF_NYG","REG","2025-11-02T18:00:00Z",FALSE,"historical",5,5,0,5,5,5
"KXNFL2TD","KXNFL2TD-25NOV02MINDET","MIN at DET (Nov 2)","2025-11-02","2025-11","2025_09_MIN_DET","REG","2025-11-02T18:00:00Z",FALSE,"historical",9,9,0,9,9,8
"KXNFL2TD","KXNFL2TD-25NOV02LACTEN","LAC at TEN (Nov 2)","2025-11-02","2025-11","2025_09_LAC_TEN","REG","2025-11-02T18:00:00Z",FALSE,"historical",5,5,0,5,5,5
"KXNFL2TD","KXNFL2TD-25NOV02INDPIT","IND at PIT (Nov 2)","2025-11-02","2025-11","2025_09_IND_PIT","REG","2025-11-02T18:00:00Z",FALSE,"historical",9,9,0,9,9,8
"KXNFL2TD","KXNFL2TD-25NOV02DENHOU","DEN at HOU (Nov 2)","2025-11-02","2025-11","2025_09_DEN_HOU","REG","2025-11-02T18:00:00Z",FALSE,"historical",6,6,0,6,6,6
"KXNFL2TD","KXNFL2TD-25NOV02CHICIN","CHI at CIN (Nov 2)","2025-11-02","2025-11","2025_09_CHI_CIN","REG","2025-11-02T18:00:00Z",TRUE,"historical",6,6,0,6,6,6
"KXNFL2TD","KXNFL2TD-25NOV02CARGB","CAR at GB (Nov 2)","2025-11-02","2025-11","2025_09_CAR_GB","REG","2025-11-02T18:00:00Z",FALSE,"historical",3,3,0,3,3,3
"KXNFL2TD","KXNFL2TD-25NOV02ATLNE","ATL at NE (Nov 2)","2025-11-02","2025-11","2025_09_ATL_NE","REG","2025-11-02T18:00:00Z",FALSE,"historical",6,6,0,6,6,5
"KXNFL2TD","KXNFL2TD-25OCT30BALMIA","BAL at MIA (Oct 30)","2025-10-30","2025-10","2025_09_BAL_MIA","REG","2025-10-31T00:15:00Z",FALSE,"historical",9,9,0,9,9,9
"KXNFL2TD","KXNFL2TD-25OCT27WASKC","WAS at KC (Oct 27)","2025-10-27","2025-10","2025_08_WAS_KC","REG","2025-10-28T00:15:00Z",FALSE,"historical",7,7,0,7,7,7
"KXNFL2TD","KXNFL2TD-25OCT26GBPIT","GB at PIT (Oct 26)","2025-10-26","2025-10","2025_08_GB_PIT","REG","2025-10-27T00:20:00Z",FALSE,"historical",6,6,0,6,6,6
"KXNFL2TD","KXNFL2TD-25OCT26TENIND","TEN at IND (Oct 26)","2025-10-26","2025-10","2025_08_TEN_IND","REG","2025-10-26T20:25:00Z",FALSE,"historical",6,6,0,6,6,6
"KXNFL2TD","KXNFL2TD-25OCT26DALDEN","DAL at DEN (Oct 26)","2025-10-26","2025-10","2025_08_DAL_DEN","REG","2025-10-26T20:25:00Z",FALSE,"historical",10,10,0,10,10,10
"KXNFL2TD","KXNFL2TD-25OCT26TBNO","TB at NO (Oct 26)","2025-10-26","2025-10","2025_08_TB_NO","REG","2025-10-26T20:05:00Z",FALSE,"historical",5,5,0,5,5,5
"KXNFL2TD","KXNFL2TD-25OCT26SFHOU","SF at HOU (Oct 26)","2025-10-26","2025-10","2025_08_SF_HOU","REG","2025-10-26T17:00:00Z",FALSE,"historical",4,4,0,4,4,4
"KXNFL2TD","KXNFL2TD-25OCT26NYJCIN","NYJ at CIN (Oct 26)","2025-10-26","2025-10","2025_08_NYJ_CIN","REG","2025-10-26T17:00:00Z",FALSE,"historical",3,3,0,3,3,3
"KXNFL2TD","KXNFL2TD-25OCT26NYGPHI","NYG at PHI (Oct 26)","2025-10-26","2025-10","2025_08_NYG_PHI","REG","2025-10-26T17:00:00Z",FALSE,"historical",7,7,0,7,7,7
"KXNFL2TD","KXNFL2TD-25OCT26MIAATL","MIA at ATL (Oct 26)","2025-10-26","2025-10","2025_08_MIA_ATL","REG","2025-10-26T17:00:00Z",FALSE,"historical",5,4,1,5,4,4
"KXNFL2TD","KXNFL2TD-25OCT26CLENE","CLE at NE (Oct 26)","2025-10-26","2025-10","2025_08_CLE_NE","REG","2025-10-26T17:00:00Z",FALSE,"historical",5,5,0,5,5,4
"KXNFL2TD","KXNFL2TD-25OCT26CHIBAL","CHI at BAL (Oct 26)","2025-10-26","2025-10","2025_08_CHI_BAL","REG","2025-10-26T17:00:00Z",FALSE,"historical",9,8,1,9,8,8
"KXNFL2TD","KXNFL2TD-25OCT26BUFCAR","BUF at CAR (Oct 26)","2025-10-26","2025-10","2025_08_BUF_CAR","REG","2025-10-26T17:00:00Z",FALSE,"historical",4,4,0,4,4,4
"KXNFL2TD","KXNFL2TD-25OCT23MINLAC","MIN at LAC (Oct 23)","2025-10-23","2025-10","2025_08_MIN_LAC","REG","2025-10-24T00:15:00Z",FALSE,"historical",10,10,0,10,10,10
"KXNFL2TD","KXNFL2TD-25OCT20HOUSEA","HOU at SEA (Oct 20)","2025-10-20","2025-10","2025_07_HOU_SEA","REG","2025-10-21T02:00:00Z",FALSE,"historical",6,6,0,6,6,6
"KXNFL2TD","KXNFL2TD-25OCT20TBDET","TB at DET (Oct 20)","2025-10-20","2025-10","2025_07_TB_DET","REG","2025-10-20T23:00:00Z",TRUE,"historical",7,7,0,7,7,7
"KXNFL2TD","KXNFL2TD-25OCT19ATLSF","ATL at SF (Oct 19)","2025-10-19","2025-10","2025_07_ATL_SF","REG","2025-10-20T00:20:00Z",FALSE,"historical",6,6,0,6,6,6
"KXNFL2TD","KXNFL2TD-25OCT19WASDAL","WAS at DAL (Oct 19)","2025-10-19","2025-10","2025_07_WAS_DAL","REG","2025-10-19T20:25:00Z",FALSE,"historical",5,5,0,5,5,5
"KXNFL2TD","KXNFL2TD-25OCT19GBARI","GB at ARI (Oct 19)","2025-10-19","2025-10","2025_07_GB_ARI","REG","2025-10-19T20:25:00Z",FALSE,"historical",4,4,0,4,4,4
"KXNFL2TD","KXNFL2TD-25OCT19NYGDEN","NYG at DEN (Oct 19)","2025-10-19","2025-10","2025_07_NYG_DEN","REG","2025-10-19T20:05:00Z",TRUE,"historical",8,8,0,8,8,8
"KXNFL2TD","KXNFL2TD-25OCT19INDLAC","IND at LAC (Oct 19)","2025-10-19","2025-10","2025_07_IND_LAC","REG","2025-10-19T20:05:00Z",FALSE,"historical",7,7,0,7,7,7
"KXNFL2TD","KXNFL2TD-25OCT19PHIMIN","PHI at MIN (Oct 19)","2025-10-19","2025-10","2025_07_PHI_MIN","REG","2025-10-19T17:00:00Z",FALSE,"historical",9,9,0,9,9,9
"KXNFL2TD","KXNFL2TD-25OCT19NOCHI","NO at CHI (Oct 19)","2025-10-19","2025-10","2025_07_NO_CHI","REG","2025-10-19T17:00:00Z",FALSE,"historical",8,8,0,8,8,7
"KXNFL2TD","KXNFL2TD-25OCT19NETEN","NE at TEN (Oct 19)","2025-10-19","2025-10","2025_07_NE_TEN","REG","2025-10-19T17:00:00Z",FALSE,"historical",4,4,0,4,4,4
"KXNFL2TD","KXNFL2TD-25OCT19MIACLE","MIA at CLE (Oct 19)","2025-10-19","2025-10","2025_07_MIA_CLE","REG","2025-10-19T17:00:00Z",FALSE,"historical",4,4,0,4,4,3
"KXNFL2TD","KXNFL2TD-25OCT19LVKC","LV at KC (Oct 19)","2025-10-19","2025-10","2025_07_LV_KC","REG","2025-10-19T17:00:00Z",FALSE,"historical",6,6,0,6,6,6
"KXNFL2TD","KXNFL2TD-25OCT19CARNYJ","CAR at NYJ (Oct 19)","2025-10-19","2025-10","2025_07_CAR_NYJ","REG","2025-10-19T17:00:00Z",FALSE,"historical",4,3,1,4,3,4
"KXNFL2TD","KXNFL2TD-25OCT19LAJAC","LA at JAC (Oct 19)","2025-10-19","2025-10","2025_07_LA_JAX","REG","2025-10-19T13:30:00Z",FALSE,"historical",5,5,0,5,5,5
"KXNFL2TD","KXNFL2TD-25OCT16PITCIN","PIT at CIN (Oct 16)","2025-10-16","2025-10","2025_07_PIT_CIN","REG","2025-10-17T00:15:00Z",FALSE,"historical",7,7,0,7,7,7
"KXNFL2TD","KXNFL2TD-25OCT13CHIWAS","CHI at WAS (Oct 13)","2025-10-13","2025-10","2025_06_CHI_WAS","REG","2025-10-14T00:15:00Z",FALSE,"historical",16,15,1,16,15,13
"KXNFL2TD","KXNFL2TD-25OCT13BUFATL","BUF at ATL (Oct 13)","2025-10-13","2025-10","2025_06_BUF_ATL","REG","2025-10-13T23:15:00Z",FALSE,"historical",17,16,1,17,16,14
"KXNFL2TD","KXNFL2TD-25OCT12DETKC","DET at KC (Oct 12)","2025-10-12","2025-10","2025_06_DET_KC","REG","2025-10-13T00:20:00Z",FALSE,"historical",21,21,0,21,21,18
"KXNFL2TD","KXNFL2TD-25OCT12SFTB","SF at TB (Oct 12)","2025-10-12","2025-10","2025_06_SF_TB","REG","2025-10-12T20:25:00Z",FALSE,"historical",14,13,1,14,13,9
"KXNFL2TD","KXNFL2TD-25OCT12CINGB","CIN at GB (Oct 12)","2025-10-12","2025-10","2025_06_CIN_GB","REG","2025-10-12T20:25:00Z",FALSE,"historical",18,18,0,18,18,11
"KXNFL2TD","KXNFL2TD-25OCT12TENLV","TEN at LV (Oct 12)","2025-10-12","2025-10","2025_06_TEN_LV","REG","2025-10-12T20:05:00Z",FALSE,"historical",17,17,0,17,17,8
"KXNFL2TD","KXNFL2TD-25OCT12SEAJAC","SEA at JAC (Oct 12)","2025-10-12","2025-10","2025_06_SEA_JAX","REG","2025-10-12T17:00:00Z",FALSE,"historical",18,18,0,18,18,12
"KXNFL2TD","KXNFL2TD-25OCT12NENO","NE at NO (Oct 12)","2025-10-12","2025-10","2025_06_NE_NO","REG","2025-10-12T17:00:00Z",FALSE,"historical",17,17,0,17,17,10
"KXNFL2TD","KXNFL2TD-25OCT12LACMIA","LAC at MIA (Oct 12)","2025-10-12","2025-10","2025_06_LAC_MIA","REG","2025-10-12T17:00:00Z",FALSE,"historical",18,18,0,18,18,10
"KXNFL2TD","KXNFL2TD-25OCT12LABAL","LA at BAL (Oct 12)","2025-10-12","2025-10","2025_06_LA_BAL","REG","2025-10-12T17:00:00Z",FALSE,"historical",20,20,0,20,20,11
"KXNFL2TD","KXNFL2TD-25OCT12DALCAR","DAL at CAR (Oct 12)","2025-10-12","2025-10","2025_06_DAL_CAR","REG","2025-10-12T17:00:00Z",FALSE,"historical",12,12,0,12,12,8
"KXNFL2TD","KXNFL2TD-25OCT12CLEPIT","CLE at PIT (Oct 12)","2025-10-12","2025-10","2025_06_CLE_PIT","REG","2025-10-12T17:00:00Z",FALSE,"historical",17,17,0,17,17,5
"KXNFL2TD","KXNFL2TD-25OCT12ARIIND","ARI at IND (Oct 12)","2025-10-12","2025-10","2025_06_ARI_IND","REG","2025-10-12T17:00:00Z",FALSE,"historical",16,15,1,16,15,10
"KXNFL2TD","KXNFL2TD-25OCT12DENNYJ","DEN at NYJ (Oct 12)","2025-10-12","2025-10","2025_06_DEN_NYJ","REG","2025-10-12T13:30:00Z",FALSE,"historical",17,16,1,17,16,15
"KXNFL2TD","KXNFL2TD-25OCT09PHINYG","PHI at NYG (Oct 9)","2025-10-09","2025-10","2025_06_PHI_NYG","REG","2025-10-10T00:15:00Z",FALSE,"historical",16,15,1,16,15,14
"KXNFL2TD","KXNFL2TD-25OCT06KCJAC","KC at JAC (Oct 6)","2025-10-06","2025-10","2025_05_KC_JAX","REG","2025-10-07T00:15:00Z",FALSE,"historical",5,5,0,5,5,5
"KXNFL2TD","KXNFL2TD-25OCT05NEBUF","NE at BUF (Oct 5)","2025-10-05","2025-10","2025_05_NE_BUF","REG","2025-10-06T00:20:00Z",FALSE,"historical",7,7,0,7,7,7
"KXNFL2TD","KXNFL2TD-25OCT05WASLAC","WAS at LAC (Oct 5)","2025-10-05","2025-10","2025_05_WAS_LAC","REG","2025-10-05T20:25:00Z",FALSE,"historical",6,6,0,6,6,6
"KXNFL2TD","KXNFL2TD-25OCT05DETCIN","DET at CIN (Oct 5)","2025-10-05","2025-10","2025_05_DET_CIN","REG","2025-10-05T20:25:00Z",FALSE,"historical",7,7,0,7,7,7
"KXNFL2TD","KXNFL2TD-25OCT05TENARI","TEN at ARI (Oct 5)","2025-10-05","2025-10","2025_05_TEN_ARI","REG","2025-10-05T20:05:00Z",FALSE,"historical",4,4,0,4,4,4
"KXNFL2TD","KXNFL2TD-25OCT05TBSEA","TB at SEA (Oct 5)","2025-10-05","2025-10","2025_05_TB_SEA","REG","2025-10-05T20:05:00Z",FALSE,"historical",5,5,0,5,5,4
"KXNFL2TD","KXNFL2TD-25OCT05NYGNO","NYG at NO (Oct 5)","2025-10-05","2025-10","2025_05_NYG_NO","REG","2025-10-05T17:00:00Z",FALSE,"historical",6,5,1,6,5,5
"KXNFL2TD","KXNFL2TD-25OCT05MIACAR","MIA at CAR (Oct 5)","2025-10-05","2025-10","2025_05_MIA_CAR","REG","2025-10-05T17:00:00Z",FALSE,"historical",6,4,2,6,4,3
"KXNFL2TD","KXNFL2TD-25OCT05LVIND","LV at IND (Oct 5)","2025-10-05","2025-10","2025_05_LV_IND","REG","2025-10-05T17:00:00Z",FALSE,"historical",7,6,1,7,6,7
"KXNFL2TD","KXNFL2TD-25OCT05HOUBAL","HOU at BAL (Oct 5)","2025-10-05","2025-10","2025_05_HOU_BAL","REG","2025-10-05T17:00:00Z",FALSE,"historical",10,9,1,10,9,8
"KXNFL2TD","KXNFL2TD-25OCT05DENPHI","DEN at PHI (Oct 5)","2025-10-05","2025-10","2025_05_DEN_PHI","REG","2025-10-05T17:00:00Z",FALSE,"historical",10,10,0,10,10,10
"KXNFL2TD","KXNFL2TD-25OCT05DALNYJ","DAL at NYJ (Oct 5)","2025-10-05","2025-10","2025_05_DAL_NYJ","REG","2025-10-05T17:00:00Z",TRUE,"historical",8,8,0,8,8,7
"KXNFL2TD","KXNFL2TD-25OCT05MINCLE","MIN at CLE (Oct 5)","2025-10-05","2025-10","2025_05_MIN_CLE","REG","2025-10-05T13:30:00Z",FALSE,"historical",7,7,0,7,7,7
"KXNFL2TD","KXNFL2TD-25OCT02SFLA","SF at LA (Oct 2)","2025-10-02","2025-10","2025_05_SF_LA","REG","2025-10-03T00:15:00Z",FALSE,"historical",8,5,3,8,5,8
"KXNFL2TD","KXNFL2TD-25SEP29CINDEN","CIN at DEN (Sep 29)","2025-09-29","2025-09","2025_04_CIN_DEN","REG","2025-09-30T00:15:00Z",TRUE,"historical",8,8,0,8,8,8
"KXNFL2TD","KXNFL2TD-25SEP29NYJMIA","NYJ at MIA (Sep 29)","2025-09-29","2025-09","2025_04_NYJ_MIA","REG","2025-09-29T23:15:00Z",FALSE,"historical",7,7,0,7,7,7
"KXNFL2TD","KXNFL2TD-25SEP28GBDAL","GB at DAL (Sep 28)","2025-09-28","2025-09","2025_04_GB_DAL","REG","2025-09-29T00:20:00Z",FALSE,"historical",6,6,0,6,6,6
"KXNFL2TD","KXNFL2TD-25SEP28CHILV","CHI at LV (Sep 28)","2025-09-28","2025-09","2025_04_CHI_LV","REG","2025-09-28T20:25:00Z",FALSE,"historical",7,7,0,7,7,7
"KXNFL2TD","KXNFL2TD-25SEP28BALKC","BAL at KC (Sep 28)","2025-09-28","2025-09","2025_04_BAL_KC","REG","2025-09-28T20:25:00Z",FALSE,"historical",10,10,0,10,10,8
"KXNFL2TD","KXNFL2TD-25SEP28JACSF","JAC at SF (Sep 28)","2025-09-28","2025-09","2025_04_JAX_SF","REG","2025-09-28T20:05:00Z",FALSE,"historical",6,6,0,6,6,6
"KXNFL2TD","KXNFL2TD-25SEP28INDLA","IND at LA (Sep 28)","2025-09-28","2025-09","2025_04_IND_LA","REG","2025-09-28T20:05:00Z",FALSE,"historical",8,8,0,8,8,8
"KXNFL2TD","KXNFL2TD-25SEP28WASATL","WAS at ATL (Sep 28)","2025-09-28","2025-09","2025_04_WAS_ATL","REG","2025-09-28T17:00:00Z",FALSE,"historical",6,6,0,6,6,6
"KXNFL2TD","KXNFL2TD-25SEP28TENHOU","TEN at HOU (Sep 28)","2025-09-28","2025-09","2025_04_TEN_HOU","REG","2025-09-28T17:00:00Z",FALSE,"historical",5,5,0,5,5,3
"KXNFL2TD","KXNFL2TD-25SEP28PHITB","PHI at TB (Sep 28)","2025-09-28","2025-09","2025_04_PHI_TB","REG","2025-09-28T17:00:00Z",FALSE,"historical",7,7,0,7,7,7
"KXNFL2TD","KXNFL2TD-25SEP28NOBUF","NO at BUF (Sep 28)","2025-09-28","2025-09","2025_04_NO_BUF","REG","2025-09-28T17:00:00Z",FALSE,"historical",8,8,0,8,8,7
"KXNFL2TD","KXNFL2TD-25SEP28LACNYG","LAC at NYG (Sep 28)","2025-09-28","2025-09","2025_04_LAC_NYG","REG","2025-09-28T17:00:00Z",FALSE,"historical",5,5,0,5,5,5
"KXNFL2TD","KXNFL2TD-25SEP28CLEDET","CLE at DET (Sep 28)","2025-09-28","2025-09","2025_04_CLE_DET","REG","2025-09-28T17:00:00Z",FALSE,"historical",7,7,0,7,7,7
"KXNFL2TD","KXNFL2TD-25SEP28CARNE","CAR at NE (Sep 28)","2025-09-28","2025-09","2025_04_CAR_NE","REG","2025-09-28T17:00:00Z",FALSE,"historical",5,5,0,5,5,4
"KXNFL2TD","KXNFL2TD-25SEP28MINPIT","MIN at PIT (Sep 28)","2025-09-28","2025-09","2025_04_MIN_PIT","REG","2025-09-28T13:30:00Z",FALSE,"historical",6,5,1,6,5,6
"KXNFL2TD","KXNFL2TD-25SEP25SEAARI","SEA at ARI (Sep 25)","2025-09-25","2025-09","2025_04_SEA_ARI","REG","2025-09-26T00:15:00Z",FALSE,"historical",5,4,1,5,4,5
"KXNFL2TD","KXNFL2TD-25SEP22DETBAL","DET at BAL (Sep 22)","2025-09-22","2025-09","2025_03_DET_BAL","REG","2025-09-23T00:15:00Z",FALSE,"historical",11,11,0,11,11,11
"KXNFL2TD","KXNFL2TD-25SEP21KCNYG","KC at NYG (Sep 21)","2025-09-21","2025-09","2025_03_KC_NYG","REG","2025-09-22T00:20:00Z",FALSE,"historical",5,5,0,5,5,5
"KXNFL2TD","KXNFL2TD-25SEP21DALCHI","DAL at CHI (Sep 21)","2025-09-21","2025-09","2025_03_DAL_CHI","REG","2025-09-21T20:25:00Z",FALSE,"historical",9,9,0,9,9,9
"KXNFL2TD","KXNFL2TD-25SEP21ARISF","ARI at SF (Sep 21)","2025-09-21","2025-09","2025_03_ARI_SF","REG","2025-09-21T20:25:00Z",FALSE,"historical",7,6,1,7,6,6
"KXNFL2TD","KXNFL2TD-25SEP21NOSEA","NO at SEA (Sep 21)","2025-09-21","2025-09","2025_03_NO_SEA","REG","2025-09-21T20:05:00Z",FALSE,"historical",8,8,0,8,8,7
"KXNFL2TD","KXNFL2TD-25SEP21DENLAC","DEN at LAC (Sep 21)","2025-09-21","2025-09","2025_03_DEN_LAC","REG","2025-09-21T20:05:00Z",FALSE,"historical",7,7,0,7,7,7
"KXNFL2TD","KXNFL2TD-25SEP21PITNE","PIT at NE (Sep 21)","2025-09-21","2025-09","2025_03_PIT_NE","REG","2025-09-21T17:00:00Z",FALSE,"historical",6,6,0,6,6,6
"KXNFL2TD","KXNFL2TD-25SEP21NYJTB","NYJ at TB (Sep 21)","2025-09-21","2025-09","2025_03_NYJ_TB","REG","2025-09-21T17:00:00Z",TRUE,"historical",6,6,0,6,6,5
"KXNFL2TD","KXNFL2TD-25SEP21LVWAS","LV at WAS (Sep 21)","2025-09-21","2025-09","2025_03_LV_WAS","REG","2025-09-21T17:00:00Z",FALSE,"historical",6,6,0,6,6,5
"KXNFL2TD","KXNFL2TD-25SEP21LAPHI","LA at PHI (Sep 21)","2025-09-21","2025-09","2025_03_LA_PHI","REG","2025-09-21T17:00:00Z",FALSE,"historical",9,9,0,9,9,8
"KXNFL2TD","KXNFL2TD-25SEP21INDTEN","IND at TEN (Sep 21)","2025-09-21","2025-09","2025_03_IND_TEN","REG","2025-09-21T17:00:00Z",FALSE,"historical",6,6,0,6,6,5
"KXNFL2TD","KXNFL2TD-25SEP21HOUJAC","HOU at JAC (Sep 21)","2025-09-21","2025-09","2025_03_HOU_JAX","REG","2025-09-21T17:00:00Z",FALSE,"historical",6,6,0,6,6,6
"KXNFL2TD","KXNFL2TD-25SEP21GBCLE","GB at CLE (Sep 21)","2025-09-21","2025-09","2025_03_GB_CLE","REG","2025-09-21T17:00:00Z",FALSE,"historical",6,6,0,6,6,5
"KXNFL2TD","KXNFL2TD-25SEP21CINMIN","CIN at MIN (Sep 21)","2025-09-21","2025-09","2025_03_CIN_MIN","REG","2025-09-21T17:00:00Z",FALSE,"historical",6,6,0,6,6,6
"KXNFL2TD","KXNFL2TD-25SEP21ATLCAR","ATL at CAR (Sep 21)","2025-09-21","2025-09","2025_03_ATL_CAR","REG","2025-09-21T17:00:00Z",FALSE,"historical",6,6,0,6,6,6
"KXNFL2TD","KXNFL2TD-25SEP18MIABUF","MIA at BUF (Sep 18)","2025-09-18","2025-09","2025_03_MIA_BUF","REG","2025-09-19T00:15:00Z",FALSE,"historical",7,7,0,7,7,7
"KXNFL2TD","KXNFL2TD-25SEP15LACLV","LAC at LV (Sep 15)","2025-09-15","2025-09","2025_02_LAC_LV","REG","2025-09-16T02:00:00Z",FALSE,"historical",7,7,0,7,7,7
"KXNFL2TD","KXNFL2TD-25SEP15TBHOU","TB at HOU (Sep 15)","2025-09-15","2025-09","2025_02_TB_HOU","REG","2025-09-15T23:00:00Z",FALSE,"historical",6,6,0,6,6,6
"KXNFL2TD","KXNFL2TD-25SEP14ATLMIN","ATL at MIN (Sep 14)","2025-09-14","2025-09","2025_02_ATL_MIN","REG","2025-09-15T00:20:00Z",FALSE,"historical",8,8,0,8,8,8
"KXNFL2TD","KXNFL2TD-25SEP14PHIKC","PHI at KC (Sep 14)","2025-09-14","2025-09","2025_02_PHI_KC","REG","2025-09-14T20:25:00Z",FALSE,"historical",8,7,1,8,7,8
"KXNFL2TD","KXNFL2TD-25SEP14DENIND","DEN at IND (Sep 14)","2025-09-14","2025-09","2025_02_DEN_IND","REG","2025-09-14T20:05:00Z",FALSE,"historical",8,8,0,8,8,8
"KXNFL2TD","KXNFL2TD-25SEP14CARARI","CAR at ARI (Sep 14)","2025-09-14","2025-09","2025_02_CAR_ARI","REG","2025-09-14T20:05:00Z",FALSE,"historical",5,5,0,5,5,5
"KXNFL2TD","KXNFL2TD-25SEP14SFNO","SF at NO (Sep 14)","2025-09-14","2025-09","2025_02_SF_NO","REG","2025-09-14T17:00:00Z",FALSE,"historical",8,8,0,8,8,6
"KXNFL2TD","KXNFL2TD-25SEP14SEAPIT","SEA at PIT (Sep 14)","2025-09-14","2025-09","2025_02_SEA_PIT","REG","2025-09-14T17:00:00Z",FALSE,"historical",7,7,0,7,7,7
"KXNFL2TD","KXNFL2TD-25SEP14NYGDAL","NYG at DAL (Sep 14)","2025-09-14","2025-09","2025_02_NYG_DAL","REG","2025-09-14T17:00:00Z",FALSE,"historical",6,6,0,6,6,6
"KXNFL2TD","KXNFL2TD-25SEP14NEMIA","NE at MIA (Sep 14)","2025-09-14","2025-09","2025_02_NE_MIA","REG","2025-09-14T17:00:00Z",FALSE,"historical",6,6,0,6,6,6
"KXNFL2TD","KXNFL2TD-25SEP14LATEN","LA at TEN (Sep 14)","2025-09-14","2025-09","2025_02_LA_TEN","REG","2025-09-14T17:00:00Z",FALSE,"historical",6,6,0,6,6,5
"KXNFL2TD","KXNFL2TD-25SEP14JACCIN","JAC at CIN (Sep 14)","2025-09-14","2025-09","2025_02_JAX_CIN","REG","2025-09-14T17:00:00Z",FALSE,"historical",6,6,0,6,6,6
"KXNFL2TD","KXNFL2TD-25SEP14CLEBAL","CLE at BAL (Sep 14)","2025-09-14","2025-09","2025_02_CLE_BAL","REG","2025-09-14T17:00:00Z",FALSE,"historical",8,8,0,8,8,8
"KXNFL2TD","KXNFL2TD-25SEP14CHIDET","CHI at DET (Sep 14)","2025-09-14","2025-09","2025_02_CHI_DET","REG","2025-09-14T17:00:00Z",FALSE,"historical",8,8,0,8,8,8
"KXNFL2TD","KXNFL2TD-25SEP14BUFNYJ","BUF at NYJ (Sep 14)","2025-09-14","2025-09","2025_02_BUF_NYJ","REG","2025-09-14T17:00:00Z",FALSE,"historical",8,8,0,8,8,8
"KXNFL2TD","KXNFL2TD-25SEP11WASGB","WAS at GB (Sep 11)","2025-09-11","2025-09","2025_02_WAS_GB","REG","2025-09-12T00:15:00Z",FALSE,"historical",8,8,0,8,8,8
"KXNFL2TD","KXNFL2TD-25SEP08MINCHI","MIN at CHI (Sep 8)","2025-09-08","2025-09","2025_01_MIN_CHI","REG","2025-09-09T00:15:00Z",FALSE,"historical",11,11,0,11,11,11
"KXNFL2TD","KXNFL2TD-25SEP07BALBUF","BAL at BUF (Sep 7)","2025-09-07","2025-09","2025_01_BAL_BUF","REG","2025-09-08T00:20:00Z",FALSE,"historical",15,14,1,15,14,15
"KXNFL2TD","KXNFL2TD-25SEP07HOULA","HOU at LA (Sep 7)","2025-09-07","2025-09","2025_01_HOU_LA","REG","2025-09-07T20:25:00Z",FALSE,"historical",10,10,0,10,10,7
"KXNFL2TD","KXNFL2TD-25SEP07DETGB","DET at GB (Sep 7)","2025-09-07","2025-09","2025_01_DET_GB","REG","2025-09-07T20:25:00Z",FALSE,"historical",11,11,0,11,11,9
"KXNFL2TD","KXNFL2TD-25SEP07TENDEN","TEN at DEN (Sep 7)","2025-09-07","2025-09","2025_01_TEN_DEN","REG","2025-09-07T20:05:00Z",TRUE,"historical",11,11,0,11,11,7
"KXNFL2TD","KXNFL2TD-25SEP07SFSEA","SF at SEA (Sep 7)","2025-09-07","2025-09","2025_01_SF_SEA","REG","2025-09-07T20:05:00Z",FALSE,"historical",11,11,0,11,11,9
"KXNFL2TD","KXNFL2TD-25SEP07TBATL","TB at ATL (Sep 7)","2025-09-07","2025-09","2025_01_TB_ATL","REG","2025-09-07T17:00:00Z",FALSE,"historical",10,10,0,10,10,7
"KXNFL2TD","KXNFL2TD-25SEP07PITNYJ","PIT at NYJ (Sep 7)","2025-09-07","2025-09","2025_01_PIT_NYJ","REG","2025-09-07T17:00:00Z",FALSE,"historical",11,11,0,11,11,6
"KXNFL2TD","KXNFL2TD-25SEP07NYGWAS","NYG at WAS (Sep 7)","2025-09-07","2025-09","2025_01_NYG_WAS","REG","2025-09-07T17:00:00Z",FALSE,"historical",10,10,0,10,10,5
"KXNFL2TD","KXNFL2TD-25SEP07MIAIND","MIA at IND (Sep 7)","2025-09-07","2025-09","2025_01_MIA_IND","REG","2025-09-07T17:00:00Z",FALSE,"historical",13,13,0,13,13,7
"KXNFL2TD","KXNFL2TD-25SEP07LVNE","LV at NE (Sep 7)","2025-09-07","2025-09","2025_01_LV_NE","REG","2025-09-07T17:00:00Z",FALSE,"historical",11,11,0,11,11,5
"KXNFL2TD","KXNFL2TD-25SEP07CINCLE","CIN at CLE (Sep 7)","2025-09-07","2025-09","2025_01_CIN_CLE","REG","2025-09-07T17:00:00Z",FALSE,"historical",9,9,0,9,9,7
"KXNFL2TD","KXNFL2TD-25SEP07CARJAC","CAR at JAC (Sep 7)","2025-09-07","2025-09","2025_01_CAR_JAX","REG","2025-09-07T17:00:00Z",FALSE,"historical",10,10,0,10,10,6
"KXNFL2TD","KXNFL2TD-25SEP07ARINO","ARI at NO (Sep 7)","2025-09-07","2025-09","2025_01_ARI_NO","REG","2025-09-07T17:00:00Z",FALSE,"historical",7,7,0,7,7,3
"KXNFL2TD","KXNFL2TD-25SEP05KCLAC","KC at LAC (Sep 5)","2025-09-05","2025-09","2025_01_KC_LAC","REG","2025-09-06T00:00:00Z",FALSE,"historical",13,13,0,13,13,10
"KXNFL2TD","KXNFL2TD-25SEP04DALPHI","DAL at PHI (Sep 4)","2025-09-04","2025-09","2025_01_DAL_PHI","REG","2025-09-05T00:20:00Z",FALSE,"historical",14,14,0,14,14,10
"KXNFLFIRSTTD","KXNFLFIRSTTD-26SEP28PHICHI","PHI vs CHI (Sep 28)","2026-09-28","2026-09","2026_03_PHI_CHI","REG","2026-09-29T00:15:00Z",FALSE,"live",27,26,1,27,26,26
"KXNFLFIRSTTD","KXNFLFIRSTTD-26SEP27LARDEN","LAR vs DEN (Sep 27)","2026-09-27","2026-09","2026_03_LA_DEN","REG","2026-09-28T00:20:00Z",FALSE,"live",27,24,3,27,24,27
"KXNFLFIRSTTD","KXNFLFIRSTTD-26SEP27LVNO","LV vs NO (Sep 27)","2026-09-27","2026-09","2026_03_LV_NO","REG","2026-09-27T20:25:00Z",FALSE,"live",28,27,1,28,27,27
"KXNFLFIRSTTD","KXNFLFIRSTTD-26SEP27BALDAL","BAL vs DAL (Sep 27)","2026-09-27","2026-09","2026_03_BAL_DAL","REG","2026-09-27T20:25:00Z",FALSE,"live",27,25,2,27,25,26
"KXNFLFIRSTTD","KXNFLFIRSTTD-26SEP27MINTB","MIN vs TB (Sep 27)","2026-09-27","2026-09","2026_03_MIN_TB","REG","2026-09-27T20:05:00Z",FALSE,"live",26,26,0,26,26,25
"KXNFLFIRSTTD","KXNFLFIRSTTD-26SEP27ARISF","ARI vs SF (Sep 27)","2026-09-27","2026-09","2026_03_ARI_SF","REG","2026-09-27T20:05:00Z",FALSE,"live",22,22,0,22,22,21
"KXNFLFIRSTTD","KXNFLFIRSTTD-26SEP27TENNYG","TEN vs NYG (Sep 27)","2026-09-27","2026-09","2026_03_TEN_NYG","REG","2026-09-27T17:00:00Z",FALSE,"live",27,25,2,27,25,26
"KXNFLFIRSTTD","KXNFLFIRSTTD-26SEP27SEAWAS","SEA vs WAS (Sep 27)","2026-09-27","2026-09","2026_03_SEA_WAS","REG","2026-09-27T17:00:00Z",FALSE,"live",30,30,0,30,30,29
"KXNFLFIRSTTD","KXNFLFIRSTTD-26SEP27NYJDET","NYJ vs DET (Sep 27)","2026-09-27","2026-09","2026_03_NYJ_DET","REG","2026-09-27T17:00:00Z",FALSE,"live",23,21,2,23,21,23
"KXNFLFIRSTTD","KXNFLFIRSTTD-26SEP27NEJAC","NE vs JAC (Sep 27)","2026-09-27","2026-09","2026_03_NE_JAX","REG","2026-09-27T17:00:00Z",FALSE,"live",30,29,1,30,29,27
"KXNFLFIRSTTD","KXNFLFIRSTTD-26SEP27LACBUF","LAC vs BUF (Sep 27)","2026-09-27","2026-09","2026_03_LAC_BUF","REG","2026-09-27T17:00:00Z",TRUE,"live",24,23,1,24,23,24
"KXNFLFIRSTTD","KXNFLFIRSTTD-26SEP27KCMIA","KC vs MIA (Sep 27)","2026-09-27","2026-09","2026_03_KC_MIA","REG","2026-09-27T17:00:00Z",FALSE,"live",25,24,1,25,24,23
"KXNFLFIRSTTD","KXNFLFIRSTTD-26SEP27HOUIND","HOU vs IND (Sep 27)","2026-09-27","2026-09","2026_03_HOU_IND","REG","2026-09-27T17:00:00Z",FALSE,"live",26,24,2,26,24,23
"KXNFLFIRSTTD","KXNFLFIRSTTD-26SEP27CINPIT","CIN vs PIT (Sep 27)","2026-09-27","2026-09","2026_03_CIN_PIT","REG","2026-09-27T17:00:00Z",FALSE,"live",28,26,2,28,26,27
"KXNFLFIRSTTD","KXNFLFIRSTTD-26SEP27CARCLE","CAR vs CLE (Sep 27)","2026-09-27","2026-09","2026_03_CAR_CLE","REG","2026-09-27T17:00:00Z",FALSE,"live",28,26,2,28,26,25
"KXNFLFIRSTTD","KXNFLFIRSTTD-26SEP24ATLGB","ATL vs GB (Sep 24)","2026-09-24","2026-09","2026_03_ATL_GB","REG","2026-09-25T00:15:00Z",FALSE,"live",25,25,0,25,25,25
"KXNFLFIRSTTD","KXNFLFIRSTTD-26SEP21NYGLAR","NYG vs LAR (Sep 21)","2026-09-21","2026-09","2026_02_NYG_LA","REG","2026-09-22T00:15:00Z",FALSE,"live",29,26,3,29,26,28
"KXNFLFIRSTTD","KXNFLFIRSTTD-26SEP20INDKC","IND vs KC (Sep 20)","2026-09-20","2026-09","2026_02_IND_KC","REG","2026-09-21T00:20:00Z",FALSE,"live",30,27,3,30,27,29
"KXNFLFIRSTTD","KXNFLFIRSTTD-26SEP20WASDAL","WAS vs DAL (Sep 20)","2026-09-20","2026-09","2026_02_WAS_DAL","REG","2026-09-20T20:25:00Z",FALSE,"live",29,27,2,29,27,26
"KXNFLFIRSTTD","KXNFLFIRSTTD-26SEP20SEAARI","SEA vs ARI (Sep 20)","2026-09-20","2026-09","2026_02_SEA_ARI","REG","2026-09-20T20:25:00Z",FALSE,"live",23,23,0,23,23,23
"KXNFLFIRSTTD","KXNFLFIRSTTD-26SEP20MIASF","MIA vs SF (Sep 20)","2026-09-20","2026-09","2026_02_MIA_SF","REG","2026-09-20T20:25:00Z",FALSE,"live",25,24,1,25,24,24
"KXNFLFIRSTTD","KXNFLFIRSTTD-26SEP20LVLAC","LV vs LAC (Sep 20)","2026-09-20","2026-09","2026_02_LV_LAC","REG","2026-09-20T20:05:00Z",FALSE,"live",26,26,0,26,26,25
"KXNFLFIRSTTD","KXNFLFIRSTTD-26SEP20JACDEN","JAC vs DEN (Sep 20)","2026-09-20","2026-09","2026_02_JAX_DEN","REG","2026-09-20T20:05:00Z",FALSE,"live",32,29,3,32,29,29
"KXNFLFIRSTTD","KXNFLFIRSTTD-26SEP20PITNE","PIT vs NE (Sep 20)","2026-09-20","2026-09","2026_02_PIT_NE","REG","2026-09-20T17:00:00Z",FALSE,"live",16,15,1,16,15,16
"KXNFLFIRSTTD","KXNFLFIRSTTD-26SEP20PHITEN","PHI vs TEN (Sep 20)","2026-09-20","2026-09","2026_02_PHI_TEN","REG","2026-09-20T17:00:00Z",FALSE,"live",23,23,0,23,23,23
"KXNFLFIRSTTD","KXNFLFIRSTTD-26SEP20NOBAL","NO vs BAL (Sep 20)","2026-09-20","2026-09","2026_02_NO_BAL","REG","2026-09-20T17:00:00Z",FALSE,"live",27,25,2,27,25,25
"KXNFLFIRSTTD","KXNFLFIRSTTD-26SEP20MINCHI","MIN vs CHI (Sep 20)","2026-09-20","2026-09","2026_02_MIN_CHI","REG","2026-09-20T17:00:00Z",FALSE,"live",24,23,1,24,23,24
"KXNFLFIRSTTD","KXNFLFIRSTTD-26SEP20GBNYJ","GB vs NYJ (Sep 20)","2026-09-20","2026-09","2026_02_GB_NYJ","REG","2026-09-20T17:00:00Z",FALSE,"live",4,4,0,4,4,4
"KXNFLFIRSTTD","KXNFLFIRSTTD-26SEP20CLETB","CLE vs TB (Sep 20)","2026-09-20","2026-09","2026_02_CLE_TB","REG","2026-09-20T17:00:00Z",TRUE,"live",24,24,0,24,24,23
"KXNFLFIRSTTD","KXNFLFIRSTTD-26SEP20CINHOU","CIN vs HOU (Sep 20)","2026-09-20","2026-09","2026_02_CIN_HOU","REG","2026-09-20T17:00:00Z",FALSE,"live",26,24,2,26,24,24
"KXNFLFIRSTTD","KXNFLFIRSTTD-26SEP20CARATL","CAR vs ATL (Sep 20)","2026-09-20","2026-09","2026_02_CAR_ATL","REG","2026-09-20T17:00:00Z",FALSE,"live",27,26,1,27,26,25
"KXNFLFIRSTTD","KXNFLFIRSTTD-26SEP17DETBUF","DET vs BUF (Sep 17)","2026-09-17","2026-09","2026_02_DET_BUF","REG","2026-09-18T00:15:00Z",FALSE,"live",22,22,0,22,22,22
"KXNFLFIRSTTD","KXNFLFIRSTTD-26SEP14DENKC","DEN vs KC (Sep 14)","2026-09-14","2026-09","2026_01_DEN_KC","REG","2026-09-15T00:15:00Z",FALSE,"live",31,29,2,31,29,31
"KXNFLFIRSTTD","KXNFLFIRSTTD-26SEP13DALNYG","DAL vs NYG (Sep 13)","2026-09-13","2026-09","2026_01_DAL_NYG","REG","2026-09-14T00:20:00Z",FALSE,"live",28,24,4,28,24,28
"KXNFLFIRSTTD","KXNFLFIRSTTD-26SEP13WASPHI","WAS vs PHI (Sep 13)","2026-09-13","2026-09","2026_01_WAS_PHI","REG","2026-09-13T20:25:00Z",FALSE,"live",27,24,3,27,24,27
"KXNFLFIRSTTD","KXNFLFIRSTTD-26SEP13MIALV","MIA vs LV (Sep 13)","2026-09-13","2026-09","2026_01_MIA_LV","REG","2026-09-13T20:25:00Z",FALSE,"live",25,23,2,25,23,25
"KXNFLFIRSTTD","KXNFLFIRSTTD-26SEP13GBMIN","GB vs MIN (Sep 13)","2026-09-13","2026-09","2026_01_GB_MIN","REG","2026-09-13T20:25:00Z",FALSE,"live",25,24,1,25,24,24
"KXNFLFIRSTTD","KXNFLFIRSTTD-26SEP13ARILAC","ARI vs LAC (Sep 13)","2026-09-13","2026-09","2026_01_ARI_LAC","REG","2026-09-13T20:25:00Z",FALSE,"live",21,21,0,21,21,21
"KXNFLFIRSTTD","KXNFLFIRSTTD-26SEP13TBCIN","TB vs CIN (Sep 13)","2026-09-13","2026-09","2026_01_TB_CIN","REG","2026-09-13T17:00:00Z",FALSE,"live",25,24,1,25,24,24
"KXNFLFIRSTTD","KXNFLFIRSTTD-26SEP13NYJTEN","NYJ vs TEN (Sep 13)","2026-09-13","2026-09","2026_01_NYJ_TEN","REG","2026-09-13T17:00:00Z",FALSE,"live",27,24,3,27,24,26
"KXNFLFIRSTTD","KXNFLFIRSTTD-26SEP13NODET","NO vs DET (Sep 13)","2026-09-13","2026-09","2026_01_NO_DET","REG","2026-09-13T17:00:00Z",FALSE,"live",26,25,1,26,25,21
"KXNFLFIRSTTD","KXNFLFIRSTTD-26SEP13CLEJAC","CLE vs JAC (Sep 13)","2026-09-13","2026-09","2026_01_CLE_JAX","REG","2026-09-13T17:00:00Z",FALSE,"live",23,22,1,23,22,22
"KXNFLFIRSTTD","KXNFLFIRSTTD-26SEP13CHICAR","CHI vs CAR (Sep 13)","2026-09-13","2026-09","2026_01_CHI_CAR","REG","2026-09-13T17:00:00Z",FALSE,"live",26,24,2,26,24,26
"KXNFLFIRSTTD","KXNFLFIRSTTD-26SEP13BUFHOU","BUF vs HOU (Sep 13)","2026-09-13","2026-09","2026_01_BUF_HOU","REG","2026-09-13T17:00:00Z",FALSE,"live",25,23,2,25,23,25
"KXNFLFIRSTTD","KXNFLFIRSTTD-26SEP13BALIND","BAL vs IND (Sep 13)","2026-09-13","2026-09","2026_01_BAL_IND","REG","2026-09-13T17:00:00Z",FALSE,"live",28,25,3,28,25,24
"KXNFLFIRSTTD","KXNFLFIRSTTD-26SEP13ATLPIT","ATL vs PIT (Sep 13)","2026-09-13","2026-09","2026_01_ATL_PIT","REG","2026-09-13T17:00:00Z",FALSE,"live",25,24,1,25,24,25
"KXNFLFIRSTTD","KXNFLFIRSTTD-26SEP10SFLAR","SF vs LAR (Sep 10)","2026-09-10","2026-09","2026_01_SF_LA","REG","2026-09-11T00:35:00Z",FALSE,"live",31,27,4,30,26,30
"KXNFLFIRSTTD","KXNFLFIRSTTD-26SEP09NESEA","NE vs SEA (Sep 9)","2026-09-09","2026-09","2026_01_NE_SEA","REG","2026-09-10T00:20:00Z",TRUE,"live",24,24,0,24,24,24
"KXNFLFIRSTTD","KXNFLFIRSTTD-26FEB08SEANE","SEA at NE (Feb 8)","2026-02-08","2026-02","2025_22_SEA_NE","SB","2026-02-08T23:30:00Z",TRUE,"historical",22,22,0,22,22,22
"KXNFLFIRSTTD","KXNFLFIRSTTD-26JAN25LASEA","LA at SEA (Jan 25)","2026-01-25","2026-01","2025_21_LA_SEA","CON","2026-01-25T23:30:00Z",FALSE,"historical",19,18,1,19,18,19
"KXNFLFIRSTTD","KXNFLFIRSTTD-26JAN25NEDEN","NE at DEN (Jan 25)","2026-01-25","2026-01","2025_21_NE_DEN","CON","2026-01-25T20:00:00Z",FALSE,"historical",23,23,0,23,23,23
"KXNFLFIRSTTD","KXNFLFIRSTTD-26JAN18HOUNE","HOU at NE (Jan 18)","2026-01-18","2026-01","2025_20_HOU_NE","DIV","2026-01-18T20:00:00Z",FALSE,"historical",21,21,0,21,21,21
"KXNFLFIRSTTD","KXNFLFIRSTTD-26JAN18LACHI","LA at CHI (Jan 18)","2026-01-18","2026-01","2025_20_LA_CHI","DIV","2026-01-18T23:30:00Z",FALSE,"historical",22,21,1,22,21,22
"KXNFLFIRSTTD","KXNFLFIRSTTD-26JAN17SFSEA","SF at SEA (Jan 17)","2026-01-17","2026-01","2025_20_SF_SEA","DIV","2026-01-18T01:00:00Z",FALSE,"historical",19,19,0,19,19,19
"KXNFLFIRSTTD","KXNFLFIRSTTD-26JAN17BUFDEN","BUF at DEN (Jan 17)","2026-01-17","2026-01","2025_20_BUF_DEN","DIV","2026-01-17T21:30:00Z",TRUE,"historical",24,24,0,24,24,24
"KXNFLFIRSTTD","KXNFLFIRSTTD-26JAN12HOUPIT","HOU at PIT (Jan 12)","2026-01-12","2026-01","2025_19_HOU_PIT","WC","2026-01-13T01:00:00Z",FALSE,"historical",21,21,0,21,21,21
"KXNFLFIRSTTD","KXNFLFIRSTTD-26JAN11LACNE","LAC at NE (Jan 11)","2026-01-11","2026-01","2025_19_LAC_NE","WC","2026-01-12T01:00:00Z",FALSE,"historical",20,20,0,20,20,20
"KXNFLFIRSTTD","KXNFLFIRSTTD-26JAN11SFPHI","SF at PHI (Jan 11)","2026-01-11","2026-01","2025_19_SF_PHI","WC","2026-01-11T21:30:00Z",FALSE,"historical",22,22,0,22,22,22
"KXNFLFIRSTTD","KXNFLFIRSTTD-26JAN11BUFJAC","BUF at JAC (Jan 11)","2026-01-11","2026-01","2025_19_BUF_JAX","WC","2026-01-11T18:00:00Z",FALSE,"historical",25,21,4,25,21,25
"KXNFLFIRSTTD","KXNFLFIRSTTD-26JAN10GBCHI","GB at CHI (Jan 10)","2026-01-10","2026-01","2025_19_GB_CHI","WC","2026-01-11T01:00:00Z",FALSE,"historical",20,20,0,20,20,20
"KXNFLFIRSTTD","KXNFLFIRSTTD-26JAN10LACAR","LA at CAR (Jan 10)","2026-01-10","2026-01","2025_19_LA_CAR","WC","2026-01-10T21:30:00Z",FALSE,"historical",19,19,0,19,19,19
"KXNFLFIRSTTD","KXNFLFIRSTTD-26JAN04BALPIT","BAL at PIT (Jan 4)","2026-01-04","2026-01","2025_18_BAL_PIT","REG","2026-01-05T01:20:00Z",FALSE,"historical",18,18,0,18,18,18
"KXNFLFIRSTTD","KXNFLFIRSTTD-26JAN04WASPHI","WAS at PHI (Jan 4)","2026-01-04","2026-01","2025_18_WAS_PHI","REG","2026-01-04T21:25:00Z",FALSE,"historical",16,16,0,16,16,16
"KXNFLFIRSTTD","KXNFLFIRSTTD-26JAN04NYJBUF","NYJ at BUF (Jan 4)","2026-01-04","2026-01","2025_18_NYJ_BUF","REG","2026-01-04T21:25:00Z",TRUE,"historical",3,3,0,3,3,3
"KXNFLFIRSTTD","KXNFLFIRSTTD-26JAN04MIANE","MIA at NE (Jan 4)","2026-01-04","2026-01","2025_18_MIA_NE","REG","2026-01-04T21:25:00Z",FALSE,"historical",18,18,0,18,18,18
"KXNFLFIRSTTD","KXNFLFIRSTTD-26JAN04LACDEN","LAC at DEN (Jan 4)","2026-01-04","2026-01","2025_18_LAC_DEN","REG","2026-01-04T21:25:00Z",FALSE,"historical",16,16,0,16,16,16
"KXNFLFIRSTTD","KXNFLFIRSTTD-26JAN04KCLV","KC at LV (Jan 4)","2026-01-04","2026-01","2025_18_KC_LV","REG","2026-01-04T21:25:00Z",TRUE,"historical",11,10,1,11,10,11
"KXNFLFIRSTTD","KXNFLFIRSTTD-26JAN04DETCHI","DET at CHI (Jan 4)","2026-01-04","2026-01","2025_18_DET_CHI","REG","2026-01-04T21:25:00Z",FALSE,"historical",19,19,0,19,19,19
"KXNFLFIRSTTD","KXNFLFIRSTTD-26JAN04ARILA","ARI at LA (Jan 4)","2026-01-04","2026-01","2025_18_ARI_LA","REG","2026-01-04T21:25:00Z",FALSE,"historical",14,14,0,14,14,14
"KXNFLFIRSTTD","KXNFLFIRSTTD-26JAN04TENJAC","TEN at JAC (Jan 4)","2026-01-04","2026-01","2025_18_TEN_JAX","REG","2026-01-04T18:00:00Z",FALSE,"historical",20,19,1,20,19,20
"KXNFLFIRSTTD","KXNFLFIRSTTD-26JAN04NOATL","NO at ATL (Jan 4)","2026-01-04","2026-01","2025_18_NO_ATL","REG","2026-01-04T18:00:00Z",FALSE,"historical",16,16,0,16,16,16
"KXNFLFIRSTTD","KXNFLFIRSTTD-26JAN04INDHOU","IND at HOU (Jan 4)","2026-01-04","2026-01","2025_18_IND_HOU","REG","2026-01-04T18:00:00Z",FALSE,"historical",20,19,1,20,19,18
"KXNFLFIRSTTD","KXNFLFIRSTTD-26JAN04GBMIN","GB at MIN (Jan 4)","2026-01-04","2026-01","2025_18_GB_MIN","REG","2026-01-04T18:00:00Z",FALSE,"historical",9,9,0,9,9,9
"KXNFLFIRSTTD","KXNFLFIRSTTD-26JAN04DALNYG","DAL at NYG (Jan 4)","2026-01-04","2026-01","2025_18_DAL_NYG","REG","2026-01-04T18:00:00Z",FALSE,"historical",17,16,1,17,16,17
"KXNFLFIRSTTD","KXNFLFIRSTTD-26JAN04CLECIN","CLE at CIN (Jan 4)","2026-01-04","2026-01","2025_18_CLE_CIN","REG","2026-01-04T18:00:00Z",FALSE,"historical",19,18,1,19,18,19
"KXNFLFIRSTTD","KXNFLFIRSTTD-26JAN03SEASF","SEA at SF (Jan 3)","2026-01-03","2026-01","2025_18_SEA_SF","REG","2026-01-04T01:00:00Z",FALSE,"historical",19,19,0,19,19,19
"KXNFLFIRSTTD","KXNFLFIRSTTD-26JAN03CARTB","CAR at TB (Jan 3)","2026-01-03","2026-01","2025_18_CAR_TB","REG","2026-01-03T21:30:00Z",FALSE,"historical",21,20,1,21,20,21
"KXNFLFIRSTTD","KXNFLFIRSTTD-25DEC29LAATL","LA at ATL (Dec 29)","2025-12-29","2025-12","2025_17_LA_ATL","REG","2025-12-30T01:15:00Z",FALSE,"historical",20,19,1,20,19,20
"KXNFLFIRSTTD","KXNFLFIRSTTD-25DEC28CHISF","CHI at SF (Dec 28)","2025-12-28","2025-12","2025_17_CHI_SF","REG","2025-12-29T01:20:00Z",FALSE,"historical",21,20,1,21,20,21
"KXNFLFIRSTTD","KXNFLFIRSTTD-25DEC28PHIBUF","PHI at BUF (Dec 28)","2025-12-28","2025-12","2025_17_PHI_BUF","REG","2025-12-28T21:25:00Z",FALSE,"historical",21,20,1,21,20,21
"KXNFLFIRSTTD","KXNFLFIRSTTD-25DEC28NYGLV","NYG at LV (Dec 28)","2025-12-28","2025-12","2025_17_NYG_LV","REG","2025-12-28T21:05:00Z",FALSE,"historical",18,15,3,18,15,18
"KXNFLFIRSTTD","KXNFLFIRSTTD-25DEC28TBMIA","TB at MIA (Dec 28)","2025-12-28","2025-12","2025_17_TB_MIA","REG","2025-12-28T18:00:00Z",FALSE,"historical",22,20,2,22,20,22
"KXNFLFIRSTTD","KXNFLFIRSTTD-25DEC28SEACAR","SEA at CAR (Dec 28)","2025-12-28","2025-12","2025_17_SEA_CAR","REG","2025-12-28T18:00:00Z",FALSE,"historical",19,19,0,19,19,19
"KXNFLFIRSTTD","KXNFLFIRSTTD-25DEC28PITCLE","PIT at CLE (Dec 28)","2025-12-28","2025-12","2025_17_PIT_CLE","REG","2025-12-28T18:00:00Z",FALSE,"historical",16,15,1,16,15,16
"KXNFLFIRSTTD","KXNFLFIRSTTD-25DEC28NOTEN","NO at TEN (Dec 28)","2025-12-28","2025-12","2025_17_NO_TEN","REG","2025-12-28T18:00:00Z",TRUE,"historical",16,16,0,16,16,16
"KXNFLFIRSTTD","KXNFLFIRSTTD-25DEC28NENYJ","NE at NYJ (Dec 28)","2025-12-28","2025-12","2025_17_NE_NYJ","REG","2025-12-28T18:00:00Z",FALSE,"historical",17,17,0,17,17,17
"KXNFLFIRSTTD","KXNFLFIRSTTD-25DEC28JACIND","JAC at IND (Dec 28)","2025-12-28","2025-12","2025_17_JAX_IND","REG","2025-12-28T18:00:00Z",FALSE,"historical",20,19,1,20,19,20
"KXNFLFIRSTTD","KXNFLFIRSTTD-25DEC28ARICIN","ARI at CIN (Dec 28)","2025-12-28","2025-12","2025_17_ARI_CIN","REG","2025-12-28T18:00:00Z",FALSE,"historical",19,19,0,19,19,16
"KXNFLFIRSTTD","KXNFLFIRSTTD-25DEC27BALGB","BAL at GB (Dec 27)","2025-12-27","2025-12","2025_17_BAL_GB","REG","2025-12-28T01:00:00Z",FALSE,"historical",20,19,1,20,19,20
"KXNFLFIRSTTD","KXNFLFIRSTTD-25DEC27HOULAC","HOU at LAC (Dec 27)","2025-12-27","2025-12","2025_17_HOU_LAC","REG","2025-12-27T21:30:00Z",FALSE,"historical",20,20,0,20,20,20
"KXNFLFIRSTTD","KXNFLFIRSTTD-25DEC25DENKC","DEN at KC (Dec 25)","2025-12-25","2025-12","2025_17_DEN_KC","REG","2025-12-26T01:15:00Z",FALSE,"historical",22,22,0,22,22,22
"KXNFLFIRSTTD","KXNFLFIRSTTD-25DEC25DETMIN","DET at MIN (Dec 25)","2025-12-25","2025-12","2025_17_DET_MIN","REG","2025-12-25T21:30:00Z",FALSE,"historical",16,16,0,16,16,16
"KXNFLFIRSTTD","KXNFLFIRSTTD-25DEC25DALWAS","DAL at WAS (Dec 25)","2025-12-25","2025-12","2025_17_DAL_WAS","REG","2025-12-25T18:00:00Z",FALSE,"historical",20,19,1,20,19,20
"KXNFLFIRSTTD","KXNFLFIRSTTD-25DEC22SFIND","SF at IND (Dec 22)","2025-12-22","2025-12","2025_16_SF_IND","REG","2025-12-23T01:15:00Z",FALSE,"historical",21,20,1,21,20,21
"KXNFLFIRSTTD","KXNFLFIRSTTD-25DEC21NEBAL","NE at BAL (Dec 21)","2025-12-21","2025-12","2025_16_NE_BAL","REG","2025-12-22T01:20:00Z",TRUE,"historical",22,22,0,22,22,22
"KXNFLFIRSTTD","KXNFLFIRSTTD-25DEC21PITDET","PIT at DET (Dec 21)","2025-12-21","2025-12","2025_16_PIT_DET","REG","2025-12-21T21:25:00Z",TRUE,"historical",21,20,1,21,20,21
"KXNFLFIRSTTD","KXNFLFIRSTTD-25DEC21LVHOU","LV at HOU (Dec 21)","2025-12-21","2025-12","2025_16_LV_HOU","REG","2025-12-21T21:25:00Z",FALSE,"historical",21,21,0,21,21,20
"KXNFLFIRSTTD","KXNFLFIRSTTD-25DEC21JACDEN","JAC at DEN (Dec 21)","2025-12-21","2025-12","2025_16_JAX_DEN","REG","2025-12-21T21:05:00Z",FALSE,"historical",23,22,1,23,22,22
"KXNFLFIRSTTD","KXNFLFIRSTTD-25DEC21ATLARI","ATL at ARI (Dec 21)","2025-12-21","2025-12","2025_16_ATL_ARI","REG","2025-12-21T21:05:00Z",FALSE,"historical",18,17,1,18,17,16
"KXNFLFIRSTTD","KXNFLFIRSTTD-25DEC21TBCAR","TB at CAR (Dec 21)","2025-12-21","2025-12","2025_16_TB_CAR","REG","2025-12-21T18:00:00Z",FALSE,"historical",22,21,1,22,21,22
"KXNFLFIRSTTD","KXNFLFIRSTTD-25DEC21NYJNO","NYJ at NO (Dec 21)","2025-12-21","2025-12","2025_16_NYJ_NO","REG","2025-12-21T18:00:00Z",FALSE,"historical",16,16,0,16,16,13
"KXNFLFIRSTTD","KXNFLFIRSTTD-25DEC21MINNYG","MIN at NYG (Dec 21)","2025-12-21","2025-12","2025_16_MIN_NYG","REG","2025-12-21T18:00:00Z",FALSE,"historical",19,18,1,19,18,19
"KXNFLFIRSTTD","KXNFLFIRSTTD-25DEC21LACDAL","LAC at DAL (Dec 21)","2025-12-21","2025-12","2025_16_LAC_DAL","REG","2025-12-21T18:00:00Z",FALSE,"historical",20,20,0,20,20,20
"KXNFLFIRSTTD","KXNFLFIRSTTD-25DEC21KCTEN","KC at TEN (Dec 21)","2025-12-21","2025-12","2025_16_KC_TEN","REG","2025-12-21T18:00:00Z",FALSE,"historical",19,19,0,19,19,17
"KXNFLFIRSTTD","KXNFLFIRSTTD-25DEC21CINMIA","CIN at MIA (Dec 21)","2025-12-21","2025-12","2025_16_CIN_MIA","REG","2025-12-21T18:00:00Z",FALSE,"historical",20,19,1,20,19,20
"KXNFLFIRSTTD","KXNFLFIRSTTD-25DEC21BUFCLE","BUF at CLE (Dec 21)","2025-12-21","2025-12","2025_16_BUF_CLE","REG","2025-12-21T18:00:00Z",FALSE,"historical",21,19,2,21,19,21
"KXNFLFIRSTTD","KXNFLFIRSTTD-25DEC20GBCHI","GB at CHI (Dec 20)","2025-12-20","2025-12","2025_16_GB_CHI","REG","2025-12-21T01:20:00Z",FALSE,"historical",15,15,0,15,15,15
"KXNFLFIRSTTD","KXNFLFIRSTTD-25DEC20PHIWAS","PHI at WAS (Dec 20)","2025-12-20","2025-12","2025_16_PHI_WAS","REG","2025-12-20T22:00:00Z",FALSE,"historical",20,20,0,20,20,20
"KXNFLFIRSTTD","KXNFLFIRSTTD-25DEC18LASEA","LA at SEA (Dec 18)","2025-12-18","2025-12","2025_16_LA_SEA","REG","2025-12-19T01:15:00Z",FALSE,"historical",18,18,0,18,18,18
"KXNFLFIRSTTD","KXNFLFIRSTTD-25DEC15MIAPIT","MIA at PIT (Dec 15)","2025-12-15","2025-12","2025_15_MIA_PIT","REG","2025-12-16T01:15:00Z",FALSE,"historical",22,21,1,22,21,22
"KXNFLFIRSTTD","KXNFLFIRSTTD-25DEC14MINDAL","MIN at DAL (Dec 14)","2025-12-14","2025-12","2025_15_MIN_DAL","REG","2025-12-15T01:20:00Z",FALSE,"historical",21,19,2,21,19,21
"KXNFLFIRSTTD","KXNFLFIRSTTD-25DEC14TENSF","TEN at SF (Dec 14)","2025-12-14","2025-12","2025_15_TEN_SF","REG","2025-12-14T21:25:00Z",FALSE,"historical",22,22,0,22,22,19
"KXNFLFIRSTTD","KXNFLFIRSTTD-25DEC14INDSEA","IND at SEA (Dec 14)","2025-12-14","2025-12","2025_15_IND_SEA","REG","2025-12-14T21:25:00Z",FALSE,"historical",17,16,1,17,16,16
"KXNFLFIRSTTD","KXNFLFIRSTTD-25DEC14GBDEN","GB at DEN (Dec 14)","2025-12-14","2025-12","2025_15_GB_DEN","REG","2025-12-14T21:25:00Z",FALSE,"historical",19,19,0,19,19,19
"KXNFLFIRSTTD","KXNFLFIRSTTD-25DEC14DETLA","DET at LA (Dec 14)","2025-12-14","2025-12","2025_15_DET_LA","REG","2025-12-14T21:25:00Z",FALSE,"historical",17,17,0,17,17,17
"KXNFLFIRSTTD","KXNFLFIRSTTD-25DEC14CARNO","CAR at NO (Dec 14)","2025-12-14","2025-12","2025_15_CAR_NO","REG","2025-12-14T21:25:00Z",FALSE,"historical",19,19,0,19,19,19
"KXNFLFIRSTTD","KXNFLFIRSTTD-25DEC14WASNYG","WAS at NYG (Dec 14)","2025-12-14","2025-12","2025_15_WAS_NYG","REG","2025-12-14T18:00:00Z",FALSE,"historical",18,18,0,18,18,18
"KXNFLFIRSTTD","KXNFLFIRSTTD-25DEC14NYJJAC","NYJ at JAC (Dec 14)","2025-12-14","2025-12","2025_15_NYJ_JAX","REG","2025-12-14T18:00:00Z",FALSE,"historical",17,16,1,17,16,17
"KXNFLFIRSTTD","KXNFLFIRSTTD-25DEC14LVPHI","LV at PHI (Dec 14)","2025-12-14","2025-12","2025_15_LV_PHI","REG","2025-12-14T18:00:00Z",FALSE,"historical",19,19,0,19,19,19
"KXNFLFIRSTTD","KXNFLFIRSTTD-25DEC14LACKC","LAC at KC (Dec 14)","2025-12-14","2025-12","2025_15_LAC_KC","REG","2025-12-14T18:00:00Z",FALSE,"historical",21,19,2,21,19,20
"KXNFLFIRSTTD","KXNFLFIRSTTD-25DEC14CLECHI","CLE at CHI (Dec 14)","2025-12-14","2025-12","2025_15_CLE_CHI","REG","2025-12-14T18:00:00Z",FALSE,"historical",17,17,0,17,17,17
"KXNFLFIRSTTD","KXNFLFIRSTTD-25DEC14BUFNE","BUF at NE (Dec 14)","2025-12-14","2025-12","2025_15_BUF_NE","REG","2025-12-14T18:00:00Z",FALSE,"historical",22,22,0,22,22,22
"KXNFLFIRSTTD","KXNFLFIRSTTD-25DEC14BALCIN","BAL at CIN (Dec 14)","2025-12-14","2025-12","2025_15_BAL_CIN","REG","2025-12-14T18:00:00Z",FALSE,"historical",19,19,0,19,19,19
"KXNFLFIRSTTD","KXNFLFIRSTTD-25DEC14ARIHOU","ARI at HOU (Dec 14)","2025-12-14","2025-12","2025_15_ARI_HOU","REG","2025-12-14T18:00:00Z",FALSE,"historical",17,17,0,17,17,17
"KXNFLFIRSTTD","KXNFLFIRSTTD-25DEC11ATLTB","ATL at TB (Dec 11)","2025-12-11","2025-12","2025_15_ATL_TB","REG","2025-12-12T01:15:00Z",FALSE,"historical",17,16,1,17,16,17
"KXNFLFIRSTTD","KXNFLFIRSTTD-25DEC08PHILAC","PHI at LAC (Dec 8)","2025-12-08","2025-12","2025_14_PHI_LAC","REG","2025-12-09T01:15:00Z",FALSE,"historical",17,17,0,17,17,17
"KXNFLFIRSTTD","KXNFLFIRSTTD-25DEC07HOUKC","HOU at KC (Dec 7)","2025-12-07","2025-12","2025_14_HOU_KC","REG","2025-12-08T01:20:00Z",FALSE,"historical",24,24,0,24,24,24
"KXNFLFIRSTTD","KXNFLFIRSTTD-25DEC07LAARI","LA at ARI (Dec 7)","2025-12-07","2025-12","2025_14_LA_ARI","REG","2025-12-07T21:25:00Z",FALSE,"historical",16,16,0,16,16,15
"KXNFLFIRSTTD","KXNFLFIRSTTD-25DEC07CHIGB","CHI at GB (Dec 7)","2025-12-07","2025-12","2025_14_CHI_GB","REG","2025-12-07T21:25:00Z",FALSE,"historical",20,20,0,20,20,19
"KXNFLFIRSTTD","KXNFLFIRSTTD-25DEC07DENLV","DEN at LV (Dec 7)","2025-12-07","2025-12","2025_14_DEN_LV","REG","2025-12-07T21:05:00Z",FALSE,"historical",20,19,1,20,19,19
"KXNFLFIRSTTD","KXNFLFIRSTTD-25DEC07WASMIN","WAS at MIN (Dec 7)","2025-12-07","2025-12","2025_14_WAS_MIN","REG","2025-12-07T18:00:00Z",FALSE,"historical",21,21,0,21,21,18
"KXNFLFIRSTTD","KXNFLFIRSTTD-25DEC07TENCLE","TEN at CLE (Dec 7)","2025-12-07","2025-12","2025_14_TEN_CLE","REG","2025-12-07T18:00:00Z",FALSE,"historical",20,19,1,20,19,16
"KXNFLFIRSTTD","KXNFLFIRSTTD-25DEC07SEAATL","SEA at ATL (Dec 7)","2025-12-07","2025-12","2025_14_SEA_ATL","REG","2025-12-07T18:00:00Z",FALSE,"historical",18,18,0,18,18,17
"KXNFLFIRSTTD","KXNFLFIRSTTD-25DEC07PITBAL","PIT at BAL (Dec 7)","2025-12-07","2025-12","2025_14_PIT_BAL","REG","2025-12-07T18:00:00Z",FALSE,"historical",22,21,1,22,21,19
"KXNFLFIRSTTD","KXNFLFIRSTTD-25DEC07NOTB","NO at TB (Dec 7)","2025-12-07","2025-12","2025_14_NO_TB","REG","2025-12-07T18:00:00Z",FALSE,"historical",17,17,0,17,17,13
"KXNFLFIRSTTD","KXNFLFIRSTTD-25DEC07MIANYJ","MIA at NYJ (Dec 7)","2025-12-07","2025-12","2025_14_MIA_NYJ","REG","2025-12-07T18:00:00Z",FALSE,"historical",18,18,0,18,18,15
"KXNFLFIRSTTD","KXNFLFIRSTTD-25DEC07INDJAC","IND at JAC (Dec 7)","2025-12-07","2025-12","2025_14_IND_JAX","REG","2025-12-07T18:00:00Z",FALSE,"historical",21,19,2,21,19,16
"KXNFLFIRSTTD","KXNFLFIRSTTD-25DEC07CINBUF","CIN at BUF (Dec 7)","2025-12-07","2025-12","2025_14_CIN_BUF","REG","2025-12-07T18:00:00Z",FALSE,"historical",21,21,0,21,21,19
"KXNFLFIRSTTD","KXNFLFIRSTTD-25DEC04DALDET","DAL at DET (Dec 4)","2025-12-04","2025-12","2025_14_DAL_DET","REG","2025-12-05T01:15:00Z",FALSE,"historical",22,20,2,22,20,22
"KXNFLFIRSTTD","KXNFLFIRSTTD-25DEC01NYGNE","NYG at NE (Dec 1)","2025-12-01","2025-12","2025_13_NYG_NE","REG","2025-12-02T01:15:00Z",FALSE,"historical",22,21,1,22,21,22
"KXNFLFIRSTTD","KXNFLFIRSTTD-25NOV30DENWAS","DEN at WAS (Nov 30)","2025-11-30","2025-11","2025_13_DEN_WAS","REG","2025-12-01T01:20:00Z",FALSE,"historical",21,21,0,21,21,21
"KXNFLFIRSTTD","KXNFLFIRSTTD-25NOV30LVLAC","LV at LAC (Nov 30)","2025-11-30","2025-11","2025_13_LV_LAC","REG","2025-11-30T21:25:00Z",FALSE,"historical",17,17,0,17,17,17
"KXNFLFIRSTTD","KXNFLFIRSTTD-25NOV30BUFPIT","BUF at PIT (Nov 30)","2025-11-30","2025-11","2025_13_BUF_PIT","REG","2025-11-30T21:25:00Z",FALSE,"historical",21,21,0,21,21,21
"KXNFLFIRSTTD","KXNFLFIRSTTD-25NOV30MINSEA","MIN at SEA (Nov 30)","2025-11-30","2025-11","2025_13_MIN_SEA","REG","2025-11-30T21:05:00Z",TRUE,"historical",19,18,1,19,18,19
"KXNFLFIRSTTD","KXNFLFIRSTTD-25NOV30SFCLE","SF at CLE (Nov 30)","2025-11-30","2025-11","2025_13_SF_CLE","REG","2025-11-30T18:00:00Z",FALSE,"historical",23,22,1,23,22,23
"KXNFLFIRSTTD","KXNFLFIRSTTD-25NOV30NOMIA","NO at MIA (Nov 30)","2025-11-30","2025-11","2025_13_NO_MIA","REG","2025-11-30T18:00:00Z",FALSE,"historical",17,17,0,17,17,16
"KXNFLFIRSTTD","KXNFLFIRSTTD-25NOV30LACAR","LA at CAR (Nov 30)","2025-11-30","2025-11","2025_13_LA_CAR","REG","2025-11-30T18:00:00Z",FALSE,"historical",20,20,0,20,20,20
"KXNFLFIRSTTD","KXNFLFIRSTTD-25NOV30JACTEN","JAC at TEN (Nov 30)","2025-11-30","2025-11","2025_13_JAX_TEN","REG","2025-11-30T18:00:00Z",FALSE,"historical",17,15,2,17,15,12
"KXNFLFIRSTTD","KXNFLFIRSTTD-25NOV30HOUIND","HOU at IND (Nov 30)","2025-11-30","2025-11","2025_13_HOU_IND","REG","2025-11-30T18:00:00Z",FALSE,"historical",20,19,1,20,19,20
"KXNFLFIRSTTD","KXNFLFIRSTTD-25NOV30ATLNYJ","ATL at NYJ (Nov 30)","2025-11-30","2025-11","2025_13_ATL_NYJ","REG","2025-11-30T18:00:00Z",FALSE,"historical",16,15,1,16,15,16
"KXNFLFIRSTTD","KXNFLFIRSTTD-25NOV30ARITB","ARI at TB (Nov 30)","2025-11-30","2025-11","2025_13_ARI_TB","REG","2025-11-30T18:00:00Z",FALSE,"historical",16,16,0,16,16,16
"KXNFLFIRSTTD","KXNFLFIRSTTD-25NOV28CHIPHI","CHI at PHI (Nov 28)","2025-11-28","2025-11","2025_13_CHI_PHI","REG","2025-11-28T20:00:00Z",FALSE,"historical",20,20,0,20,20,20
"KXNFLFIRSTTD","KXNFLFIRSTTD-25NOV27CINBAL","CIN at BAL (Nov 27)","2025-11-27","2025-11","2025_13_CIN_BAL","REG","2025-11-28T01:20:00Z",FALSE,"historical",21,20,1,21,20,21
"KXNFLFIRSTTD","KXNFLFIRSTTD-25NOV27KCDAL","KC at DAL (Nov 27)","2025-11-27","2025-11","2025_13_KC_DAL","REG","2025-11-27T21:30:00Z",FALSE,"historical",23,23,0,23,23,23
"KXNFLFIRSTTD","KXNFLFIRSTTD-25NOV27GBDET","GB at DET (Nov 27)","2025-11-27","2025-11","2025_13_GB_DET","REG","2025-11-27T18:00:00Z",FALSE,"historical",17,17,0,17,17,17
"KXNFLFIRSTTD","KXNFLFIRSTTD-25NOV24CARSF","CAR at SF (Nov 24)","2025-11-24","2025-11","2025_12_CAR_SF","REG","2025-11-25T01:15:00Z",FALSE,"historical",23,23,0,23,23,23
"KXNFLFIRSTTD","KXNFLFIRSTTD-25NOV23TBLA","TB at LA (Nov 23)","2025-11-23","2025-11","2025_12_TB_LA","REG","2025-11-24T01:20:00Z",FALSE,"historical",18,18,0,18,18,18
"KXNFLFIRSTTD","KXNFLFIRSTTD-25NOV23PHIDAL","PHI at DAL (Nov 23)","2025-11-23","2025-11","2025_12_PHI_DAL","REG","2025-11-23T21:25:00Z",FALSE,"historical",21,19,2,21,19,21
"KXNFLFIRSTTD","KXNFLFIRSTTD-25NOV23ATLNO","ATL at NO (Nov 23)","2025-11-23","2025-11","2025_12_ATL_NO","REG","2025-11-23T21:25:00Z",TRUE,"historical",17,17,0,17,17,15
"KXNFLFIRSTTD","KXNFLFIRSTTD-25NOV23JACARI","JAC at ARI (Nov 23)","2025-11-23","2025-11","2025_12_JAX_ARI","REG","2025-11-23T21:05:00Z",FALSE,"historical",18,18,0,18,18,17
"KXNFLFIRSTTD","KXNFLFIRSTTD-25NOV23CLELV","CLE at LV (Nov 23)","2025-11-23","2025-11","2025_12_CLE_LV","REG","2025-11-23T21:05:00Z",FALSE,"historical",22,21,1,22,21,20
"KXNFLFIRSTTD","KXNFLFIRSTTD-25NOV23SEATEN","SEA at TEN (Nov 23)","2025-11-23","2025-11","2025_12_SEA_TEN","REG","2025-11-23T18:00:00Z",FALSE,"historical",18,18,0,18,18,15
"KXNFLFIRSTTD","KXNFLFIRSTTD-25NOV23PITCHI","PIT at CHI (Nov 23)","2025-11-23","2025-11","2025_12_PIT_CHI","REG","2025-11-23T18:00:00Z",FALSE,"historical",21,21,0,21,21,21
"KXNFLFIRSTTD","KXNFLFIRSTTD-25NOV23NYJBAL","NYJ at BAL (Nov 23)","2025-11-23","2025-11","2025_12_NYJ_BAL","REG","2025-11-23T18:00:00Z",FALSE,"historical",18,18,0,18,18,15
"KXNFLFIRSTTD","KXNFLFIRSTTD-25NOV23NYGDET","NYG at DET (Nov 23)","2025-11-23","2025-11","2025_12_NYG_DET","REG","2025-11-23T18:00:00Z",FALSE,"historical",18,17,1,18,17,17
"KXNFLFIRSTTD","KXNFLFIRSTTD-25NOV23NECIN","NE at CIN (Nov 23)","2025-11-23","2025-11","2025_12_NE_CIN","REG","2025-11-23T18:00:00Z",FALSE,"historical",20,20,0,20,20,19
"KXNFLFIRSTTD","KXNFLFIRSTTD-25NOV23MINGB","MIN at GB (Nov 23)","2025-11-23","2025-11","2025_12_MIN_GB","REG","2025-11-23T18:00:00Z",FALSE,"historical",19,19,0,19,19,17
"KXNFLFIRSTTD","KXNFLFIRSTTD-25NOV23INDKC","IND at KC (Nov 23)","2025-11-23","2025-11","2025_12_IND_KC","REG","2025-11-23T18:00:00Z",FALSE,"historical",21,20,1,21,20,18
"KXNFLFIRSTTD","KXNFLFIRSTTD-25NOV20BUFHOU","BUF at HOU (Nov 20)","2025-11-20","2025-11","2025_12_BUF_HOU","REG","2025-11-21T01:15:00Z",FALSE,"historical",22,21,1,22,21,22
"KXNFLFIRSTTD","KXNFLFIRSTTD-25NOV17DALLV","DAL at LV (Nov 17)","2025-11-17","2025-11","2025_11_DAL_LV","REG","2025-11-18T01:15:00Z",FALSE,"historical",23,21,2,23,21,23
"KXNFLFIRSTTD","KXNFLFIRSTTD-25NOV16DETPHI","DET at PHI (Nov 16)","2025-11-16","2025-11","2025_11_DET_PHI","REG","2025-11-17T01:20:00Z",FALSE,"historical",18,18,0,18,18,18
"KXNFLFIRSTTD","KXNFLFIRSTTD-25NOV16KCDEN","KC at DEN (Nov 16)","2025-11-16","2025-11","2025_11_KC_DEN","REG","2025-11-16T21:25:00Z",FALSE,"historical",22,22,0,22,22,21
"KXNFLFIRSTTD","KXNFLFIRSTTD-25NOV16BALCLE","BAL at CLE (Nov 16)","2025-11-16","2025-11","2025_11_BAL_CLE","REG","2025-11-16T21:25:00Z",FALSE,"historical",21,20,1,21,20,16
"KXNFLFIRSTTD","KXNFLFIRSTTD-25NOV16SFARI","SF at ARI (Nov 16)","2025-11-16","2025-11","2025_11_SF_ARI","REG","2025-11-16T21:05:00Z",FALSE,"historical",21,21,0,21,21,20
"KXNFLFIRSTTD","KXNFLFIRSTTD-25NOV16SEALA","SEA at LA (Nov 16)","2025-11-16","2025-11","2025_11_SEA_LA","REG","2025-11-16T21:05:00Z",FALSE,"historical",19,19,0,19,19,19
"KXNFLFIRSTTD","KXNFLFIRSTTD-25NOV16TBBUF","TB at BUF (Nov 16)","2025-11-16","2025-11","2025_11_TB_BUF","REG","2025-11-16T18:00:00Z",FALSE,"historical",20,18,2,20,18,19
"KXNFLFIRSTTD","KXNFLFIRSTTD-25NOV16LACJAC","LAC at JAC (Nov 16)","2025-11-16","2025-11","2025_11_LAC_JAX","REG","2025-11-16T18:00:00Z",FALSE,"historical",17,17,0,17,17,16
"KXNFLFIRSTTD","KXNFLFIRSTTD-25NOV16HOUTEN","HOU at TEN (Nov 16)","2025-11-16","2025-11","2025_11_HOU_TEN","REG","2025-11-16T18:00:00Z",FALSE,"historical",20,20,0,20,20,16
"KXNFLFIRSTTD","KXNFLFIRSTTD-25NOV16GBNYG","GB at NYG (Nov 16)","2025-11-16","2025-11","2025_11_GB_NYG","REG","2025-11-16T18:00:00Z",FALSE,"historical",19,18,1,19,18,17
"KXNFLFIRSTTD","KXNFLFIRSTTD-25NOV16CINPIT","CIN at PIT (Nov 16)","2025-11-16","2025-11","2025_11_CIN_PIT","REG","2025-11-16T18:00:00Z",FALSE,"historical",19,19,0,19,19,17
"KXNFLFIRSTTD","KXNFLFIRSTTD-25NOV16CHIMIN","CHI at MIN (Nov 16)","2025-11-16","2025-11","2025_11_CHI_MIN","REG","2025-11-16T18:00:00Z",FALSE,"historical",21,21,0,21,21,21
"KXNFLFIRSTTD","KXNFLFIRSTTD-25NOV16CARATL","CAR at ATL (Nov 16)","2025-11-16","2025-11","2025_11_CAR_ATL","REG","2025-11-16T18:00:00Z",FALSE,"historical",19,19,0,19,19,12
"KXNFLFIRSTTD","KXNFLFIRSTTD-25NOV16WASMIA","WAS at MIA (Nov 16)","2025-11-16","2025-11","2025_11_WAS_MIA","REG","2025-11-16T14:30:00Z",FALSE,"historical",19,19,0,19,19,18
"KXNFLFIRSTTD","KXNFLFIRSTTD-25NOV13NYJNE","NYJ at NE (Nov 13)","2025-11-13","2025-11","2025_11_NYJ_NE","REG","2025-11-14T01:15:00Z",FALSE,"historical",18,16,2,18,16,18
"KXNFLFIRSTTD","KXNFLFIRSTTD-25NOV10PHIGB","PHI at GB (Nov 10)","2025-11-10","2025-11","2025_10_PHI_GB","REG","2025-11-11T01:15:00Z",FALSE,"historical",20,20,0,20,20,20
"KXNFLFIRSTTD","KXNFLFIRSTTD-25NOV09PITLAC","PIT at LAC (Nov 9)","2025-11-09","2025-11","2025_10_PIT_LAC","REG","2025-11-10T01:20:00Z",FALSE,"historical",19,19,0,19,19,19
"KXNFLFIRSTTD","KXNFLFIRSTTD-25NOV09LASF","LA at SF (Nov 9)","2025-11-09","2025-11","2025_10_LA_SF","REG","2025-11-09T21:25:00Z",FALSE,"historical",18,18,0,18,18,16
"KXNFLFIRSTTD","KXNFLFIRSTTD-25NOV09DETWAS","DET at WAS (Nov 9)","2025-11-09","2025-11","2025_10_DET_WAS","REG","2025-11-09T21:25:00Z",FALSE,"historical",19,19,0,19,19,16
"KXNFLFIRSTTD","KXNFLFIRSTTD-25NOV09ARISEA","ARI at SEA (Nov 9)","2025-11-09","2025-11","2025_10_ARI_SEA","REG","2025-11-09T21:05:00Z",FALSE,"historical",16,15,1,16,15,13
"KXNFLFIRSTTD","KXNFLFIRSTTD-25NOV09NYGCHI","NYG at CHI (Nov 9)","2025-11-09","2025-11","2025_10_NYG_CHI","REG","2025-11-09T18:00:00Z",TRUE,"historical",18,18,0,18,18,13
"KXNFLFIRSTTD","KXNFLFIRSTTD-25NOV09NOCAR","NO at CAR (Nov 9)","2025-11-09","2025-11","2025_10_NO_CAR","REG","2025-11-09T18:00:00Z",FALSE,"historical",19,19,0,19,19,10
"KXNFLFIRSTTD","KXNFLFIRSTTD-25NOV09NETB","NE at TB (Nov 9)","2025-11-09","2025-11","2025_10_NE_TB","REG","2025-11-09T18:00:00Z",FALSE,"historical",18,18,0,18,18,13
"KXNFLFIRSTTD","KXNFLFIRSTTD-25NOV09JACHOU","JAC at HOU (Nov 9)","2025-11-09","2025-11","2025_10_JAX_HOU","REG","2025-11-09T18:00:00Z",FALSE,"historical",19,19,0,19,19,13
"KXNFLFIRSTTD","KXNFLFIRSTTD-25NOV09CLENYJ","CLE at NYJ (Nov 9)","2025-11-09","2025-11","2025_10_CLE_NYJ","REG","2025-11-09T18:00:00Z",FALSE,"historical",15,14,1,15,14,12
"KXNFLFIRSTTD","KXNFLFIRSTTD-25NOV09BUFMIA","BUF at MIA (Nov 9)","2025-11-09","2025-11","2025_10_BUF_MIA","REG","2025-11-09T18:00:00Z",FALSE,"historical",17,17,0,17,17,16
"KXNFLFIRSTTD","KXNFLFIRSTTD-25NOV09BALMIN","BAL at MIN (Nov 9)","2025-11-09","2025-11","2025_10_BAL_MIN","REG","2025-11-09T18:00:00Z",FALSE,"historical",20,20,0,20,20,17
"KXNFLFIRSTTD","KXNFLFIRSTTD-25NOV09ATLIND","ATL at IND (Nov 9)","2025-11-09","2025-11","2025_10_ATL_IND","REG","2025-11-09T14:30:00Z",FALSE,"historical",18,18,0,18,18,15
"KXNFLFIRSTTD","KXNFLFIRSTTD-25NOV06LVDEN","LV at DEN (Nov 6)","2025-11-06","2025-11","2025_10_LV_DEN","REG","2025-11-07T01:15:00Z",FALSE,"historical",20,20,0,20,20,20
"KXNFLFIRSTTD","KXNFLFIRSTTD-25NOV03ARIDAL","ARI at DAL (Nov 3)","2025-11-03","2025-11","2025_09_ARI_DAL","REG","2025-11-04T01:15:00Z",FALSE,"historical",19,17,2,19,17,19
"KXNFLFIRSTTD","KXNFLFIRSTTD-25NOV02SEAWAS","SEA at WAS (Nov 2)","2025-11-02","2025-11","2025_09_SEA_WAS","REG","2025-11-03T01:20:00Z",FALSE,"historical",18,17,1,18,17,18
"KXNFLFIRSTTD","KXNFLFIRSTTD-25NOV02KCBUF","KC at BUF (Nov 2)","2025-11-02","2025-11","2025_09_KC_BUF","REG","2025-11-02T21:25:00Z",FALSE,"historical",19,19,0,19,19,18
"KXNFLFIRSTTD","KXNFLFIRSTTD-25NOV02NOLA","NO at LA (Nov 2)","2025-11-02","2025-11","2025_09_NO_LA","REG","2025-11-02T21:05:00Z",FALSE,"historical",18,18,0,18,18,14
"KXNFLFIRSTTD","KXNFLFIRSTTD-25NOV02JACLV","JAC at LV (Nov 2)","2025-11-02","2025-11","2025_09_JAX_LV","REG","2025-11-02T21:05:00Z",FALSE,"historical",17,17,0,17,17,11
"KXNFLFIRSTTD","KXNFLFIRSTTD-25NOV02SFNYG","SF at NYG (Nov 2)","2025-11-02","2025-11","2025_09_SF_NYG","REG","2025-11-02T18:00:00Z",FALSE,"historical",16,16,0,16,16,16
"KXNFLFIRSTTD","KXNFLFIRSTTD-25NOV02MINDET","MIN at DET (Nov 2)","2025-11-02","2025-11","2025_09_MIN_DET","REG","2025-11-02T18:00:00Z",FALSE,"historical",20,20,0,20,20,18
"KXNFLFIRSTTD","KXNFLFIRSTTD-25NOV02LACTEN","LAC at TEN (Nov 2)","2025-11-02","2025-11","2025_09_LAC_TEN","REG","2025-11-02T18:00:00Z",FALSE,"historical",18,18,0,18,18,13
"KXNFLFIRSTTD","KXNFLFIRSTTD-25NOV02INDPIT","IND at PIT (Nov 2)","2025-11-02","2025-11","2025_09_IND_PIT","REG","2025-11-02T18:00:00Z",FALSE,"historical",19,19,0,19,19,16
"KXNFLFIRSTTD","KXNFLFIRSTTD-25NOV02DENHOU","DEN at HOU (Nov 2)","2025-11-02","2025-11","2025_09_DEN_HOU","REG","2025-11-02T18:00:00Z",FALSE,"historical",18,18,0,18,18,15
"KXNFLFIRSTTD","KXNFLFIRSTTD-25NOV02CHICIN","CHI at CIN (Nov 2)","2025-11-02","2025-11","2025_09_CHI_CIN","REG","2025-11-02T18:00:00Z",FALSE,"historical",18,18,0,18,18,17
"KXNFLFIRSTTD","KXNFLFIRSTTD-25NOV02CARGB","CAR at GB (Nov 2)","2025-11-02","2025-11","2025_09_CAR_GB","REG","2025-11-02T18:00:00Z",FALSE,"historical",21,21,0,21,21,11
"KXNFLFIRSTTD","KXNFLFIRSTTD-25NOV02ATLNE","ATL at NE (Nov 2)","2025-11-02","2025-11","2025_09_ATL_NE","REG","2025-11-02T18:00:00Z",FALSE,"historical",20,20,0,20,20,15
"KXNFLFIRSTTD","KXNFLFIRSTTD-25OCT30BALMIA","BAL at MIA (Oct 30)","2025-10-30","2025-10","2025_09_BAL_MIA","REG","2025-10-31T00:15:00Z",TRUE,"historical",19,19,0,19,19,19
"KXNFLFIRSTTD","KXNFLFIRSTTD-25OCT27WASKC","WAS at KC (Oct 27)","2025-10-27","2025-10","2025_08_WAS_KC","REG","2025-10-28T00:15:00Z",FALSE,"historical",22,22,0,22,22,22
"KXNFLFIRSTTD","KXNFLFIRSTTD-25OCT26GBPIT","GB at PIT (Oct 26)","2025-10-26","2025-10","2025_08_GB_PIT","REG","2025-10-27T00:20:00Z",FALSE,"historical",20,20,0,20,20,20
"KXNFLFIRSTTD","KXNFLFIRSTTD-25OCT26TENIND","TEN at IND (Oct 26)","2025-10-26","2025-10","2025_08_TEN_IND","REG","2025-10-26T20:25:00Z",FALSE,"historical",20,20,0,20,20,18
"KXNFLFIRSTTD","KXNFLFIRSTTD-25OCT26DALDEN","DAL at DEN (Oct 26)","2025-10-26","2025-10","2025_08_DAL_DEN","REG","2025-10-26T20:25:00Z",FALSE,"historical",18,18,0,18,18,17
"KXNFLFIRSTTD","KXNFLFIRSTTD-25OCT26TBNO","TB at NO (Oct 26)","2025-10-26","2025-10","2025_08_TB_NO","REG","2025-10-26T20:05:00Z",FALSE,"historical",18,18,0,18,18,14
"KXNFLFIRSTTD","KXNFLFIRSTTD-25OCT26SFHOU","SF at HOU (Oct 26)","2025-10-26","2025-10","2025_08_SF_HOU","REG","2025-10-26T17:00:00Z",FALSE,"historical",18,18,0,18,18,16
"KXNFLFIRSTTD","KXNFLFIRSTTD-25OCT26NYJCIN","NYJ at CIN (Oct 26)","2025-10-26","2025-10","2025_08_NYJ_CIN","REG","2025-10-26T17:00:00Z",FALSE,"historical",17,15,2,17,15,9
"KXNFLFIRSTTD","KXNFLFIRSTTD-25OCT26NYGPHI","NYG at PHI (Oct 26)","2025-10-26","2025-10","2025_08_NYG_PHI","REG","2025-10-26T17:00:00Z",FALSE,"historical",17,16,1,17,16,16
"KXNFLFIRSTTD","KXNFLFIRSTTD-25OCT26MIAATL","MIA at ATL (Oct 26)","2025-10-26","2025-10","2025_08_MIA_ATL","REG","2025-10-26T17:00:00Z",FALSE,"historical",17,16,1,17,16,13
"KXNFLFIRSTTD","KXNFLFIRSTTD-25OCT26CLENE","CLE at NE (Oct 26)","2025-10-26","2025-10","2025_08_CLE_NE","REG","2025-10-26T17:00:00Z",FALSE,"historical",21,21,0,21,21,16
"KXNFLFIRSTTD","KXNFLFIRSTTD-25OCT26CHIBAL","CHI at BAL (Oct 26)","2025-10-26","2025-10","2025_08_CHI_BAL","REG","2025-10-26T17:00:00Z",FALSE,"historical",19,18,1,19,18,18
"KXNFLFIRSTTD","KXNFLFIRSTTD-25OCT26BUFCAR","BUF at CAR (Oct 26)","2025-10-26","2025-10","2025_08_BUF_CAR","REG","2025-10-26T17:00:00Z",FALSE,"historical",19,19,0,19,19,13
"KXNFLFIRSTTD","KXNFLFIRSTTD-25OCT23MINLAC","MIN at LAC (Oct 23)","2025-10-23","2025-10","2025_08_MIN_LAC","REG","2025-10-24T00:15:00Z",TRUE,"historical",20,19,1,20,19,20
"KXNFLFIRSTTD","KXNFLFIRSTTD-25OCT20HOUSEA","HOU at SEA (Oct 20)","2025-10-20","2025-10","2025_07_HOU_SEA","REG","2025-10-21T02:00:00Z",FALSE,"historical",19,18,1,19,18,18
"KXNFLFIRSTTD","KXNFLFIRSTTD-25OCT20TBDET","TB at DET (Oct 20)","2025-10-20","2025-10","2025_07_TB_DET","REG","2025-10-20T23:00:00Z",FALSE,"historical",19,19,0,19,19,19
"KXNFLFIRSTTD","KXNFLFIRSTTD-25OCT19ATLSF","ATL at SF (Oct 19)","2025-10-19","2025-10","2025_07_ATL_SF","REG","2025-10-20T00:20:00Z",FALSE,"historical",17,16,1,17,16,16
"KXNFLFIRSTTD","KXNFLFIRSTTD-25OCT19WASDAL","WAS at DAL (Oct 19)","2025-10-19","2025-10","2025_07_WAS_DAL","REG","2025-10-19T20:25:00Z",FALSE,"historical",16,16,0,16,16,13
"KXNFLFIRSTTD","KXNFLFIRSTTD-25OCT19GBARI","GB at ARI (Oct 19)","2025-10-19","2025-10","2025_07_GB_ARI","REG","2025-10-19T20:25:00Z",FALSE,"historical",17,17,0,17,17,15
"KXNFLFIRSTTD","KXNFLFIRSTTD-25OCT19NYGDEN","NYG at DEN (Oct 19)","2025-10-19","2025-10","2025_07_NYG_DEN","REG","2025-10-19T20:05:00Z",FALSE,"historical",20,20,0,20,20,17
"KXNFLFIRSTTD","KXNFLFIRSTTD-25OCT19INDLAC","IND at LAC (Oct 19)","2025-10-19","2025-10","2025_07_IND_LAC","REG","2025-10-19T20:05:00Z",FALSE,"historical",18,18,0,18,18,13
"KXNFLFIRSTTD","KXNFLFIRSTTD-25OCT19PHIMIN","PHI at MIN (Oct 19)","2025-10-19","2025-10","2025_07_PHI_MIN","REG","2025-10-19T17:00:00Z",FALSE,"historical",16,16,0,16,16,14
"KXNFLFIRSTTD","KXNFLFIRSTTD-25OCT19NOCHI","NO at CHI (Oct 19)","2025-10-19","2025-10","2025_07_NO_CHI","REG","2025-10-19T17:00:00Z",FALSE,"historical",15,15,0,15,15,13
"KXNFLFIRSTTD","KXNFLFIRSTTD-25OCT19NETEN","NE at TEN (Oct 19)","2025-10-19","2025-10","2025_07_NE_TEN","REG","2025-10-19T17:00:00Z",FALSE,"historical",18,18,0,18,18,13
"KXNFLFIRSTTD","KXNFLFIRSTTD-25OCT19MIACLE","MIA at CLE (Oct 19)","2025-10-19","2025-10","2025_07_MIA_CLE","REG","2025-10-19T17:00:00Z",FALSE,"historical",17,17,0,17,17,11
"KXNFLFIRSTTD","KXNFLFIRSTTD-25OCT19LVKC","LV at KC (Oct 19)","2025-10-19","2025-10","2025_07_LV_KC","REG","2025-10-19T17:00:00Z",FALSE,"historical",20,20,0,20,20,16
"KXNFLFIRSTTD","KXNFLFIRSTTD-25OCT19CARNYJ","CAR at NYJ (Oct 19)","2025-10-19","2025-10","2025_07_CAR_NYJ","REG","2025-10-19T17:00:00Z",FALSE,"historical",15,14,1,15,14,15
"KXNFLFIRSTTD","KXNFLFIRSTTD-25OCT19LAJAC","LA at JAC (Oct 19)","2025-10-19","2025-10","2025_07_LA_JAX","REG","2025-10-19T13:30:00Z",FALSE,"historical",18,18,0,18,18,18
"KXNFLFIRSTTD","KXNFLFIRSTTD-25OCT16PITCIN","PIT at CIN (Oct 16)","2025-10-16","2025-10","2025_07_PIT_CIN","REG","2025-10-17T00:15:00Z",FALSE,"historical",18,18,0,18,18,18
"KXNFLFIRSTTD","KXNFLFIRSTTD-25OCT13CHIWAS","CHI at WAS (Oct 13)","2025-10-13","2025-10","2025_06_CHI_WAS","REG","2025-10-14T00:15:00Z",FALSE,"historical",18,17,1,18,17,16
"KXNFLFIRSTTD","KXNFLFIRSTTD-25OCT13BUFATL","BUF at ATL (Oct 13)","2025-10-13","2025-10","2025_06_BUF_ATL","REG","2025-10-13T23:15:00Z",FALSE,"historical",17,16,1,17,16,17
"KXNFLFIRSTTD","KXNFLFIRSTTD-25OCT12DETKC","DET at KC (Oct 12)","2025-10-12","2025-10","2025_06_DET_KC","REG","2025-10-13T00:20:00Z",FALSE,"historical",21,21,0,21,21,21
"KXNFLFIRSTTD","KXNFLFIRSTTD-25OCT12SFTB","SF at TB (Oct 12)","2025-10-12","2025-10","2025_06_SF_TB","REG","2025-10-12T20:25:00Z",FALSE,"historical",14,13,1,14,13,12
"KXNFLFIRSTTD","KXNFLFIRSTTD-25OCT12CINGB","CIN at GB (Oct 12)","2025-10-12","2025-10","2025_06_CIN_GB","REG","2025-10-12T20:25:00Z",FALSE,"historical",18,18,0,18,18,16
"KXNFLFIRSTTD","KXNFLFIRSTTD-25OCT12TENLV","TEN at LV (Oct 12)","2025-10-12","2025-10","2025_06_TEN_LV","REG","2025-10-12T20:05:00Z",FALSE,"historical",17,17,0,17,17,14
"KXNFLFIRSTTD","KXNFLFIRSTTD-25OCT12SEAJAC","SEA at JAC (Oct 12)","2025-10-12","2025-10","2025_06_SEA_JAX","REG","2025-10-12T17:00:00Z",FALSE,"historical",18,18,0,18,18,16
"KXNFLFIRSTTD","KXNFLFIRSTTD-25OCT12NENO","NE at NO (Oct 12)","2025-10-12","2025-10","2025_06_NE_NO","REG","2025-10-12T17:00:00Z",FALSE,"historical",17,17,0,17,17,14
"KXNFLFIRSTTD","KXNFLFIRSTTD-25OCT12LACMIA","LAC at MIA (Oct 12)","2025-10-12","2025-10","2025_06_LAC_MIA","REG","2025-10-12T17:00:00Z",FALSE,"historical",18,18,0,18,18,16
"KXNFLFIRSTTD","KXNFLFIRSTTD-25OCT12LABAL","LA at BAL (Oct 12)","2025-10-12","2025-10","2025_06_LA_BAL","REG","2025-10-12T17:00:00Z",FALSE,"historical",20,20,0,20,20,16
"KXNFLFIRSTTD","KXNFLFIRSTTD-25OCT12DALCAR","DAL at CAR (Oct 12)","2025-10-12","2025-10","2025_06_DAL_CAR","REG","2025-10-12T17:00:00Z",FALSE,"historical",12,12,0,12,12,10
"KXNFLFIRSTTD","KXNFLFIRSTTD-25OCT12CLEPIT","CLE at PIT (Oct 12)","2025-10-12","2025-10","2025_06_CLE_PIT","REG","2025-10-12T17:00:00Z",FALSE,"historical",17,17,0,17,17,12
"KXNFLFIRSTTD","KXNFLFIRSTTD-25OCT12ARIIND","ARI at IND (Oct 12)","2025-10-12","2025-10","2025_06_ARI_IND","REG","2025-10-12T17:00:00Z",FALSE,"historical",17,16,1,17,16,12
"KXNFLFIRSTTD","KXNFLFIRSTTD-25OCT12DENNYJ","DEN at NYJ (Oct 12)","2025-10-12","2025-10","2025_06_DEN_NYJ","REG","2025-10-12T13:30:00Z",FALSE,"historical",19,18,1,19,18,17
"KXNFLFIRSTTD","KXNFLFIRSTTD-25OCT09PHINYG","PHI at NYG (Oct 9)","2025-10-09","2025-10","2025_06_PHI_NYG","REG","2025-10-10T00:15:00Z",FALSE,"historical",17,16,1,17,16,17
"KXNFLFIRSTTD","KXNFLFIRSTTD-25OCT06KCJAC","KC at JAC (Oct 6)","2025-10-06","2025-10","2025_05_KC_JAX","REG","2025-10-07T00:15:00Z",FALSE,"historical",23,23,0,23,23,23
"KXNFLFIRSTTD","KXNFLFIRSTTD-25OCT05NEBUF","NE at BUF (Oct 5)","2025-10-05","2025-10","2025_05_NE_BUF","REG","2025-10-06T00:20:00Z",FALSE,"historical",22,21,1,22,21,20
"KXNFLFIRSTTD","KXNFLFIRSTTD-25OCT05WASLAC","WAS at LAC (Oct 5)","2025-10-05","2025-10","2025_05_WAS_LAC","REG","2025-10-05T20:25:00Z",FALSE,"historical",21,21,0,21,21,12
"KXNFLFIRSTTD","KXNFLFIRSTTD-25OCT05DETCIN","DET at CIN (Oct 5)","2025-10-05","2025-10","2025_05_DET_CIN","REG","2025-10-05T20:25:00Z",FALSE,"historical",21,21,0,21,21,14
"KXNFLFIRSTTD","KXNFLFIRSTTD-25OCT05TENARI","TEN at ARI (Oct 5)","2025-10-05","2025-10","2025_05_TEN_ARI","REG","2025-10-05T20:05:00Z",FALSE,"historical",21,20,1,21,20,9
"KXNFLFIRSTTD","KXNFLFIRSTTD-25OCT05TBSEA","TB at SEA (Oct 5)","2025-10-05","2025-10","2025_05_TB_SEA","REG","2025-10-05T20:05:00Z",TRUE,"historical",20,19,1,20,19,18
"KXNFLFIRSTTD","KXNFLFIRSTTD-25OCT05NYGNO","NYG at NO (Oct 5)","2025-10-05","2025-10","2025_05_NYG_NO","REG","2025-10-05T17:00:00Z",FALSE,"historical",18,17,1,18,17,13
"KXNFLFIRSTTD","KXNFLFIRSTTD-25OCT05MIACAR","MIA at CAR (Oct 5)","2025-10-05","2025-10","2025_05_MIA_CAR","REG","2025-10-05T17:00:00Z",FALSE,"historical",19,17,2,19,17,11
"KXNFLFIRSTTD","KXNFLFIRSTTD-25OCT05LVIND","LV at IND (Oct 5)","2025-10-05","2025-10","2025_05_LV_IND","REG","2025-10-05T17:00:00Z",FALSE,"historical",18,17,1,18,17,14
"KXNFLFIRSTTD","KXNFLFIRSTTD-25OCT05HOUBAL","HOU at BAL (Oct 5)","2025-10-05","2025-10","2025_05_HOU_BAL","REG","2025-10-05T17:00:00Z",FALSE,"historical",23,22,1,23,22,13
"KXNFLFIRSTTD","KXNFLFIRSTTD-25OCT05DENPHI","DEN at PHI (Oct 5)","2025-10-05","2025-10","2025_05_DEN_PHI","REG","2025-10-05T17:00:00Z",FALSE,"historical",21,21,0,21,21,16
"KXNFLFIRSTTD","KXNFLFIRSTTD-25OCT05DALNYJ","DAL at NYJ (Oct 5)","2025-10-05","2025-10","2025_05_DAL_NYJ","REG","2025-10-05T17:00:00Z",FALSE,"historical",16,14,2,16,14,13
"KXNFLFIRSTTD","KXNFLFIRSTTD-25OCT05MINCLE","MIN at CLE (Oct 5)","2025-10-05","2025-10","2025_05_MIN_CLE","REG","2025-10-05T13:30:00Z",FALSE,"historical",21,19,2,21,19,16
"KXNFLFIRSTTD","KXNFLFIRSTTD-25OCT02SFLA","SF at LA (Oct 2)","2025-10-02","2025-10","2025_05_SF_LA","REG","2025-10-03T00:15:00Z",FALSE,"historical",23,19,4,23,19,23
"KXNFLFIRSTTD","KXNFLFIRSTTD-25SEP29CINDEN","CIN at DEN (Sep 29)","2025-09-29","2025-09","2025_04_CIN_DEN","REG","2025-09-30T00:15:00Z",FALSE,"historical",20,20,0,20,20,20
"KXNFLFIRSTTD","KXNFLFIRSTTD-25SEP29NYJMIA","NYJ at MIA (Sep 29)","2025-09-29","2025-09","2025_04_NYJ_MIA","REG","2025-09-29T23:15:00Z",FALSE,"historical",19,19,0,19,19,19
"KXNFLFIRSTTD","KXNFLFIRSTTD-25SEP28GBDAL","GB at DAL (Sep 28)","2025-09-28","2025-09","2025_04_GB_DAL","REG","2025-09-29T00:20:00Z",FALSE,"historical",17,17,0,17,17,17
"KXNFLFIRSTTD","KXNFLFIRSTTD-25SEP28CHILV","CHI at LV (Sep 28)","2025-09-28","2025-09","2025_04_CHI_LV","REG","2025-09-28T20:25:00Z",FALSE,"historical",19,19,0,19,19,13
"KXNFLFIRSTTD","KXNFLFIRSTTD-25SEP28BALKC","BAL at KC (Sep 28)","2025-09-28","2025-09","2025_04_BAL_KC","REG","2025-09-28T20:25:00Z",FALSE,"historical",24,24,0,24,24,24
"KXNFLFIRSTTD","KXNFLFIRSTTD-25SEP28JACSF","JAC at SF (Sep 28)","2025-09-28","2025-09","2025_04_JAX_SF","REG","2025-09-28T20:05:00Z",FALSE,"historical",21,21,0,21,21,13
"KXNFLFIRSTTD","KXNFLFIRSTTD-25SEP28INDLA","IND at LA (Sep 28)","2025-09-28","2025-09","2025_04_IND_LA","REG","2025-09-28T20:05:00Z",FALSE,"historical",20,20,0,20,20,16
"KXNFLFIRSTTD","KXNFLFIRSTTD-25SEP28WASATL","WAS at ATL (Sep 28)","2025-09-28","2025-09","2025_04_WAS_ATL","REG","2025-09-28T17:00:00Z",FALSE,"historical",19,19,0,19,19,13
"KXNFLFIRSTTD","KXNFLFIRSTTD-25SEP28TENHOU","TEN at HOU (Sep 28)","2025-09-28","2025-09","2025_04_TEN_HOU","REG","2025-09-28T17:00:00Z",FALSE,"historical",21,21,0,21,21,10
"KXNFLFIRSTTD","KXNFLFIRSTTD-25SEP28PHITB","PHI at TB (Sep 28)","2025-09-28","2025-09","2025_04_PHI_TB","REG","2025-09-28T17:00:00Z",FALSE,"historical",19,19,0,19,19,14
"KXNFLFIRSTTD","KXNFLFIRSTTD-25SEP28NOBUF","NO at BUF (Sep 28)","2025-09-28","2025-09","2025_04_NO_BUF","REG","2025-09-28T17:00:00Z",FALSE,"historical",20,20,0,20,20,17
"KXNFLFIRSTTD","KXNFLFIRSTTD-25SEP28LACNYG","LAC at NYG (Sep 28)","2025-09-28","2025-09","2025_04_LAC_NYG","REG","2025-09-28T17:00:00Z",FALSE,"historical",20,20,0,20,20,17
"KXNFLFIRSTTD","KXNFLFIRSTTD-25SEP28CLEDET","CLE at DET (Sep 28)","2025-09-28","2025-09","2025_04_CLE_DET","REG","2025-09-28T17:00:00Z",FALSE,"historical",22,22,0,22,22,15
"KXNFLFIRSTTD","KXNFLFIRSTTD-25SEP28CARNE","CAR at NE (Sep 28)","2025-09-28","2025-09","2025_04_CAR_NE","REG","2025-09-28T17:00:00Z",FALSE,"historical",19,19,0,19,19,14
"KXNFLFIRSTTD","KXNFLFIRSTTD-25SEP28MINPIT","MIN at PIT (Sep 28)","2025-09-28","2025-09","2025_04_MIN_PIT","REG","2025-09-28T13:30:00Z",FALSE,"historical",19,18,1,19,18,19
"KXNFLFIRSTTD","KXNFLFIRSTTD-25SEP25SEAARI","SEA at ARI (Sep 25)","2025-09-25","2025-09","2025_04_SEA_ARI","REG","2025-09-26T00:15:00Z",FALSE,"historical",20,19,1,20,19,20
"KXNFLFIRSTTD","KXNFLFIRSTTD-25SEP22DETBAL","DET at BAL (Sep 22)","2025-09-22","2025-09","2025_03_DET_BAL","REG","2025-09-23T00:15:00Z",FALSE,"historical",21,21,0,21,21,21
"KXNFLFIRSTTD","KXNFLFIRSTTD-25SEP21KCNYG","KC at NYG (Sep 21)","2025-09-21","2025-09","2025_03_KC_NYG","REG","2025-09-22T00:20:00Z",FALSE,"historical",21,21,0,21,21,21
"KXNFLFIRSTTD","KXNFLFIRSTTD-25SEP21DALCHI","DAL at CHI (Sep 21)","2025-09-21","2025-09","2025_03_DAL_CHI","REG","2025-09-21T20:25:00Z",FALSE,"historical",19,19,0,19,19,16
"KXNFLFIRSTTD","KXNFLFIRSTTD-25SEP21ARISF","ARI at SF (Sep 21)","2025-09-21","2025-09","2025_03_ARI_SF","REG","2025-09-21T20:25:00Z",FALSE,"historical",19,18,1,19,18,12
"KXNFLFIRSTTD","KXNFLFIRSTTD-25SEP21NOSEA","NO at SEA (Sep 21)","2025-09-21","2025-09","2025_03_NO_SEA","REG","2025-09-21T20:05:00Z",FALSE,"historical",20,18,2,20,18,15
"KXNFLFIRSTTD","KXNFLFIRSTTD-25SEP21DENLAC","DEN at LAC (Sep 21)","2025-09-21","2025-09","2025_03_DEN_LAC","REG","2025-09-21T20:05:00Z",FALSE,"historical",20,20,0,20,20,14
"KXNFLFIRSTTD","KXNFLFIRSTTD-25SEP21PITNE","PIT at NE (Sep 21)","2025-09-21","2025-09","2025_03_PIT_NE","REG","2025-09-21T17:00:00Z",FALSE,"historical",21,21,0,21,21,15
"KXNFLFIRSTTD","KXNFLFIRSTTD-25SEP21NYJTB","NYJ at TB (Sep 21)","2025-09-21","2025-09","2025_03_NYJ_TB","REG","2025-09-21T17:00:00Z",FALSE,"historical",18,18,0,18,18,14
"KXNFLFIRSTTD","KXNFLFIRSTTD-25SEP21LVWAS","LV at WAS (Sep 21)","2025-09-21","2025-09","2025_03_LV_WAS","REG","2025-09-21T17:00:00Z",FALSE,"historical",20,19,1,20,19,18
"KXNFLFIRSTTD","KXNFLFIRSTTD-25SEP21LAPHI","LA at PHI (Sep 21)","2025-09-21","2025-09","2025_03_LA_PHI","REG","2025-09-21T17:00:00Z",FALSE,"historical",22,22,0,22,22,16
"KXNFLFIRSTTD","KXNFLFIRSTTD-25SEP21INDTEN","IND at TEN (Sep 21)","2025-09-21","2025-09","2025_03_IND_TEN","REG","2025-09-21T17:00:00Z",FALSE,"historical",19,19,0,19,19,13
"KXNFLFIRSTTD","KXNFLFIRSTTD-25SEP21HOUJAC","HOU at JAC (Sep 21)","2025-09-21","2025-09","2025_03_HOU_JAX","REG","2025-09-21T17:00:00Z",FALSE,"historical",21,21,0,21,21,15
"KXNFLFIRSTTD","KXNFLFIRSTTD-25SEP21GBCLE","GB at CLE (Sep 21)","2025-09-21","2025-09","2025_03_GB_CLE","REG","2025-09-21T17:00:00Z",FALSE,"historical",22,22,0,22,22,16
"KXNFLFIRSTTD","KXNFLFIRSTTD-25SEP21CINMIN","CIN at MIN (Sep 21)","2025-09-21","2025-09","2025_03_CIN_MIN","REG","2025-09-21T17:00:00Z",FALSE,"historical",18,18,0,18,18,13
"KXNFLFIRSTTD","KXNFLFIRSTTD-25SEP21ATLCAR","ATL at CAR (Sep 21)","2025-09-21","2025-09","2025_03_ATL_CAR","REG","2025-09-21T17:00:00Z",TRUE,"historical",20,19,1,20,19,14
"KXNFLFIRSTTD","KXNFLFIRSTTD-25SEP18MIABUF","MIA at BUF (Sep 18)","2025-09-18","2025-09","2025_03_MIA_BUF","REG","2025-09-19T00:15:00Z",FALSE,"historical",23,23,0,23,23,23
"KXNFLFIRSTTD","KXNFLFIRSTTD-25SEP15LACLV","LAC at LV (Sep 15)","2025-09-15","2025-09","2025_02_LAC_LV","REG","2025-09-16T02:00:00Z",FALSE,"historical",19,19,0,19,19,19
"KXNFLFIRSTTD","KXNFLFIRSTTD-25SEP15TBHOU","TB at HOU (Sep 15)","2025-09-15","2025-09","2025_02_TB_HOU","REG","2025-09-15T23:00:00Z",FALSE,"historical",19,17,2,19,17,17
"KXNFLFIRSTTD","KXNFLFIRSTTD-25SEP14ATLMIN","ATL at MIN (Sep 14)","2025-09-14","2025-09","2025_02_ATL_MIN","REG","2025-09-15T00:20:00Z",FALSE,"historical",17,16,1,17,16,17
"KXNFLFIRSTTD","KXNFLFIRSTTD-25SEP14PHIKC","PHI at KC (Sep 14)","2025-09-14","2025-09","2025_02_PHI_KC","REG","2025-09-14T20:25:00Z",FALSE,"historical",15,14,1,15,14,15
"KXNFLFIRSTTD","KXNFLFIRSTTD-25SEP14DENIND","DEN at IND (Sep 14)","2025-09-14","2025-09","2025_02_DEN_IND","REG","2025-09-14T20:05:00Z",FALSE,"historical",18,18,0,18,18,13
"KXNFLFIRSTTD","KXNFLFIRSTTD-25SEP14CARARI","CAR at ARI (Sep 14)","2025-09-14","2025-09","2025_02_CAR_ARI","REG","2025-09-14T20:05:00Z",TRUE,"historical",18,18,0,18,18,11
"KXNFLFIRSTTD","KXNFLFIRSTTD-25SEP14SFNO","SF at NO (Sep 14)","2025-09-14","2025-09","2025_02_SF_NO","REG","2025-09-14T17:00:00Z",FALSE,"historical",15,13,2,15,13,9
"KXNFLFIRSTTD","KXNFLFIRSTTD-25SEP14SEAPIT","SEA at PIT (Sep 14)","2025-09-14","2025-09","2025_02_SEA_PIT","REG","2025-09-14T17:00:00Z",FALSE,"historical",17,17,0,17,17,16
"KXNFLFIRSTTD","KXNFLFIRSTTD-25SEP14NYGDAL","NYG at DAL (Sep 14)","2025-09-14","2025-09","2025_02_NYG_DAL","REG","2025-09-14T17:00:00Z",FALSE,"historical",18,18,0,18,18,15
"KXNFLFIRSTTD","KXNFLFIRSTTD-25SEP14NEMIA","NE at MIA (Sep 14)","2025-09-14","2025-09","2025_02_NE_MIA","REG","2025-09-14T17:00:00Z",FALSE,"historical",18,18,0,18,18,13
"KXNFLFIRSTTD","KXNFLFIRSTTD-25SEP14LATEN","LA at TEN (Sep 14)","2025-09-14","2025-09","2025_02_LA_TEN","REG","2025-09-14T17:00:00Z",FALSE,"historical",18,18,0,18,18,11
"KXNFLFIRSTTD","KXNFLFIRSTTD-25SEP14JACCIN","JAC at CIN (Sep 14)","2025-09-14","2025-09","2025_02_JAX_CIN","REG","2025-09-14T17:00:00Z",FALSE,"historical",18,18,0,18,18,13
"KXNFLFIRSTTD","KXNFLFIRSTTD-25SEP14CLEBAL","CLE at BAL (Sep 14)","2025-09-14","2025-09","2025_02_CLE_BAL","REG","2025-09-14T17:00:00Z",TRUE,"historical",20,20,0,20,20,14
"KXNFLFIRSTTD","KXNFLFIRSTTD-25SEP14CHIDET","CHI at DET (Sep 14)","2025-09-14","2025-09","2025_02_CHI_DET","REG","2025-09-14T17:00:00Z",FALSE,"historical",18,18,0,18,18,17
"KXNFLFIRSTTD","KXNFLFIRSTTD-25SEP14BUFNYJ","BUF at NYJ (Sep 14)","2025-09-14","2025-09","2025_02_BUF_NYJ","REG","2025-09-14T17:00:00Z",FALSE,"historical",17,16,1,17,16,14
"KXNFLFIRSTTD","KXNFLFIRSTTD-25SEP11WASGB","WAS at GB (Sep 11)","2025-09-11","2025-09","2025_02_WAS_GB","REG","2025-09-12T00:15:00Z",FALSE,"historical",18,18,0,18,18,18
"KXNFLFIRSTTD","KXNFLFIRSTTD-25SEP08MINCHI","MIN at CHI (Sep 8)","2025-09-08","2025-09","2025_01_MIN_CHI","REG","2025-09-09T00:15:00Z",FALSE,"historical",24,22,2,24,22,22
"KXNFLFIRSTTD","KXNFLFIRSTTD-25SEP07BALBUF","BAL at BUF (Sep 7)","2025-09-07","2025-09","2025_01_BAL_BUF","REG","2025-09-08T00:20:00Z",FALSE,"historical",25,22,3,25,22,24
"KXNFLFIRSTTD","KXNFLFIRSTTD-25SEP07HOULA","HOU at LA (Sep 7)","2025-09-07","2025-09","2025_01_HOU_LA","REG","2025-09-07T20:25:00Z",FALSE,"historical",24,23,1,24,23,10
"KXNFLFIRSTTD","KXNFLFIRSTTD-25SEP07DETGB","DET at GB (Sep 7)","2025-09-07","2025-09","2025_01_DET_GB","REG","2025-09-07T20:25:00Z",FALSE,"historical",23,23,0,23,23,15
"KXNFLFIRSTTD","KXNFLFIRSTTD-25SEP07TENDEN","TEN at DEN (Sep 7)","2025-09-07","2025-09","2025_01_TEN_DEN","REG","2025-09-07T20:05:00Z",FALSE,"historical",22,20,2,22,20,16
"KXNFLFIRSTTD","KXNFLFIRSTTD-25SEP07SFSEA","SF at SEA (Sep 7)","2025-09-07","2025-09","2025_01_SF_SEA","REG","2025-09-07T20:05:00Z",FALSE,"historical",21,20,1,21,20,18
"KXNFLFIRSTTD","KXNFLFIRSTTD-25SEP07TBATL","TB at ATL (Sep 7)","2025-09-07","2025-09","2025_01_TB_ATL","REG","2025-09-07T17:00:00Z",FALSE,"historical",24,23,1,24,23,13
"KXNFLFIRSTTD","KXNFLFIRSTTD-25SEP07PITNYJ","PIT at NYJ (Sep 7)","2025-09-07","2025-09","2025_01_PIT_NYJ","REG","2025-09-07T17:00:00Z",FALSE,"historical",24,24,0,24,24,15
"KXNFLFIRSTTD","KXNFLFIRSTTD-25SEP07NYGWAS","NYG at WAS (Sep 7)","2025-09-07","2025-09","2025_01_NYG_WAS","REG","2025-09-07T17:00:00Z",FALSE,"historical",26,26,0,26,26,15
"KXNFLFIRSTTD","KXNFLFIRSTTD-25SEP07MIAIND","MIA at IND (Sep 7)","2025-09-07","2025-09","2025_01_MIA_IND","REG","2025-09-07T17:00:00Z",FALSE,"historical",24,24,0,24,24,14
"KXNFLFIRSTTD","KXNFLFIRSTTD-25SEP07LVNE","LV at NE (Sep 7)","2025-09-07","2025-09","2025_01_LV_NE","REG","2025-09-07T17:00:00Z",FALSE,"historical",23,23,0,23,23,11
"KXNFLFIRSTTD","KXNFLFIRSTTD-25SEP07CINCLE","CIN at CLE (Sep 7)","2025-09-07","2025-09","2025_01_CIN_CLE","REG","2025-09-07T17:00:00Z",FALSE,"historical",22,21,1,22,21,10
"KXNFLFIRSTTD","KXNFLFIRSTTD-25SEP07CARJAC","CAR at JAC (Sep 7)","2025-09-07","2025-09","2025_01_CAR_JAX","REG","2025-09-07T17:00:00Z",FALSE,"historical",22,21,1,22,21,15
"KXNFLFIRSTTD","KXNFLFIRSTTD-25SEP07ARINO","ARI at NO (Sep 7)","2025-09-07","2025-09","2025_01_ARI_NO","REG","2025-09-07T17:00:00Z",FALSE,"historical",20,20,0,20,20,14
"KXNFLFIRSTTD","KXNFLFIRSTTD-25SEP05KCLAC","KC at LAC (Sep 5)","2025-09-05","2025-09","2025_01_KC_LAC","REG","2025-09-06T00:00:00Z",FALSE,"historical",23,23,0,23,23,21
"KXNFLFIRSTTD","KXNFLFIRSTTD-25SEP04DALPHI","DAL at PHI (Sep 4)","2025-09-04","2025-09","2025_01_DAL_PHI","REG","2025-09-05T00:20:00Z",FALSE,"historical",23,23,0,23,23,19
"KXNFLRECYDS","KXNFLRECYDS-26SEP28PHICHI","PHI vs CHI (Sep 28)","2026-09-28","2026-09","2026_03_PHI_CHI","REG","2026-09-29T00:15:00Z",FALSE,"live",111,111,0,14,14,111
"KXNFLRECYDS","KXNFLRECYDS-26SEP27LARDEN","LAR vs DEN (Sep 27)","2026-09-27","2026-09","2026_03_LA_DEN","REG","2026-09-28T00:20:00Z",FALSE,"live",88,88,0,10,10,88
"KXNFLRECYDS","KXNFLRECYDS-26SEP27LVNO","LV vs NO (Sep 27)","2026-09-27","2026-09","2026_03_LV_NO","REG","2026-09-27T20:25:00Z",FALSE,"live",103,103,0,12,12,103
"KXNFLRECYDS","KXNFLRECYDS-26SEP27BALDAL","BAL vs DAL (Sep 27)","2026-09-27","2026-09","2026_03_BAL_DAL","REG","2026-09-27T20:25:00Z",FALSE,"live",125,125,0,12,12,125
"KXNFLRECYDS","KXNFLRECYDS-26SEP27MINTB","MIN vs TB (Sep 27)","2026-09-27","2026-09","2026_03_MIN_TB","REG","2026-09-27T20:05:00Z",FALSE,"live",101,101,0,13,13,101
"KXNFLRECYDS","KXNFLRECYDS-26SEP27ARISF","ARI vs SF (Sep 27)","2026-09-27","2026-09","2026_03_ARI_SF","REG","2026-09-27T20:05:00Z",FALSE,"live",84,84,0,10,10,84
"KXNFLRECYDS","KXNFLRECYDS-26SEP27TENNYG","TEN vs NYG (Sep 27)","2026-09-27","2026-09","2026_03_TEN_NYG","REG","2026-09-27T17:00:00Z",TRUE,"live",95,93,2,13,12,95
"KXNFLRECYDS","KXNFLRECYDS-26SEP27SEAWAS","SEA vs WAS (Sep 27)","2026-09-27","2026-09","2026_03_SEA_WAS","REG","2026-09-27T17:00:00Z",FALSE,"live",84,84,0,12,12,84
"KXNFLRECYDS","KXNFLRECYDS-26SEP27NYJDET","NYJ vs DET (Sep 27)","2026-09-27","2026-09","2026_03_NYJ_DET","REG","2026-09-27T17:00:00Z",FALSE,"live",103,91,12,11,10,103
"KXNFLRECYDS","KXNFLRECYDS-26SEP27NEJAC","NE vs JAC (Sep 27)","2026-09-27","2026-09","2026_03_NE_JAX","REG","2026-09-27T17:00:00Z",FALSE,"live",109,109,0,13,13,109
"KXNFLRECYDS","KXNFLRECYDS-26SEP27LACBUF","LAC vs BUF (Sep 27)","2026-09-27","2026-09","2026_03_LAC_BUF","REG","2026-09-27T17:00:00Z",FALSE,"live",94,94,0,10,10,94
"KXNFLRECYDS","KXNFLRECYDS-26SEP27KCMIA","KC vs MIA (Sep 27)","2026-09-27","2026-09","2026_03_KC_MIA","REG","2026-09-27T17:00:00Z",FALSE,"live",85,85,0,11,11,85
"KXNFLRECYDS","KXNFLRECYDS-26SEP27HOUIND","HOU vs IND (Sep 27)","2026-09-27","2026-09","2026_03_HOU_IND","REG","2026-09-27T17:00:00Z",FALSE,"live",73,68,5,13,12,73
"KXNFLRECYDS","KXNFLRECYDS-26SEP27CINPIT","CIN vs PIT (Sep 27)","2026-09-27","2026-09","2026_03_CIN_PIT","REG","2026-09-27T17:00:00Z",FALSE,"live",98,98,0,13,13,98
"KXNFLRECYDS","KXNFLRECYDS-26SEP27CARCLE","CAR vs CLE (Sep 27)","2026-09-27","2026-09","2026_03_CAR_CLE","REG","2026-09-27T17:00:00Z",FALSE,"live",90,85,5,12,11,89
"KXNFLRECYDS","KXNFLRECYDS-26SEP24ATLGB","ATL vs GB (Sep 24)","2026-09-24","2026-09","2026_03_ATL_GB","REG","2026-09-25T00:15:00Z",FALSE,"live",104,104,0,12,12,104
"KXNFLRECYDS","KXNFLRECYDS-26SEP21NYGLAR","NYG vs LAR (Sep 21)","2026-09-21","2026-09","2026_02_NYG_LA","REG","2026-09-22T00:15:00Z",FALSE,"live",144,130,14,17,16,140
"KXNFLRECYDS","KXNFLRECYDS-26SEP20INDKC","IND vs KC (Sep 20)","2026-09-20","2026-09","2026_02_IND_KC","REG","2026-09-21T00:20:00Z",FALSE,"live",112,112,0,12,12,112
"KXNFLRECYDS","KXNFLRECYDS-26SEP20WASDAL","WAS vs DAL (Sep 20)","2026-09-20","2026-09","2026_02_WAS_DAL","REG","2026-09-20T20:25:00Z",TRUE,"live",94,94,0,10,10,94
"KXNFLRECYDS","KXNFLRECYDS-26SEP20SEAARI","SEA vs ARI (Sep 20)","2026-09-20","2026-09","2026_02_SEA_ARI","REG","2026-09-20T20:25:00Z",FALSE,"live",80,80,0,10,10,80
"KXNFLRECYDS","KXNFLRECYDS-26SEP20MIASF","MIA vs SF (Sep 20)","2026-09-20","2026-09","2026_02_MIA_SF","REG","2026-09-20T20:25:00Z",FALSE,"live",88,88,0,10,10,88
"KXNFLRECYDS","KXNFLRECYDS-26SEP20LVLAC","LV vs LAC (Sep 20)","2026-09-20","2026-09","2026_02_LV_LAC","REG","2026-09-20T20:05:00Z",FALSE,"live",97,97,0,10,10,97
"KXNFLRECYDS","KXNFLRECYDS-26SEP20JACDEN","JAC vs DEN (Sep 20)","2026-09-20","2026-09","2026_02_JAX_DEN","REG","2026-09-20T20:05:00Z",FALSE,"live",81,81,0,10,10,81
"KXNFLRECYDS","KXNFLRECYDS-26SEP20PITNE","PIT vs NE (Sep 20)","2026-09-20","2026-09","2026_02_PIT_NE","REG","2026-09-20T17:00:00Z",FALSE,"live",103,103,0,13,13,103
"KXNFLRECYDS","KXNFLRECYDS-26SEP20PHITEN","PHI vs TEN (Sep 20)","2026-09-20","2026-09","2026_02_PHI_TEN","REG","2026-09-20T17:00:00Z",FALSE,"live",86,86,0,11,11,86
"KXNFLRECYDS","KXNFLRECYDS-26SEP20NOBAL","NO vs BAL (Sep 20)","2026-09-20","2026-09","2026_02_NO_BAL","REG","2026-09-20T17:00:00Z",FALSE,"live",92,92,0,12,12,91
"KXNFLRECYDS","KXNFLRECYDS-26SEP20MINCHI","MIN vs CHI (Sep 20)","2026-09-20","2026-09","2026_02_MIN_CHI","REG","2026-09-20T17:00:00Z",FALSE,"live",88,82,6,11,10,86
"KXNFLRECYDS","KXNFLRECYDS-26SEP20GBNYJ","GB vs NYJ (Sep 20)","2026-09-20","2026-09","2026_02_GB_NYJ","REG","2026-09-20T17:00:00Z",FALSE,"live",106,106,0,13,13,106
"KXNFLRECYDS","KXNFLRECYDS-26SEP20CLETB","CLE vs TB (Sep 20)","2026-09-20","2026-09","2026_02_CLE_TB","REG","2026-09-20T17:00:00Z",FALSE,"live",79,79,0,10,10,79
"KXNFLRECYDS","KXNFLRECYDS-26SEP20CINHOU","CIN vs HOU (Sep 20)","2026-09-20","2026-09","2026_02_CIN_HOU","REG","2026-09-20T17:00:00Z",TRUE,"live",123,109,14,15,14,113
"KXNFLRECYDS","KXNFLRECYDS-26SEP20CARATL","CAR vs ATL (Sep 20)","2026-09-20","2026-09","2026_02_CAR_ATL","REG","2026-09-20T17:00:00Z",FALSE,"live",91,91,0,12,12,91
"KXNFLRECYDS","KXNFLRECYDS-26SEP17DETBUF","DET vs BUF (Sep 17)","2026-09-17","2026-09","2026_02_DET_BUF","REG","2026-09-18T00:15:00Z",FALSE,"live",123,123,0,13,13,123
"KXNFLRECYDS","KXNFLRECYDS-26SEP14DENKC","DEN vs KC (Sep 14)","2026-09-14","2026-09","2026_01_DEN_KC","REG","2026-09-15T00:15:00Z",FALSE,"live",103,103,0,15,15,103
"KXNFLRECYDS","KXNFLRECYDS-26SEP13DALNYG","DAL vs NYG (Sep 13)","2026-09-13","2026-09","2026_01_DAL_NYG","REG","2026-09-14T00:20:00Z",FALSE,"live",101,101,0,13,13,101
"KXNFLRECYDS","KXNFLRECYDS-26SEP13WASPHI","WAS vs PHI (Sep 13)","2026-09-13","2026-09","2026_01_WAS_PHI","REG","2026-09-13T20:25:00Z",FALSE,"live",82,77,5,11,10,82
"KXNFLRECYDS","KXNFLRECYDS-26SEP13MIALV","MIA vs LV (Sep 13)","2026-09-13","2026-09","2026_01_MIA_LV","REG","2026-09-13T20:25:00Z",FALSE,"live",81,64,17,12,10,80
"KXNFLRECYDS","KXNFLRECYDS-26SEP13GBMIN","GB vs MIN (Sep 13)","2026-09-13","2026-09","2026_01_GB_MIN","REG","2026-09-13T20:25:00Z",FALSE,"live",90,90,0,11,11,90
"KXNFLRECYDS","KXNFLRECYDS-26SEP13ARILAC","ARI vs LAC (Sep 13)","2026-09-13","2026-09","2026_01_ARI_LAC","REG","2026-09-13T20:25:00Z",FALSE,"live",79,79,0,9,9,79
"KXNFLRECYDS","KXNFLRECYDS-26SEP13TBCIN","TB vs CIN (Sep 13)","2026-09-13","2026-09","2026_01_TB_CIN","REG","2026-09-13T17:00:00Z",FALSE,"live",84,84,0,12,12,84
"KXNFLRECYDS","KXNFLRECYDS-26SEP13NYJTEN","NYJ vs TEN (Sep 13)","2026-09-13","2026-09","2026_01_NYJ_TEN","REG","2026-09-13T17:00:00Z",FALSE,"live",84,84,0,12,12,84
"KXNFLRECYDS","KXNFLRECYDS-26SEP13NODET","NO vs DET (Sep 13)","2026-09-13","2026-09","2026_01_NO_DET","REG","2026-09-13T17:00:00Z",FALSE,"live",83,83,0,9,9,83
"KXNFLRECYDS","KXNFLRECYDS-26SEP13CLEJAC","CLE vs JAC (Sep 13)","2026-09-13","2026-09","2026_01_CLE_JAX","REG","2026-09-13T17:00:00Z",FALSE,"live",73,73,0,9,9,73
"KXNFLRECYDS","KXNFLRECYDS-26SEP13CHICAR","CHI vs CAR (Sep 13)","2026-09-13","2026-09","2026_01_CHI_CAR","REG","2026-09-13T17:00:00Z",FALSE,"live",88,88,0,14,14,88
"KXNFLRECYDS","KXNFLRECYDS-26SEP13BUFHOU","BUF vs HOU (Sep 13)","2026-09-13","2026-09","2026_01_BUF_HOU","REG","2026-09-13T17:00:00Z",FALSE,"live",95,95,0,14,14,95
"KXNFLRECYDS","KXNFLRECYDS-26SEP13BALIND","BAL vs IND (Sep 13)","2026-09-13","2026-09","2026_01_BAL_IND","REG","2026-09-13T17:00:00Z",FALSE,"live",85,85,0,11,11,85
"KXNFLRECYDS","KXNFLRECYDS-26SEP13ATLPIT","ATL vs PIT (Sep 13)","2026-09-13","2026-09","2026_01_ATL_PIT","REG","2026-09-13T17:00:00Z",FALSE,"live",82,82,0,11,11,82
"KXNFLRECYDS","KXNFLRECYDS-26SEP10SFLAR","SF vs LAR (Sep 10)","2026-09-10","2026-09","2026_01_SF_LA","REG","2026-09-11T00:35:00Z",FALSE,"live",122,122,0,16,16,119
"KXNFLRECYDS","KXNFLRECYDS-26SEP09NESEA","NE vs SEA (Sep 9)","2026-09-09","2026-09","2026_01_NE_SEA","REG","2026-09-10T00:20:00Z",FALSE,"live",97,97,0,13,13,97
"KXNFLRECYDS","KXNFLRECYDS-26AUG27PITBUF","PIT vs BUF (Aug 27)","2026-08-27","2026-08",NA,NA,NA,FALSE,"live",4,4,0,3,3,4
"KXNFLRECYDS","KXNFLRECYDS-26AUG23SEATEN","SEA vs TEN (Aug 23)","2026-08-23","2026-08",NA,NA,NA,FALSE,"live",6,6,0,3,3,6
"KXNFLRECYDS","KXNFLRECYDS-26AUG21NYJPIT","NYJ vs PIT (Aug 21)","2026-08-21","2026-08",NA,NA,NA,FALSE,"live",2,2,0,1,1,2
"KXNFLRECYDS","KXNFLRECYDS-26AUG14TBNYJ","TB vs NYJ (Aug 14)","2026-08-14","2026-08",NA,NA,NA,FALSE,"live",3,3,0,2,2,3
"KXNFLRECYDS","KXNFLRECYDS-26AUG13TENSF","TEN vs SF (Aug 13)","2026-08-13","2026-08",NA,NA,NA,FALSE,"live",4,4,0,2,2,4
"KXNFLRECYDS","KXNFLRECYDS-26AUG13DETCIN","DET vs CIN (Aug 13)","2026-08-13","2026-08",NA,NA,NA,FALSE,"live",9,9,0,5,5,9
"KXNFLRECYDS","KXNFLRECYDS-26FEB08SEANE","SEA at NE (Feb 8)","2026-02-08","2026-02","2025_22_SEA_NE","SB","2026-02-08T23:30:00Z",TRUE,"historical",70,70,0,16,16,70
"KXNFLRECYDS","KXNFLRECYDS-26JAN25LASEA","LA at SEA (Jan 25)","2026-01-25","2026-01","2025_21_LA_SEA","CON","2026-01-25T23:30:00Z",FALSE,"historical",55,55,0,12,12,55
"KXNFLRECYDS","KXNFLRECYDS-26JAN25NEDEN","NE at DEN (Jan 25)","2026-01-25","2026-01","2025_21_NE_DEN","CON","2026-01-25T20:00:00Z",FALSE,"historical",65,65,0,15,15,65
"KXNFLRECYDS","KXNFLRECYDS-26JAN18HOUNE","HOU at NE (Jan 18)","2026-01-18","2026-01","2025_20_HOU_NE","DIV","2026-01-18T20:00:00Z",FALSE,"historical",63,63,0,15,15,63
"KXNFLRECYDS","KXNFLRECYDS-26JAN18LACHI","LA at CHI (Jan 18)","2026-01-18","2026-01","2025_20_LA_CHI","DIV","2026-01-18T23:30:00Z",TRUE,"historical",53,53,0,12,12,53
"KXNFLRECYDS","KXNFLRECYDS-26JAN17SFSEA","SF at SEA (Jan 17)","2026-01-17","2026-01","2025_20_SF_SEA","DIV","2026-01-18T01:00:00Z",FALSE,"historical",42,42,0,9,9,42
"KXNFLRECYDS","KXNFLRECYDS-26JAN17BUFDEN","BUF at DEN (Jan 17)","2026-01-17","2026-01","2025_20_BUF_DEN","DIV","2026-01-17T21:30:00Z",FALSE,"historical",63,63,0,14,14,63
"KXNFLRECYDS","KXNFLRECYDS-26JAN12HOUPIT","HOU at PIT (Jan 12)","2026-01-12","2026-01","2025_19_HOU_PIT","WC","2026-01-13T01:00:00Z",FALSE,"historical",64,64,0,15,15,64
"KXNFLRECYDS","KXNFLRECYDS-26JAN11LACNE","LAC at NE (Jan 11)","2026-01-11","2026-01","2025_19_LAC_NE","WC","2026-01-12T01:00:00Z",FALSE,"historical",58,58,0,13,13,58
"KXNFLRECYDS","KXNFLRECYDS-26JAN11SFPHI","SF at PHI (Jan 11)","2026-01-11","2026-01","2025_19_SF_PHI","WC","2026-01-11T21:30:00Z",FALSE,"historical",37,37,0,8,8,37
"KXNFLRECYDS","KXNFLRECYDS-26JAN11BUFJAC","BUF at JAC (Jan 11)","2026-01-11","2026-01","2025_19_BUF_JAX","WC","2026-01-11T18:00:00Z",FALSE,"historical",50,50,0,11,11,50
"KXNFLRECYDS","KXNFLRECYDS-26JAN10GBCHI","GB at CHI (Jan 10)","2026-01-10","2026-01","2025_19_GB_CHI","WC","2026-01-11T01:00:00Z",TRUE,"historical",58,58,0,13,13,58
"KXNFLRECYDS","KXNFLRECYDS-26JAN10LACAR","LA at CAR (Jan 10)","2026-01-10","2026-01","2025_19_LA_CAR","WC","2026-01-10T21:30:00Z",FALSE,"historical",47,47,0,11,11,47
"KXNFLRECYDS","KXNFLRECYDS-26JAN04BALPIT","BAL at PIT (Jan 4)","2026-01-04","2026-01","2025_18_BAL_PIT","REG","2026-01-05T01:20:00Z",FALSE,"historical",50,50,0,11,11,50
"KXNFLRECYDS","KXNFLRECYDS-26JAN04MIANE","MIA at NE (Jan 4)","2026-01-04","2026-01","2025_18_MIA_NE","REG","2026-01-04T21:25:00Z",TRUE,"historical",24,24,0,5,5,23
"KXNFLRECYDS","KXNFLRECYDS-26JAN04LACDEN","LAC at DEN (Jan 4)","2026-01-04","2026-01","2025_18_LAC_DEN","REG","2026-01-04T21:25:00Z",FALSE,"historical",20,20,0,4,4,20
"KXNFLRECYDS","KXNFLRECYDS-26JAN04DETCHI","DET at CHI (Jan 4)","2026-01-04","2026-01","2025_18_DET_CHI","REG","2026-01-04T21:25:00Z",FALSE,"historical",38,38,0,8,8,37
"KXNFLRECYDS","KXNFLRECYDS-26JAN04ARILA","ARI at LA (Jan 4)","2026-01-04","2026-01","2025_18_ARI_LA","REG","2026-01-04T21:25:00Z",FALSE,"historical",15,15,0,3,3,14
"KXNFLRECYDS","KXNFLRECYDS-26JAN04TENJAC","TEN at JAC (Jan 4)","2026-01-04","2026-01","2025_18_TEN_JAX","REG","2026-01-04T18:00:00Z",FALSE,"historical",44,44,0,9,9,43
"KXNFLRECYDS","KXNFLRECYDS-26JAN04NOATL","NO at ATL (Jan 4)","2026-01-04","2026-01","2025_18_NO_ATL","REG","2026-01-04T18:00:00Z",FALSE,"historical",11,11,0,2,2,11
"KXNFLRECYDS","KXNFLRECYDS-26JAN04INDHOU","IND at HOU (Jan 4)","2026-01-04","2026-01","2025_18_IND_HOU","REG","2026-01-04T18:00:00Z",FALSE,"historical",15,10,5,3,2,15
"KXNFLRECYDS","KXNFLRECYDS-26JAN04GBMIN","GB at MIN (Jan 4)","2026-01-04","2026-01","2025_18_GB_MIN","REG","2026-01-04T18:00:00Z",FALSE,"historical",10,10,0,2,2,10
"KXNFLRECYDS","KXNFLRECYDS-26JAN04CLECIN","CLE at CIN (Jan 4)","2026-01-04","2026-01","2025_18_CLE_CIN","REG","2026-01-04T18:00:00Z",FALSE,"historical",29,29,0,6,6,29
"KXNFLRECYDS","KXNFLRECYDS-26JAN03SEASF","SEA at SF (Jan 3)","2026-01-03","2026-01","2025_18_SEA_SF","REG","2026-01-04T01:00:00Z",FALSE,"historical",41,41,0,9,9,41
"KXNFLRECYDS","KXNFLRECYDS-26JAN03CARTB","CAR at TB (Jan 3)","2026-01-03","2026-01","2025_18_CAR_TB","REG","2026-01-03T21:30:00Z",FALSE,"historical",57,57,0,13,13,57
"KXNFLRECYDS","KXNFLRECYDS-25DEC29LAATL","LA at ATL (Dec 29)","2025-12-29","2025-12","2025_17_LA_ATL","REG","2025-12-30T01:15:00Z",FALSE,"historical",48,48,0,9,9,48
"KXNFLRECYDS","KXNFLRECYDS-25DEC28CHISF","CHI at SF (Dec 28)","2025-12-28","2025-12","2025_17_CHI_SF","REG","2025-12-29T01:20:00Z",FALSE,"historical",53,47,6,9,8,52
"KXNFLRECYDS","KXNFLRECYDS-25DEC28PHIBUF","PHI at BUF (Dec 28)","2025-12-28","2025-12","2025_17_PHI_BUF","REG","2025-12-28T21:25:00Z",FALSE,"historical",38,38,0,7,7,38
"KXNFLRECYDS","KXNFLRECYDS-25DEC28NYGLV","NYG at LV (Dec 28)","2025-12-28","2025-12","2025_17_NYG_LV","REG","2025-12-28T21:05:00Z",FALSE,"historical",47,41,6,8,7,47
"KXNFLRECYDS","KXNFLRECYDS-25DEC28TBMIA","TB at MIA (Dec 28)","2025-12-28","2025-12","2025_17_TB_MIA","REG","2025-12-28T18:00:00Z",TRUE,"historical",67,67,0,12,12,65
"KXNFLRECYDS","KXNFLRECYDS-25DEC28SEACAR","SEA at CAR (Dec 28)","2025-12-28","2025-12","2025_17_SEA_CAR","REG","2025-12-28T18:00:00Z",FALSE,"historical",61,61,0,11,11,61
"KXNFLRECYDS","KXNFLRECYDS-25DEC28PITCLE","PIT at CLE (Dec 28)","2025-12-28","2025-12","2025_17_PIT_CLE","REG","2025-12-28T18:00:00Z",FALSE,"historical",39,39,0,7,7,39
"KXNFLRECYDS","KXNFLRECYDS-25DEC28NOTEN","NO at TEN (Dec 28)","2025-12-28","2025-12","2025_17_NO_TEN","REG","2025-12-28T18:00:00Z",FALSE,"historical",45,45,0,8,8,45
"KXNFLRECYDS","KXNFLRECYDS-25DEC28NENYJ","NE at NYJ (Dec 28)","2025-12-28","2025-12","2025_17_NE_NYJ","REG","2025-12-28T18:00:00Z",FALSE,"historical",39,39,0,7,7,37
"KXNFLRECYDS","KXNFLRECYDS-25DEC28JACIND","JAC at IND (Dec 28)","2025-12-28","2025-12","2025_17_JAX_IND","REG","2025-12-28T18:00:00Z",FALSE,"historical",58,58,0,10,10,58
"KXNFLRECYDS","KXNFLRECYDS-25DEC28ARICIN","ARI at CIN (Dec 28)","2025-12-28","2025-12","2025_17_ARI_CIN","REG","2025-12-28T18:00:00Z",FALSE,"historical",56,56,0,10,10,52
"KXNFLRECYDS","KXNFLRECYDS-25DEC27BALGB","BAL at GB (Dec 27)","2025-12-27","2025-12","2025_17_BAL_GB","REG","2025-12-28T01:00:00Z",FALSE,"historical",60,60,0,12,12,60
"KXNFLRECYDS","KXNFLRECYDS-25DEC27HOULAC","HOU at LAC (Dec 27)","2025-12-27","2025-12","2025_17_HOU_LAC","REG","2025-12-27T21:30:00Z",FALSE,"historical",60,60,0,11,11,60
"KXNFLRECYDS","KXNFLRECYDS-25DEC25DENKC","DEN at KC (Dec 25)","2025-12-25","2025-12","2025_17_DEN_KC","REG","2025-12-26T01:15:00Z",FALSE,"historical",65,65,0,12,12,65
"KXNFLRECYDS","KXNFLRECYDS-25DEC25DETMIN","DET at MIN (Dec 25)","2025-12-25","2025-12","2025_17_DET_MIN","REG","2025-12-25T21:30:00Z",FALSE,"historical",50,50,0,9,9,50
"KXNFLRECYDS","KXNFLRECYDS-25DEC25DALWAS","DAL at WAS (Dec 25)","2025-12-25","2025-12","2025_17_DAL_WAS","REG","2025-12-25T18:00:00Z",FALSE,"historical",54,54,0,10,10,54
"KXNFLRECYDS","KXNFLRECYDS-25DEC22SFIND","SF at IND (Dec 22)","2025-12-22","2025-12","2025_16_SF_IND","REG","2025-12-23T01:15:00Z",FALSE,"historical",58,58,0,10,10,58
"KXNFLRECYDS","KXNFLRECYDS-25DEC21NEBAL","NE at BAL (Dec 21)","2025-12-21","2025-12","2025_16_NE_BAL","REG","2025-12-22T01:20:00Z",FALSE,"historical",76,76,0,14,14,76
"KXNFLRECYDS","KXNFLRECYDS-25DEC21PITDET","PIT at DET (Dec 21)","2025-12-21","2025-12","2025_16_PIT_DET","REG","2025-12-21T21:25:00Z",FALSE,"historical",64,64,0,12,12,64
"KXNFLRECYDS","KXNFLRECYDS-25DEC21LVHOU","LV at HOU (Dec 21)","2025-12-21","2025-12","2025_16_LV_HOU","REG","2025-12-21T21:25:00Z",FALSE,"historical",53,53,0,9,9,51
"KXNFLRECYDS","KXNFLRECYDS-25DEC21JACDEN","JAC at DEN (Dec 21)","2025-12-21","2025-12","2025_16_JAX_DEN","REG","2025-12-21T21:05:00Z",FALSE,"historical",67,67,0,12,12,67
"KXNFLRECYDS","KXNFLRECYDS-25DEC21ATLARI","ATL at ARI (Dec 21)","2025-12-21","2025-12","2025_16_ATL_ARI","REG","2025-12-21T21:05:00Z",FALSE,"historical",41,41,0,7,7,41
"KXNFLRECYDS","KXNFLRECYDS-25DEC21TBCAR","TB at CAR (Dec 21)","2025-12-21","2025-12","2025_16_TB_CAR","REG","2025-12-21T18:00:00Z",FALSE,"historical",68,68,0,12,12,62
"KXNFLRECYDS","KXNFLRECYDS-25DEC21NYJNO","NYJ at NO (Dec 21)","2025-12-21","2025-12","2025_16_NYJ_NO","REG","2025-12-21T18:00:00Z",FALSE,"historical",34,34,0,6,6,29
"KXNFLRECYDS","KXNFLRECYDS-25DEC21MINNYG","MIN at NYG (Dec 21)","2025-12-21","2025-12","2025_16_MIN_NYG","REG","2025-12-21T18:00:00Z",FALSE,"historical",52,52,0,9,9,49
"KXNFLRECYDS","KXNFLRECYDS-25DEC21LACDAL","LAC at DAL (Dec 21)","2025-12-21","2025-12","2025_16_LAC_DAL","REG","2025-12-21T18:00:00Z",FALSE,"historical",51,51,0,9,9,51
"KXNFLRECYDS","KXNFLRECYDS-25DEC21KCTEN","KC at TEN (Dec 21)","2025-12-21","2025-12","2025_16_KC_TEN","REG","2025-12-21T18:00:00Z",FALSE,"historical",65,65,0,12,12,57
"KXNFLRECYDS","KXNFLRECYDS-25DEC21CINMIA","CIN at MIA (Dec 21)","2025-12-21","2025-12","2025_16_CIN_MIA","REG","2025-12-21T18:00:00Z",FALSE,"historical",57,57,0,10,10,56
"KXNFLRECYDS","KXNFLRECYDS-25DEC21BUFCLE","BUF at CLE (Dec 21)","2025-12-21","2025-12","2025_16_BUF_CLE","REG","2025-12-21T18:00:00Z",FALSE,"historical",66,61,5,12,11,63
"KXNFLRECYDS","KXNFLRECYDS-25DEC20GBCHI","GB at CHI (Dec 20)","2025-12-20","2025-12","2025_16_GB_CHI","REG","2025-12-21T01:20:00Z",FALSE,"historical",35,35,0,6,6,35
"KXNFLRECYDS","KXNFLRECYDS-25DEC20PHIWAS","PHI at WAS (Dec 20)","2025-12-20","2025-12","2025_16_PHI_WAS","REG","2025-12-20T22:00:00Z",FALSE,"historical",57,57,0,11,11,55
"KXNFLRECYDS","KXNFLRECYDS-25DEC18LASEA","LA at SEA (Dec 18)","2025-12-18","2025-12","2025_16_LA_SEA","REG","2025-12-19T01:15:00Z",FALSE,"historical",55,55,0,10,10,55
"KXNFLRECYDS","KXNFLRECYDS-25DEC15MIAPIT","MIA at PIT (Dec 15)","2025-12-15","2025-12","2025_15_MIA_PIT","REG","2025-12-16T01:15:00Z",FALSE,"historical",72,72,0,13,13,72
"KXNFLRECYDS","KXNFLRECYDS-25DEC14MINDAL","MIN at DAL (Dec 14)","2025-12-14","2025-12","2025_15_MIN_DAL","REG","2025-12-15T01:20:00Z",FALSE,"historical",50,50,0,9,9,50
"KXNFLRECYDS","KXNFLRECYDS-25DEC14TENSF","TEN at SF (Dec 14)","2025-12-14","2025-12","2025_15_TEN_SF","REG","2025-12-14T21:25:00Z",TRUE,"historical",64,64,0,11,11,49
"KXNFLRECYDS","KXNFLRECYDS-25DEC14INDSEA","IND at SEA (Dec 14)","2025-12-14","2025-12","2025_15_IND_SEA","REG","2025-12-14T21:25:00Z",FALSE,"historical",57,57,0,10,10,54
"KXNFLRECYDS","KXNFLRECYDS-25DEC14GBDEN","GB at DEN (Dec 14)","2025-12-14","2025-12","2025_15_GB_DEN","REG","2025-12-14T21:25:00Z",FALSE,"historical",47,47,0,8,8,45
"KXNFLRECYDS","KXNFLRECYDS-25DEC14DETLA","DET at LA (Dec 14)","2025-12-14","2025-12","2025_15_DET_LA","REG","2025-12-14T21:25:00Z",FALSE,"historical",38,38,0,7,7,34
"KXNFLRECYDS","KXNFLRECYDS-25DEC14CARNO","CAR at NO (Dec 14)","2025-12-14","2025-12","2025_15_CAR_NO","REG","2025-12-14T21:25:00Z",FALSE,"historical",56,56,0,10,10,42
"KXNFLRECYDS","KXNFLRECYDS-25DEC14WASNYG","WAS at NYG (Dec 14)","2025-12-14","2025-12","2025_15_WAS_NYG","REG","2025-12-14T18:00:00Z",FALSE,"historical",44,44,0,8,8,35
"KXNFLRECYDS","KXNFLRECYDS-25DEC14NYJJAC","NYJ at JAC (Dec 14)","2025-12-14","2025-12","2025_15_NYJ_JAX","REG","2025-12-14T18:00:00Z",FALSE,"historical",34,34,0,6,6,33
"KXNFLRECYDS","KXNFLRECYDS-25DEC14LVPHI","LV at PHI (Dec 14)","2025-12-14","2025-12","2025_15_LV_PHI","REG","2025-12-14T18:00:00Z",TRUE,"historical",56,56,0,10,10,38
"KXNFLRECYDS","KXNFLRECYDS-25DEC14LACKC","LAC at KC (Dec 14)","2025-12-14","2025-12","2025_15_LAC_KC","REG","2025-12-14T18:00:00Z",FALSE,"historical",70,59,11,13,11,47
"KXNFLRECYDS","KXNFLRECYDS-25DEC14CLECHI","CLE at CHI (Dec 14)","2025-12-14","2025-12","2025_15_CLE_CHI","REG","2025-12-14T18:00:00Z",FALSE,"historical",55,55,0,10,10,53
"KXNFLRECYDS","KXNFLRECYDS-25DEC14BUFNE","BUF at NE (Dec 14)","2025-12-14","2025-12","2025_15_BUF_NE","REG","2025-12-14T18:00:00Z",FALSE,"historical",66,66,0,12,12,58
"KXNFLRECYDS","KXNFLRECYDS-25DEC14BALCIN","BAL at CIN (Dec 14)","2025-12-14","2025-12","2025_15_BAL_CIN","REG","2025-12-14T18:00:00Z",FALSE,"historical",55,55,0,10,10,54
"KXNFLRECYDS","KXNFLRECYDS-25DEC14ARIHOU","ARI at HOU (Dec 14)","2025-12-14","2025-12","2025_15_ARI_HOU","REG","2025-12-14T18:00:00Z",FALSE,"historical",44,44,0,8,8,42
"KXNFLRECYDS","KXNFLRECYDS-25DEC11ATLTB","ATL at TB (Dec 11)","2025-12-11","2025-12","2025_15_ATL_TB","REG","2025-12-12T01:15:00Z",FALSE,"historical",50,50,0,9,9,50
"KXNFLRECYDS","KXNFLRECYDS-25DEC08PHILAC","PHI at LAC (Dec 8)","2025-12-08","2025-12","2025_14_PHI_LAC","REG","2025-12-09T01:15:00Z",FALSE,"historical",56,56,0,10,10,56
"KXNFLRECYDS","KXNFLRECYDS-25DEC07HOUKC","HOU at KC (Dec 7)","2025-12-07","2025-12","2025_14_HOU_KC","REG","2025-12-08T01:20:00Z",FALSE,"historical",71,71,0,14,14,70
"KXNFLRECYDS","KXNFLRECYDS-25DEC07LAARI","LA at ARI (Dec 7)","2025-12-07","2025-12","2025_14_LA_ARI","REG","2025-12-07T21:25:00Z",FALSE,"historical",48,48,0,9,9,43
"KXNFLRECYDS","KXNFLRECYDS-25DEC07CHIGB","CHI at GB (Dec 7)","2025-12-07","2025-12","2025_14_CHI_GB","REG","2025-12-07T21:25:00Z",FALSE,"historical",55,55,0,10,10,55
"KXNFLRECYDS","KXNFLRECYDS-25DEC07DENLV","DEN at LV (Dec 7)","2025-12-07","2025-12","2025_14_DEN_LV","REG","2025-12-07T21:05:00Z",FALSE,"historical",58,58,0,10,10,53
"KXNFLRECYDS","KXNFLRECYDS-25DEC07WASMIN","WAS at MIN (Dec 7)","2025-12-07","2025-12","2025_14_WAS_MIN","REG","2025-12-07T18:00:00Z",FALSE,"historical",50,50,0,9,9,40
"KXNFLRECYDS","KXNFLRECYDS-25DEC07TENCLE","TEN at CLE (Dec 7)","2025-12-07","2025-12","2025_14_TEN_CLE","REG","2025-12-07T18:00:00Z",FALSE,"historical",65,65,0,12,12,45
"KXNFLRECYDS","KXNFLRECYDS-25DEC07SEAATL","SEA at ATL (Dec 7)","2025-12-07","2025-12","2025_14_SEA_ATL","REG","2025-12-07T18:00:00Z",FALSE,"historical",60,60,0,11,11,47
"KXNFLRECYDS","KXNFLRECYDS-25DEC07PITBAL","PIT at BAL (Dec 7)","2025-12-07","2025-12","2025_14_PIT_BAL","REG","2025-12-07T18:00:00Z",FALSE,"historical",71,71,0,13,13,57
"KXNFLRECYDS","KXNFLRECYDS-25DEC07NOTB","NO at TB (Dec 7)","2025-12-07","2025-12","2025_14_NO_TB","REG","2025-12-07T18:00:00Z",FALSE,"historical",55,55,0,10,10,38
"KXNFLRECYDS","KXNFLRECYDS-25DEC07MIANYJ","MIA at NYJ (Dec 7)","2025-12-07","2025-12","2025_14_MIA_NYJ","REG","2025-12-07T18:00:00Z",FALSE,"historical",47,47,0,8,8,31
"KXNFLRECYDS","KXNFLRECYDS-25DEC07INDJAC","IND at JAC (Dec 7)","2025-12-07","2025-12","2025_14_IND_JAX","REG","2025-12-07T18:00:00Z",FALSE,"historical",52,52,0,9,9,35
"KXNFLRECYDS","KXNFLRECYDS-25DEC07CINBUF","CIN at BUF (Dec 7)","2025-12-07","2025-12","2025_14_CIN_BUF","REG","2025-12-07T18:00:00Z",FALSE,"historical",53,53,0,10,10,50
"KXNFLRECYDS","KXNFLRECYDS-25DEC04DALDET","DAL at DET (Dec 4)","2025-12-04","2025-12","2025_14_DAL_DET","REG","2025-12-05T01:15:00Z",FALSE,"historical",73,73,0,13,13,73
"KXNFLRECYDS","KXNFLRECYDS-25DEC01NYGNE","NYG at NE (Dec 1)","2025-12-01","2025-12","2025_13_NYG_NE","REG","2025-12-02T01:15:00Z",FALSE,"historical",71,71,0,13,13,71
"KXNFLRECYDS","KXNFLRECYDS-25NOV30DENWAS","DEN at WAS (Nov 30)","2025-11-30","2025-11","2025_13_DEN_WAS","REG","2025-12-01T01:20:00Z",FALSE,"historical",51,51,0,9,9,51
"KXNFLRECYDS","KXNFLRECYDS-25NOV30LVLAC","LV at LAC (Nov 30)","2025-11-30","2025-11","2025_13_LV_LAC","REG","2025-11-30T21:25:00Z",FALSE,"historical",52,52,0,9,9,52
"KXNFLRECYDS","KXNFLRECYDS-25NOV30BUFPIT","BUF at PIT (Nov 30)","2025-11-30","2025-11","2025_13_BUF_PIT","REG","2025-11-30T21:25:00Z",TRUE,"historical",47,47,0,9,9,41
"KXNFLRECYDS","KXNFLRECYDS-25NOV30MINSEA","MIN at SEA (Nov 30)","2025-11-30","2025-11","2025_13_MIN_SEA","REG","2025-11-30T21:05:00Z",FALSE,"historical",61,61,0,11,11,61
"KXNFLRECYDS","KXNFLRECYDS-25NOV30SFCLE","SF at CLE (Nov 30)","2025-11-30","2025-11","2025_13_SF_CLE","REG","2025-11-30T18:00:00Z",FALSE,"historical",46,46,0,8,8,39
"KXNFLRECYDS","KXNFLRECYDS-25NOV30NOMIA","NO at MIA (Nov 30)","2025-11-30","2025-11","2025_13_NO_MIA","REG","2025-11-30T18:00:00Z",FALSE,"historical",39,39,0,7,7,39
"KXNFLRECYDS","KXNFLRECYDS-25NOV30LACAR","LA at CAR (Nov 30)","2025-11-30","2025-11","2025_13_LA_CAR","REG","2025-11-30T18:00:00Z",FALSE,"historical",55,55,0,10,10,52
"KXNFLRECYDS","KXNFLRECYDS-25NOV30JACTEN","JAC at TEN (Nov 30)","2025-11-30","2025-11","2025_13_JAX_TEN","REG","2025-11-30T18:00:00Z",FALSE,"historical",29,29,0,5,5,21
"KXNFLRECYDS","KXNFLRECYDS-25NOV30HOUIND","HOU at IND (Nov 30)","2025-11-30","2025-11","2025_13_HOU_IND","REG","2025-11-30T18:00:00Z",FALSE,"historical",51,51,0,9,9,49
"KXNFLRECYDS","KXNFLRECYDS-25NOV30ATLNYJ","ATL at NYJ (Nov 30)","2025-11-30","2025-11","2025_13_ATL_NYJ","REG","2025-11-30T18:00:00Z",TRUE,"historical",42,42,0,7,7,42
"KXNFLRECYDS","KXNFLRECYDS-25NOV30ARITB","ARI at TB (Nov 30)","2025-11-30","2025-11","2025_13_ARI_TB","REG","2025-11-30T18:00:00Z",FALSE,"historical",52,52,0,9,9,36
"KXNFLRECYDS","KXNFLRECYDS-25NOV28CHIPHI","CHI at PHI (Nov 28)","2025-11-28","2025-11","2025_13_CHI_PHI","REG","2025-11-28T20:00:00Z",FALSE,"historical",61,61,0,11,11,61
"KXNFLRECYDS","KXNFLRECYDS-25NOV27CINBAL","CIN at BAL (Nov 27)","2025-11-27","2025-11","2025_13_CIN_BAL","REG","2025-11-28T01:20:00Z",FALSE,"historical",69,69,0,13,13,69
"KXNFLRECYDS","KXNFLRECYDS-25NOV27KCDAL","KC at DAL (Nov 27)","2025-11-27","2025-11","2025_13_KC_DAL","REG","2025-11-27T21:30:00Z",FALSE,"historical",73,73,0,14,14,73
"KXNFLRECYDS","KXNFLRECYDS-25NOV27GBDET","GB at DET (Nov 27)","2025-11-27","2025-11","2025_13_GB_DET","REG","2025-11-27T18:00:00Z",FALSE,"historical",56,56,0,10,10,56
"KXNFLRECYDS","KXNFLRECYDS-25NOV24CARSF","CAR at SF (Nov 24)","2025-11-24","2025-11","2025_12_CAR_SF","REG","2025-11-25T01:15:00Z",FALSE,"historical",57,57,0,10,10,57
"KXNFLRECYDS","KXNFLRECYDS-25NOV23TBLA","TB at LA (Nov 23)","2025-11-23","2025-11","2025_12_TB_LA","REG","2025-11-24T01:20:00Z",FALSE,"historical",53,53,0,10,10,53
"KXNFLRECYDS","KXNFLRECYDS-25NOV23PHIDAL","PHI at DAL (Nov 23)","2025-11-23","2025-11","2025_12_PHI_DAL","REG","2025-11-23T21:25:00Z",FALSE,"historical",59,59,0,11,11,59
"KXNFLRECYDS","KXNFLRECYDS-25NOV23ATLNO","ATL at NO (Nov 23)","2025-11-23","2025-11","2025_12_ATL_NO","REG","2025-11-23T21:25:00Z",FALSE,"historical",36,36,0,6,6,29
"KXNFLRECYDS","KXNFLRECYDS-25NOV23JACARI","JAC at ARI (Nov 23)","2025-11-23","2025-11","2025_12_JAX_ARI","REG","2025-11-23T21:05:00Z",FALSE,"historical",45,45,0,8,8,45
"KXNFLRECYDS","KXNFLRECYDS-25NOV23CLELV","CLE at LV (Nov 23)","2025-11-23","2025-11","2025_12_CLE_LV","REG","2025-11-23T21:05:00Z",FALSE,"historical",55,55,0,10,10,45
"KXNFLRECYDS","KXNFLRECYDS-25NOV23SEATEN","SEA at TEN (Nov 23)","2025-11-23","2025-11","2025_12_SEA_TEN","REG","2025-11-23T18:00:00Z",FALSE,"historical",56,56,0,10,10,35
"KXNFLRECYDS","KXNFLRECYDS-25NOV23PITCHI","PIT at CHI (Nov 23)","2025-11-23","2025-11","2025_12_PIT_CHI","REG","2025-11-23T18:00:00Z",FALSE,"historical",70,70,0,13,13,57
"KXNFLRECYDS","KXNFLRECYDS-25NOV23NYJBAL","NYJ at BAL (Nov 23)","2025-11-23","2025-11","2025_12_NYJ_BAL","REG","2025-11-23T18:00:00Z",FALSE,"historical",50,50,0,9,9,33
"KXNFLRECYDS","KXNFLRECYDS-25NOV23NYGDET","NYG at DET (Nov 23)","2025-11-23","2025-11","2025_12_NYG_DET","REG","2025-11-23T18:00:00Z",FALSE,"historical",56,56,0,10,10,48
"KXNFLRECYDS","KXNFLRECYDS-25NOV23NECIN","NE at CIN (Nov 23)","2025-11-23","2025-11","2025_12_NE_CIN","REG","2025-11-23T18:00:00Z",FALSE,"historical",69,69,0,12,12,48
"KXNFLRECYDS","KXNFLRECYDS-25NOV23MINGB","MIN at GB (Nov 23)","2025-11-23","2025-11","2025_12_MIN_GB","REG","2025-11-23T18:00:00Z",FALSE,"historical",45,45,0,8,8,24
"KXNFLRECYDS","KXNFLRECYDS-25NOV23INDKC","IND at KC (Nov 23)","2025-11-23","2025-11","2025_12_IND_KC","REG","2025-11-23T18:00:00Z",FALSE,"historical",65,65,0,12,12,55
"KXNFLRECYDS","KXNFLRECYDS-25NOV20BUFHOU","BUF at HOU (Nov 20)","2025-11-20","2025-11","2025_12_BUF_HOU","REG","2025-11-21T01:15:00Z",FALSE,"historical",46,40,6,8,7,46
"KXNFLRECYDS","KXNFLRECYDS-25NOV17DALLV","DAL at LV (Nov 17)","2025-11-17","2025-11","2025_11_DAL_LV","REG","2025-11-18T01:15:00Z",FALSE,"historical",62,62,0,11,11,62
"KXNFLRECYDS","KXNFLRECYDS-25NOV16DETPHI","DET at PHI (Nov 16)","2025-11-16","2025-11","2025_11_DET_PHI","REG","2025-11-17T01:20:00Z",FALSE,"historical",54,54,0,10,10,54
"KXNFLRECYDS","KXNFLRECYDS-25NOV16KCDEN","KC at DEN (Nov 16)","2025-11-16","2025-11","2025_11_KC_DEN","REG","2025-11-16T21:25:00Z",FALSE,"historical",76,76,0,14,14,57
"KXNFLRECYDS","KXNFLRECYDS-25NOV16BALCLE","BAL at CLE (Nov 16)","2025-11-16","2025-11","2025_11_BAL_CLE","REG","2025-11-16T21:25:00Z",FALSE,"historical",59,59,0,11,11,28
"KXNFLRECYDS","KXNFLRECYDS-25NOV16SFARI","SF at ARI (Nov 16)","2025-11-16","2025-11","2025_11_SF_ARI","REG","2025-11-16T21:05:00Z",FALSE,"historical",42,42,0,7,7,39
"KXNFLRECYDS","KXNFLRECYDS-25NOV16SEALA","SEA at LA (Nov 16)","2025-11-16","2025-11","2025_11_SEA_LA","REG","2025-11-16T21:05:00Z",FALSE,"historical",60,60,0,11,11,50
"KXNFLRECYDS","KXNFLRECYDS-25NOV16TBBUF","TB at BUF (Nov 16)","2025-11-16","2025-11","2025_11_TB_BUF","REG","2025-11-16T18:00:00Z",FALSE,"historical",56,50,6,10,9,45
"KXNFLRECYDS","KXNFLRECYDS-25NOV16LACJAC","LAC at JAC (Nov 16)","2025-11-16","2025-11","2025_11_LAC_JAX","REG","2025-11-16T18:00:00Z",FALSE,"historical",50,50,0,9,9,30
"KXNFLRECYDS","KXNFLRECYDS-25NOV16HOUTEN","HOU at TEN (Nov 16)","2025-11-16","2025-11","2025_11_HOU_TEN","REG","2025-11-16T18:00:00Z",FALSE,"historical",61,61,0,11,11,42
"KXNFLRECYDS","KXNFLRECYDS-25NOV16GBNYG","GB at NYG (Nov 16)","2025-11-16","2025-11","2025_11_GB_NYG","REG","2025-11-16T18:00:00Z",FALSE,"historical",45,45,0,8,8,35
"KXNFLRECYDS","KXNFLRECYDS-25NOV16CINPIT","CIN at PIT (Nov 16)","2025-11-16","2025-11","2025_11_CIN_PIT","REG","2025-11-16T18:00:00Z",FALSE,"historical",74,74,0,13,13,49
"KXNFLRECYDS","KXNFLRECYDS-25NOV16CHIMIN","CHI at MIN (Nov 16)","2025-11-16","2025-11","2025_11_CHI_MIN","REG","2025-11-16T18:00:00Z",FALSE,"historical",68,68,0,12,12,52
"KXNFLRECYDS","KXNFLRECYDS-25NOV16CARATL","CAR at ATL (Nov 16)","2025-11-16","2025-11","2025_11_CAR_ATL","REG","2025-11-16T18:00:00Z",FALSE,"historical",45,45,0,8,8,39
"KXNFLRECYDS","KXNFLRECYDS-25NOV16WASMIA","WAS at MIA (Nov 16)","2025-11-16","2025-11","2025_11_WAS_MIA","REG","2025-11-16T14:30:00Z",FALSE,"historical",52,52,0,9,9,49
"KXNFLRECYDS","KXNFLRECYDS-25NOV13NYJNE","NYJ at NE (Nov 13)","2025-11-13","2025-11","2025_11_NYJ_NE","REG","2025-11-14T01:15:00Z",FALSE,"historical",56,56,0,11,11,56
"KXNFLRECYDS","KXNFLRECYDS-25NOV10PHIGB","PHI at GB (Nov 10)","2025-11-10","2025-11","2025_10_PHI_GB","REG","2025-11-11T01:15:00Z",FALSE,"historical",33,33,0,7,7,33
"KXNFLRECYDS","KXNFLRECYDS-25NOV09PITLAC","PIT at LAC (Nov 9)","2025-11-09","2025-11","2025_10_PIT_LAC","REG","2025-11-10T01:20:00Z",FALSE,"historical",62,62,0,14,14,62
"KXNFLRECYDS","KXNFLRECYDS-25NOV09LASF","LA at SF (Nov 9)","2025-11-09","2025-11","2025_10_LA_SF","REG","2025-11-09T21:25:00Z",FALSE,"historical",42,42,0,9,9,40
"KXNFLRECYDS","KXNFLRECYDS-25NOV09DETWAS","DET at WAS (Nov 9)","2025-11-09","2025-11","2025_10_DET_WAS","REG","2025-11-09T21:25:00Z",FALSE,"historical",41,41,0,9,9,41
"KXNFLRECYDS","KXNFLRECYDS-25NOV09ARISEA","ARI at SEA (Nov 9)","2025-11-09","2025-11","2025_10_ARI_SEA","REG","2025-11-09T21:05:00Z",FALSE,"historical",39,39,0,10,10,39
"KXNFLRECYDS","KXNFLRECYDS-25NOV09NYGCHI","NYG at CHI (Nov 9)","2025-11-09","2025-11","2025_10_NYG_CHI","REG","2025-11-09T18:00:00Z",FALSE,"historical",51,51,0,12,12,32
"KXNFLRECYDS","KXNFLRECYDS-25NOV09NOCAR","NO at CAR (Nov 9)","2025-11-09","2025-11","2025_10_NO_CAR","REG","2025-11-09T18:00:00Z",FALSE,"historical",39,39,0,9,9,21
"KXNFLRECYDS","KXNFLRECYDS-25NOV09NETB","NE at TB (Nov 9)","2025-11-09","2025-11","2025_10_NE_TB","REG","2025-11-09T18:00:00Z",FALSE,"historical",46,46,0,10,10,45
"KXNFLRECYDS","KXNFLRECYDS-25NOV09JACHOU","JAC at HOU (Nov 9)","2025-11-09","2025-11","2025_10_JAX_HOU","REG","2025-11-09T18:00:00Z",FALSE,"historical",45,45,0,10,10,42
"KXNFLRECYDS","KXNFLRECYDS-25NOV09CLENYJ","CLE at NYJ (Nov 9)","2025-11-09","2025-11","2025_10_CLE_NYJ","REG","2025-11-09T18:00:00Z",FALSE,"historical",29,25,4,7,6,19
"KXNFLRECYDS","KXNFLRECYDS-25NOV09BUFMIA","BUF at MIA (Nov 9)","2025-11-09","2025-11","2025_10_BUF_MIA","REG","2025-11-09T18:00:00Z",FALSE,"historical",44,44,0,10,10,44
"KXNFLRECYDS","KXNFLRECYDS-25NOV09BALMIN","BAL at MIN (Nov 9)","2025-11-09","2025-11","2025_10_BAL_MIN","REG","2025-11-09T18:00:00Z",FALSE,"historical",52,52,0,12,12,29
"KXNFLRECYDS","KXNFLRECYDS-25NOV09ATLIND","ATL at IND (Nov 9)","2025-11-09","2025-11","2025_10_ATL_IND","REG","2025-11-09T14:30:00Z",FALSE,"historical",47,47,0,10,10,47
"KXNFLRECYDS","KXNFLRECYDS-25NOV06LVDEN","LV at DEN (Nov 6)","2025-11-06","2025-11","2025_10_LV_DEN","REG","2025-11-07T01:15:00Z",FALSE,"historical",44,44,0,10,10,44
"KXNFLRECYDS","KXNFLRECYDS-25NOV03ARIDAL","ARI at DAL (Nov 3)","2025-11-03","2025-11","2025_09_ARI_DAL","REG","2025-11-04T01:15:00Z",FALSE,"historical",51,51,0,12,12,50
"KXNFLRECYDS","KXNFLRECYDS-25NOV02SEAWAS","SEA at WAS (Nov 2)","2025-11-02","2025-11","2025_09_SEA_WAS","REG","2025-11-03T01:20:00Z",FALSE,"historical",51,46,5,12,11,43
"KXNFLRECYDS","KXNFLRECYDS-25NOV02KCBUF","KC at BUF (Nov 2)","2025-11-02","2025-11","2025_09_KC_BUF","REG","2025-11-02T21:25:00Z",FALSE,"historical",53,53,0,12,12,49
"KXNFLRECYDS","KXNFLRECYDS-25NOV02NOLA","NO at LA (Nov 2)","2025-11-02","2025-11","2025_09_NO_LA","REG","2025-11-02T21:05:00Z",FALSE,"historical",33,33,0,8,8,24
"KXNFLRECYDS","KXNFLRECYDS-25NOV02JACLV","JAC at LV (Nov 2)","2025-11-02","2025-11","2025_09_JAX_LV","REG","2025-11-02T21:05:00Z",FALSE,"historical",39,39,0,9,9,26
"KXNFLRECYDS","KXNFLRECYDS-25NOV02SFNYG","SF at NYG (Nov 2)","2025-11-02","2025-11","2025_09_SF_NYG","REG","2025-11-02T18:00:00Z",FALSE,"historical",43,43,0,9,9,24
"KXNFLRECYDS","KXNFLRECYDS-25NOV02MINDET","MIN at DET (Nov 2)","2025-11-02","2025-11","2025_09_MIN_DET","REG","2025-11-02T18:00:00Z",FALSE,"historical",43,43,0,10,10,31
"KXNFLRECYDS","KXNFLRECYDS-25NOV02LACTEN","LAC at TEN (Nov 2)","2025-11-02","2025-11","2025_09_LAC_TEN","REG","2025-11-02T18:00:00Z",TRUE,"historical",58,58,0,13,13,25
"KXNFLRECYDS","KXNFLRECYDS-25NOV02INDPIT","IND at PIT (Nov 2)","2025-11-02","2025-11","2025_09_IND_PIT","REG","2025-11-02T18:00:00Z",FALSE,"historical",58,58,0,13,13,32
"KXNFLRECYDS","KXNFLRECYDS-25NOV02DENHOU","DEN at HOU (Nov 2)","2025-11-02","2025-11","2025_09_DEN_HOU","REG","2025-11-02T18:00:00Z",FALSE,"historical",46,46,0,11,11,19
"KXNFLRECYDS","KXNFLRECYDS-25NOV02CHICIN","CHI at CIN (Nov 2)","2025-11-02","2025-11","2025_09_CHI_CIN","REG","2025-11-02T18:00:00Z",FALSE,"historical",48,48,0,11,11,30
"KXNFLRECYDS","KXNFLRECYDS-25NOV02CARGB","CAR at GB (Nov 2)","2025-11-02","2025-11","2025_09_CAR_GB","REG","2025-11-02T18:00:00Z",FALSE,"historical",51,51,0,12,12,19
"KXNFLRECYDS","KXNFLRECYDS-25NOV02ATLNE","ATL at NE (Nov 2)","2025-11-02","2025-11","2025_09_ATL_NE","REG","2025-11-02T18:00:00Z",FALSE,"historical",50,50,0,11,11,30
"KXNFLRECYDS","KXNFLRECYDS-25OCT30BALMIA","BAL at MIA (Oct 30)","2025-10-30","2025-10","2025_09_BAL_MIA","REG","2025-10-31T00:15:00Z",FALSE,"historical",44,44,0,10,10,44
"KXNFLRECYDS","KXNFLRECYDS-25OCT27WASKC","WAS at KC (Oct 27)","2025-10-27","2025-10","2025_08_WAS_KC","REG","2025-10-28T00:15:00Z",FALSE,"historical",42,42,0,10,10,42
"KXNFLRECYDS","KXNFLRECYDS-25OCT26GBPIT","GB at PIT (Oct 26)","2025-10-26","2025-10","2025_08_GB_PIT","REG","2025-10-27T00:20:00Z",FALSE,"historical",44,44,0,10,10,43
"KXNFLRECYDS","KXNFLRECYDS-25OCT26TENIND","TEN at IND (Oct 26)","2025-10-26","2025-10","2025_08_TEN_IND","REG","2025-10-26T20:25:00Z",FALSE,"historical",53,53,0,12,12,40
"KXNFLRECYDS","KXNFLRECYDS-25OCT26DALDEN","DAL at DEN (Oct 26)","2025-10-26","2025-10","2025_08_DAL_DEN","REG","2025-10-26T20:25:00Z",FALSE,"historical",38,38,0,8,8,35
"KXNFLRECYDS","KXNFLRECYDS-25OCT26TBNO","TB at NO (Oct 26)","2025-10-26","2025-10","2025_08_TB_NO","REG","2025-10-26T20:05:00Z",FALSE,"historical",42,42,0,9,9,37
"KXNFLRECYDS","KXNFLRECYDS-25OCT26SFHOU","SF at HOU (Oct 26)","2025-10-26","2025-10","2025_08_SF_HOU","REG","2025-10-26T17:00:00Z",FALSE,"historical",45,45,0,10,10,32
"KXNFLRECYDS","KXNFLRECYDS-25OCT26NYJCIN","NYJ at CIN (Oct 26)","2025-10-26","2025-10","2025_08_NYJ_CIN","REG","2025-10-26T17:00:00Z",FALSE,"historical",31,26,5,7,6,21
"KXNFLRECYDS","KXNFLRECYDS-25OCT26NYGPHI","NYG at PHI (Oct 26)","2025-10-26","2025-10","2025_08_NYG_PHI","REG","2025-10-26T17:00:00Z",FALSE,"historical",33,33,0,7,7,33
"KXNFLRECYDS","KXNFLRECYDS-25OCT26MIAATL","MIA at ATL (Oct 26)","2025-10-26","2025-10","2025_08_MIA_ATL","REG","2025-10-26T17:00:00Z",FALSE,"historical",38,33,5,8,7,31
"KXNFLRECYDS","KXNFLRECYDS-25OCT26CLENE","CLE at NE (Oct 26)","2025-10-26","2025-10","2025_08_CLE_NE","REG","2025-10-26T17:00:00Z",FALSE,"historical",52,52,0,12,12,33
"KXNFLRECYDS","KXNFLRECYDS-25OCT26CHIBAL","CHI at BAL (Oct 26)","2025-10-26","2025-10","2025_08_CHI_BAL","REG","2025-10-26T17:00:00Z",FALSE,"historical",48,48,0,11,11,41
"KXNFLRECYDS","KXNFLRECYDS-25OCT26BUFCAR","BUF at CAR (Oct 26)","2025-10-26","2025-10","2025_08_BUF_CAR","REG","2025-10-26T17:00:00Z",FALSE,"historical",44,44,0,10,10,32
"KXNFLRECYDS","KXNFLRECYDS-25OCT23MINLAC","MIN at LAC (Oct 23)","2025-10-23","2025-10","2025_08_MIN_LAC","REG","2025-10-24T00:15:00Z",FALSE,"historical",42,42,0,9,9,42
"KXNFLRECYDS","KXNFLRECYDS-25OCT20HOUSEA","HOU at SEA (Oct 20)","2025-10-20","2025-10","2025_07_HOU_SEA","REG","2025-10-21T02:00:00Z",FALSE,"historical",50,45,5,12,11,44
"KXNFLRECYDS","KXNFLRECYDS-25OCT20TBDET","TB at DET (Oct 20)","2025-10-20","2025-10","2025_07_TB_DET","REG","2025-10-20T23:00:00Z",FALSE,"historical",47,47,0,10,10,45
"KXNFLRECYDS","KXNFLRECYDS-25OCT19ATLSF","ATL at SF (Oct 19)","2025-10-19","2025-10","2025_07_ATL_SF","REG","2025-10-20T00:20:00Z",FALSE,"historical",31,31,0,7,7,31
"KXNFLRECYDS","KXNFLRECYDS-25OCT19WASDAL","WAS at DAL (Oct 19)","2025-10-19","2025-10","2025_07_WAS_DAL","REG","2025-10-19T20:25:00Z",FALSE,"historical",32,32,0,8,8,23
"KXNFLRECYDS","KXNFLRECYDS-25OCT19GBARI","GB at ARI (Oct 19)","2025-10-19","2025-10","2025_07_GB_ARI","REG","2025-10-19T20:25:00Z",FALSE,"historical",32,32,0,7,7,32
"KXNFLRECYDS","KXNFLRECYDS-25OCT19NYGDEN","NYG at DEN (Oct 19)","2025-10-19","2025-10","2025_07_NYG_DEN","REG","2025-10-19T20:05:00Z",FALSE,"historical",34,34,0,9,9,31
"KXNFLRECYDS","KXNFLRECYDS-25OCT19INDLAC","IND at LAC (Oct 19)","2025-10-19","2025-10","2025_07_IND_LAC","REG","2025-10-19T20:05:00Z",FALSE,"historical",41,41,0,9,9,35
"KXNFLRECYDS","KXNFLRECYDS-25OCT19PHIMIN","PHI at MIN (Oct 19)","2025-10-19","2025-10","2025_07_PHI_MIN","REG","2025-10-19T17:00:00Z",FALSE,"historical",31,31,0,8,8,29
"KXNFLRECYDS","KXNFLRECYDS-25OCT19NOCHI","NO at CHI (Oct 19)","2025-10-19","2025-10","2025_07_NO_CHI","REG","2025-10-19T17:00:00Z",FALSE,"historical",40,40,0,9,9,38
"KXNFLRECYDS","KXNFLRECYDS-25OCT19NETEN","NE at TEN (Oct 19)","2025-10-19","2025-10","2025_07_NE_TEN","REG","2025-10-19T17:00:00Z",FALSE,"historical",51,51,0,12,12,39
"KXNFLRECYDS","KXNFLRECYDS-25OCT19MIACLE","MIA at CLE (Oct 19)","2025-10-19","2025-10","2025_07_MIA_CLE","REG","2025-10-19T17:00:00Z",FALSE,"historical",35,35,0,8,8,28
"KXNFLRECYDS","KXNFLRECYDS-25OCT19LVKC","LV at KC (Oct 19)","2025-10-19","2025-10","2025_07_LV_KC","REG","2025-10-19T17:00:00Z",TRUE,"historical",47,47,0,12,12,38
"KXNFLRECYDS","KXNFLRECYDS-25OCT19CARNYJ","CAR at NYJ (Oct 19)","2025-10-19","2025-10","2025_07_CAR_NYJ","REG","2025-10-19T17:00:00Z",FALSE,"historical",33,33,0,8,8,30
"KXNFLRECYDS","KXNFLRECYDS-25OCT19LAJAC","LA at JAC (Oct 19)","2025-10-19","2025-10","2025_07_LA_JAX","REG","2025-10-19T13:30:00Z",FALSE,"historical",43,43,0,10,10,43
"KXNFLRECYDS","KXNFLRECYDS-25OCT16PITCIN","PIT at CIN (Oct 16)","2025-10-16","2025-10","2025_07_PIT_CIN","REG","2025-10-17T00:15:00Z",FALSE,"historical",46,46,0,11,11,45
"KXNFLRECYDS","KXNFLRECYDS-25OCT13CHIWAS","CHI at WAS (Oct 13)","2025-10-13","2025-10","2025_06_CHI_WAS","REG","2025-10-14T00:15:00Z",FALSE,"historical",45,45,0,9,9,37
"KXNFLRECYDS","KXNFLRECYDS-25OCT13BUFATL","BUF at ATL (Oct 13)","2025-10-13","2025-10","2025_06_BUF_ATL","REG","2025-10-13T23:15:00Z",FALSE,"historical",55,50,5,11,10,39
"KXNFLRECYDS","KXNFLRECYDS-25OCT12DETKC","DET at KC (Oct 12)","2025-10-12","2025-10","2025_06_DET_KC","REG","2025-10-13T00:20:00Z",TRUE,"historical",70,70,0,14,14,54
"KXNFLRECYDS","KXNFLRECYDS-25OCT12SFTB","SF at TB (Oct 12)","2025-10-12","2025-10","2025_06_SF_TB","REG","2025-10-12T20:25:00Z",FALSE,"historical",45,45,0,9,9,31
"KXNFLRECYDS","KXNFLRECYDS-25OCT12CINGB","CIN at GB (Oct 12)","2025-10-12","2025-10","2025_06_CIN_GB","REG","2025-10-12T20:25:00Z",FALSE,"historical",60,60,0,12,12,35
"KXNFLRECYDS","KXNFLRECYDS-25OCT12TENLV","TEN at LV (Oct 12)","2025-10-12","2025-10","2025_06_TEN_LV","REG","2025-10-12T20:05:00Z",FALSE,"historical",55,55,0,11,11,27
"KXNFLRECYDS","KXNFLRECYDS-25OCT12SEAJAC","SEA at JAC (Oct 12)","2025-10-12","2025-10","2025_06_SEA_JAX","REG","2025-10-12T17:00:00Z",FALSE,"historical",60,60,0,12,12,40
"KXNFLRECYDS","KXNFLRECYDS-25OCT12NENO","NE at NO (Oct 12)","2025-10-12","2025-10","2025_06_NE_NO","REG","2025-10-12T17:00:00Z",FALSE,"historical",55,55,0,11,11,26
"KXNFLRECYDS","KXNFLRECYDS-25OCT12LACMIA","LAC at MIA (Oct 12)","2025-10-12","2025-10","2025_06_LAC_MIA","REG","2025-10-12T17:00:00Z",FALSE,"historical",50,50,0,10,10,27
"KXNFLRECYDS","KXNFLRECYDS-25OCT12LABAL","LA at BAL (Oct 12)","2025-10-12","2025-10","2025_06_LA_BAL","REG","2025-10-12T17:00:00Z",FALSE,"historical",63,63,0,13,13,26
"KXNFLRECYDS","KXNFLRECYDS-25OCT12DALCAR","DAL at CAR (Oct 12)","2025-10-12","2025-10","2025_06_DAL_CAR","REG","2025-10-12T17:00:00Z",FALSE,"historical",30,30,0,6,6,25
"KXNFLRECYDS","KXNFLRECYDS-25OCT12CLEPIT","CLE at PIT (Oct 12)","2025-10-12","2025-10","2025_06_CLE_PIT","REG","2025-10-12T17:00:00Z",FALSE,"historical",50,50,0,10,10,31
"KXNFLRECYDS","KXNFLRECYDS-25OCT12ARIIND","ARI at IND (Oct 12)","2025-10-12","2025-10","2025_06_ARI_IND","REG","2025-10-12T17:00:00Z",FALSE,"historical",45,45,0,9,9,37
"KXNFLRECYDS","KXNFLRECYDS-25OCT12DENNYJ","DEN at NYJ (Oct 12)","2025-10-12","2025-10","2025_06_DEN_NYJ","REG","2025-10-12T13:30:00Z",FALSE,"historical",60,55,5,12,11,38
"KXNFLRECYDS","KXNFLRECYDS-25OCT09PHINYG","PHI at NYG (Oct 9)","2025-10-09","2025-10","2025_06_PHI_NYG","REG","2025-10-10T00:15:00Z",FALSE,"historical",50,45,5,10,9,45
"KXNFLRECYDS","KXNFLRECYDS-25OCT06KCJAC","KC at JAC (Oct 6)","2025-10-06","2025-10","2025_05_KC_JAX","REG","2025-10-07T00:15:00Z",TRUE,"historical",67,67,0,13,13,53
"KXNFLRSHYDS","KXNFLRSHYDS-26SEP28PHICHI","PHI vs CHI (Sep 28)","2026-09-28","2026-09","2026_03_PHI_CHI","REG","2026-09-29T00:15:00Z",FALSE,"live",62,62,0,6,6,62
"KXNFLRSHYDS","KXNFLRSHYDS-26SEP27LARDEN","LAR vs DEN (Sep 27)","2026-09-27","2026-09","2026_03_LA_DEN","REG","2026-09-28T00:20:00Z",FALSE,"live",57,57,0,6,6,57
"KXNFLRSHYDS","KXNFLRSHYDS-26SEP27LVNO","LV vs NO (Sep 27)","2026-09-27","2026-09","2026_03_LV_NO","REG","2026-09-27T20:25:00Z",FALSE,"live",58,58,0,6,6,58
"KXNFLRSHYDS","KXNFLRSHYDS-26SEP27BALDAL","BAL vs DAL (Sep 27)","2026-09-27","2026-09","2026_03_BAL_DAL","REG","2026-09-27T20:25:00Z",FALSE,"live",57,51,6,6,5,56
"KXNFLRSHYDS","KXNFLRSHYDS-26SEP27MINTB","MIN vs TB (Sep 27)","2026-09-27","2026-09","2026_03_MIN_TB","REG","2026-09-27T20:05:00Z",FALSE,"live",47,47,0,5,5,47
"KXNFLRSHYDS","KXNFLRSHYDS-26SEP27ARISF","ARI vs SF (Sep 27)","2026-09-27","2026-09","2026_03_ARI_SF","REG","2026-09-27T20:05:00Z",FALSE,"live",58,58,0,6,6,58
"KXNFLRSHYDS","KXNFLRSHYDS-26SEP27TENNYG","TEN vs NYG (Sep 27)","2026-09-27","2026-09","2026_03_TEN_NYG","REG","2026-09-27T17:00:00Z",FALSE,"live",60,53,7,7,6,59
"KXNFLRSHYDS","KXNFLRSHYDS-26SEP27SEAWAS","SEA vs WAS (Sep 27)","2026-09-27","2026-09","2026_03_SEA_WAS","REG","2026-09-27T17:00:00Z",FALSE,"live",57,57,0,6,6,57
"KXNFLRSHYDS","KXNFLRSHYDS-26SEP27NYJDET","NYJ vs DET (Sep 27)","2026-09-27","2026-09","2026_03_NYJ_DET","REG","2026-09-27T17:00:00Z",FALSE,"live",50,50,0,6,6,50
"KXNFLRSHYDS","KXNFLRSHYDS-26SEP27NEJAC","NE vs JAC (Sep 27)","2026-09-27","2026-09","2026_03_NE_JAX","REG","2026-09-27T17:00:00Z",FALSE,"live",58,58,0,6,6,58
"KXNFLRSHYDS","KXNFLRSHYDS-26SEP27LACBUF","LAC vs BUF (Sep 27)","2026-09-27","2026-09","2026_03_LAC_BUF","REG","2026-09-27T17:00:00Z",FALSE,"live",52,52,0,5,5,52
"KXNFLRSHYDS","KXNFLRSHYDS-26SEP27KCMIA","KC vs MIA (Sep 27)","2026-09-27","2026-09","2026_03_KC_MIA","REG","2026-09-27T17:00:00Z",FALSE,"live",43,43,0,6,6,43
"KXNFLRSHYDS","KXNFLRSHYDS-26SEP27HOUIND","HOU vs IND (Sep 27)","2026-09-27","2026-09","2026_03_HOU_IND","REG","2026-09-27T17:00:00Z",FALSE,"live",48,48,0,5,5,48
"KXNFLRSHYDS","KXNFLRSHYDS-26SEP27CINPIT","CIN vs PIT (Sep 27)","2026-09-27","2026-09","2026_03_CIN_PIT","REG","2026-09-27T17:00:00Z",FALSE,"live",40,40,0,5,5,40
"KXNFLRSHYDS","KXNFLRSHYDS-26SEP27CARCLE","CAR vs CLE (Sep 27)","2026-09-27","2026-09","2026_03_CAR_CLE","REG","2026-09-27T17:00:00Z",FALSE,"live",58,58,0,6,6,58
"KXNFLRSHYDS","KXNFLRSHYDS-26SEP24ATLGB","ATL vs GB (Sep 24)","2026-09-24","2026-09","2026_03_ATL_GB","REG","2026-09-25T00:15:00Z",FALSE,"live",78,78,0,7,7,78
"KXNFLRSHYDS","KXNFLRSHYDS-26SEP21NYGLAR","NYG vs LAR (Sep 21)","2026-09-21","2026-09","2026_02_NYG_LA","REG","2026-09-22T00:15:00Z",FALSE,"live",58,58,0,6,6,58
"KXNFLRSHYDS","KXNFLRSHYDS-26SEP20INDKC","IND vs KC (Sep 20)","2026-09-20","2026-09","2026_02_IND_KC","REG","2026-09-21T00:20:00Z",TRUE,"live",52,52,0,5,5,52
"KXNFLRSHYDS","KXNFLRSHYDS-26SEP20WASDAL","WAS vs DAL (Sep 20)","2026-09-20","2026-09","2026_02_WAS_DAL","REG","2026-09-20T20:25:00Z",FALSE,"live",62,62,0,6,6,62
"KXNFLRSHYDS","KXNFLRSHYDS-26SEP20SEAARI","SEA vs ARI (Sep 20)","2026-09-20","2026-09","2026_02_SEA_ARI","REG","2026-09-20T20:25:00Z",FALSE,"live",58,58,0,6,6,58
"KXNFLRSHYDS","KXNFLRSHYDS-26SEP20MIASF","MIA vs SF (Sep 20)","2026-09-20","2026-09","2026_02_MIA_SF","REG","2026-09-20T20:25:00Z",FALSE,"live",15,15,0,2,2,15
"KXNFLRSHYDS","KXNFLRSHYDS-26SEP20LVLAC","LV vs LAC (Sep 20)","2026-09-20","2026-09","2026_02_LV_LAC","REG","2026-09-20T20:05:00Z",FALSE,"live",50,50,0,5,5,50
"KXNFLRSHYDS","KXNFLRSHYDS-26SEP20JACDEN","JAC vs DEN (Sep 20)","2026-09-20","2026-09","2026_02_JAX_DEN","REG","2026-09-20T20:05:00Z",FALSE,"live",43,43,0,5,5,43
"KXNFLRSHYDS","KXNFLRSHYDS-26SEP20PITNE","PIT vs NE (Sep 20)","2026-09-20","2026-09","2026_02_PIT_NE","REG","2026-09-20T17:00:00Z",FALSE,"live",58,58,0,6,6,58
"KXNFLRSHYDS","KXNFLRSHYDS-26SEP20PHITEN","PHI vs TEN (Sep 20)","2026-09-20","2026-09","2026_02_PHI_TEN","REG","2026-09-20T17:00:00Z",FALSE,"live",52,52,0,5,5,52
"KXNFLRSHYDS","KXNFLRSHYDS-26SEP20NOBAL","NO vs BAL (Sep 20)","2026-09-20","2026-09","2026_02_NO_BAL","REG","2026-09-20T17:00:00Z",FALSE,"live",60,60,0,6,6,60
"KXNFLRSHYDS","KXNFLRSHYDS-26SEP20MINCHI","MIN vs CHI (Sep 20)","2026-09-20","2026-09","2026_02_MIN_CHI","REG","2026-09-20T17:00:00Z",FALSE,"live",51,51,0,5,5,51
"KXNFLRSHYDS","KXNFLRSHYDS-26SEP20GBNYJ","GB vs NYJ (Sep 20)","2026-09-20","2026-09","2026_02_GB_NYJ","REG","2026-09-20T17:00:00Z",FALSE,"live",58,58,0,6,6,58
"KXNFLRSHYDS","KXNFLRSHYDS-26SEP20CLETB","CLE vs TB (Sep 20)","2026-09-20","2026-09","2026_02_CLE_TB","REG","2026-09-20T17:00:00Z",FALSE,"live",56,56,0,6,6,56
"KXNFLRSHYDS","KXNFLRSHYDS-26SEP20CINHOU","CIN vs HOU (Sep 20)","2026-09-20","2026-09","2026_02_CIN_HOU","REG","2026-09-20T17:00:00Z",FALSE,"live",58,58,0,6,6,58
"KXNFLRSHYDS","KXNFLRSHYDS-26SEP20CARATL","CAR vs ATL (Sep 20)","2026-09-20","2026-09","2026_02_CAR_ATL","REG","2026-09-20T17:00:00Z",FALSE,"live",56,56,0,6,6,56
"KXNFLRSHYDS","KXNFLRSHYDS-26SEP17DETBUF","DET vs BUF (Sep 17)","2026-09-17","2026-09","2026_02_DET_BUF","REG","2026-09-18T00:15:00Z",FALSE,"live",63,63,0,6,6,63
"KXNFLRSHYDS","KXNFLRSHYDS-26SEP14DENKC","DEN vs KC (Sep 14)","2026-09-14","2026-09","2026_01_DEN_KC","REG","2026-09-15T00:15:00Z",FALSE,"live",57,57,0,6,6,57
"KXNFLRSHYDS","KXNFLRSHYDS-26SEP13DALNYG","DAL vs NYG (Sep 13)","2026-09-13","2026-09","2026_01_DAL_NYG","REG","2026-09-14T00:20:00Z",FALSE,"live",56,39,17,7,5,56
"KXNFLRSHYDS","KXNFLRSHYDS-26SEP13WASPHI","WAS vs PHI (Sep 13)","2026-09-13","2026-09","2026_01_WAS_PHI","REG","2026-09-13T20:25:00Z",FALSE,"live",62,62,0,6,6,62
"KXNFLRSHYDS","KXNFLRSHYDS-26SEP13MIALV","MIA vs LV (Sep 13)","2026-09-13","2026-09","2026_01_MIA_LV","REG","2026-09-13T20:25:00Z",FALSE,"live",41,41,0,5,5,41
"KXNFLRSHYDS","KXNFLRSHYDS-26SEP13GBMIN","GB vs MIN (Sep 13)","2026-09-13","2026-09","2026_01_GB_MIN","REG","2026-09-13T20:25:00Z",FALSE,"live",46,46,0,5,5,46
"KXNFLRSHYDS","KXNFLRSHYDS-26SEP13ARILAC","ARI vs LAC (Sep 13)","2026-09-13","2026-09","2026_01_ARI_LAC","REG","2026-09-13T20:25:00Z",FALSE,"live",47,47,0,5,5,47
"KXNFLRSHYDS","KXNFLRSHYDS-26SEP13TBCIN","TB vs CIN (Sep 13)","2026-09-13","2026-09","2026_01_TB_CIN","REG","2026-09-13T17:00:00Z",FALSE,"live",52,52,0,6,6,52
"KXNFLRSHYDS","KXNFLRSHYDS-26SEP13NYJTEN","NYJ vs TEN (Sep 13)","2026-09-13","2026-09","2026_01_NYJ_TEN","REG","2026-09-13T17:00:00Z",FALSE,"live",47,47,0,6,6,47
"KXNFLRSHYDS","KXNFLRSHYDS-26SEP13NODET","NO vs DET (Sep 13)","2026-09-13","2026-09","2026_01_NO_DET","REG","2026-09-13T17:00:00Z",FALSE,"live",34,34,0,4,4,34
"KXNFLRSHYDS","KXNFLRSHYDS-26SEP13CLEJAC","CLE vs JAC (Sep 13)","2026-09-13","2026-09","2026_01_CLE_JAX","REG","2026-09-13T17:00:00Z",TRUE,"live",47,47,0,5,5,47
"KXNFLRSHYDS","KXNFLRSHYDS-26SEP13CHICAR","CHI vs CAR (Sep 13)","2026-09-13","2026-09","2026_01_CHI_CAR","REG","2026-09-13T17:00:00Z",FALSE,"live",56,56,0,6,6,56
"KXNFLRSHYDS","KXNFLRSHYDS-26SEP13BUFHOU","BUF vs HOU (Sep 13)","2026-09-13","2026-09","2026_01_BUF_HOU","REG","2026-09-13T17:00:00Z",FALSE,"live",49,49,0,5,5,49
"KXNFLRSHYDS","KXNFLRSHYDS-26SEP13BALIND","BAL vs IND (Sep 13)","2026-09-13","2026-09","2026_01_BAL_IND","REG","2026-09-13T17:00:00Z",FALSE,"live",47,47,0,5,5,47
"KXNFLRSHYDS","KXNFLRSHYDS-26SEP13ATLPIT","ATL vs PIT (Sep 13)","2026-09-13","2026-09","2026_01_ATL_PIT","REG","2026-09-13T17:00:00Z",FALSE,"live",48,45,3,6,5,48
"KXNFLRSHYDS","KXNFLRSHYDS-26SEP10SFLAR","SF vs LAR (Sep 10)","2026-09-10","2026-09","2026_01_SF_LA","REG","2026-09-11T00:35:00Z",TRUE,"live",64,64,0,8,8,64
"KXNFLRSHYDS","KXNFLRSHYDS-26SEP09NESEA","NE vs SEA (Sep 9)","2026-09-09","2026-09","2026_01_NE_SEA","REG","2026-09-10T00:20:00Z",FALSE,"live",53,53,0,6,6,53
"KXNFLRSHYDS","KXNFLRSHYDS-26AUG27PITBUF","PIT vs BUF (Aug 27)","2026-08-27","2026-08",NA,NA,NA,FALSE,"live",6,6,0,4,4,6
"KXNFLRSHYDS","KXNFLRSHYDS-26AUG14TBNYJ","TB vs NYJ (Aug 14)","2026-08-14","2026-08",NA,NA,NA,FALSE,"live",3,3,0,2,2,3
"KXNFLRSHYDS","KXNFLRSHYDS-26AUG13ARILV","ARI vs LV (Aug 13)","2026-08-13","2026-08",NA,NA,NA,FALSE,"live",8,8,0,4,4,8
"KXNFLRSHYDS","KXNFLRSHYDS-26AUG13INDNE","IND vs NE (Aug 13)","2026-08-13","2026-08",NA,NA,NA,FALSE,"live",6,6,0,4,4,6
"KXNFLRSHYDS","KXNFLRSHYDS-26AUG13GBPIT","GB vs PIT (Aug 13)","2026-08-13","2026-08",NA,NA,NA,FALSE,"live",4,4,0,2,2,4
"KXNFLRSHYDS","KXNFLRSHYDS-26AUG06CARARI","CAR vs ARI (Aug 6)","2026-08-06","2026-08",NA,NA,NA,FALSE,"live",16,11,5,7,6,16
"KXNFLRSHYDS","KXNFLRSHYDS-26FEB08SEANE","SEA at NE (Feb 8)","2026-02-08","2026-02","2025_22_SEA_NE","SB","2026-02-08T23:30:00Z",TRUE,"historical",29,29,0,6,6,29
"KXNFLRSHYDS","KXNFLRSHYDS-26JAN25LASEA","LA at SEA (Jan 25)","2026-01-25","2026-01","2025_21_LA_SEA","CON","2026-01-25T23:30:00Z",FALSE,"historical",21,21,0,5,5,21
"KXNFLRSHYDS","KXNFLRSHYDS-26JAN25NEDEN","NE at DEN (Jan 25)","2026-01-25","2026-01","2025_21_NE_DEN","CON","2026-01-25T20:00:00Z",FALSE,"historical",29,29,0,6,6,29
"KXNFLRSHYDS","KXNFLRSHYDS-26JAN18HOUNE","HOU at NE (Jan 18)","2026-01-18","2026-01","2025_20_HOU_NE","DIV","2026-01-18T20:00:00Z",FALSE,"historical",28,28,0,6,6,28
"KXNFLRSHYDS","KXNFLRSHYDS-26JAN18LACHI","LA at CHI (Jan 18)","2026-01-18","2026-01","2025_20_LA_CHI","DIV","2026-01-18T23:30:00Z",FALSE,"historical",28,28,0,6,6,28
"KXNFLRSHYDS","KXNFLRSHYDS-26JAN17SFSEA","SF at SEA (Jan 17)","2026-01-17","2026-01","2025_20_SF_SEA","DIV","2026-01-18T01:00:00Z",FALSE,"historical",22,22,0,5,5,22
"KXNFLRSHYDS","KXNFLRSHYDS-26JAN17BUFDEN","BUF at DEN (Jan 17)","2026-01-17","2026-01","2025_20_BUF_DEN","DIV","2026-01-17T21:30:00Z",TRUE,"historical",25,25,0,5,5,25
"KXNFLRSHYDS","KXNFLRSHYDS-26JAN12HOUPIT","HOU at PIT (Jan 12)","2026-01-12","2026-01","2025_19_HOU_PIT","WC","2026-01-13T01:00:00Z",TRUE,"historical",26,26,0,6,6,26
"KXNFLRSHYDS","KXNFLRSHYDS-26JAN11LACNE","LAC at NE (Jan 11)","2026-01-11","2026-01","2025_19_LAC_NE","WC","2026-01-12T01:00:00Z",FALSE,"historical",30,30,0,6,6,30
"KXNFLRSHYDS","KXNFLRSHYDS-26JAN11SFPHI","SF at PHI (Jan 11)","2026-01-11","2026-01","2025_19_SF_PHI","WC","2026-01-11T21:30:00Z",FALSE,"historical",26,26,0,6,6,26
"KXNFLRSHYDS","KXNFLRSHYDS-26JAN11BUFJAC","BUF at JAC (Jan 11)","2026-01-11","2026-01","2025_19_BUF_JAX","WC","2026-01-11T18:00:00Z",FALSE,"historical",29,29,0,6,6,29
"KXNFLRSHYDS","KXNFLRSHYDS-26JAN10GBCHI","GB at CHI (Jan 10)","2026-01-10","2026-01","2025_19_GB_CHI","WC","2026-01-11T01:00:00Z",FALSE,"historical",29,29,0,6,6,29
"KXNFLRSHYDS","KXNFLRSHYDS-26JAN10LACAR","LA at CAR (Jan 10)","2026-01-10","2026-01","2025_19_LA_CAR","WC","2026-01-10T21:30:00Z",FALSE,"historical",27,27,0,6,6,27
"KXNFLRSHYDS","KXNFLRSHYDS-26JAN04BALPIT","BAL at PIT (Jan 4)","2026-01-04","2026-01","2025_18_BAL_PIT","REG","2026-01-05T01:20:00Z",TRUE,"historical",27,27,0,6,6,27
"KXNFLRSHYDS","KXNFLRSHYDS-26JAN04MIANE","MIA at NE (Jan 4)","2026-01-04","2026-01","2025_18_MIA_NE","REG","2026-01-04T21:25:00Z",FALSE,"historical",14,14,0,3,3,14
"KXNFLRSHYDS","KXNFLRSHYDS-26JAN04LACDEN","LAC at DEN (Jan 4)","2026-01-04","2026-01","2025_18_LAC_DEN","REG","2026-01-04T21:25:00Z",FALSE,"historical",14,14,0,3,3,14
"KXNFLRSHYDS","KXNFLRSHYDS-26JAN04DETCHI","DET at CHI (Jan 4)","2026-01-04","2026-01","2025_18_DET_CHI","REG","2026-01-04T21:25:00Z",FALSE,"historical",24,24,0,5,5,24
"KXNFLRSHYDS","KXNFLRSHYDS-26JAN04TENJAC","TEN at JAC (Jan 4)","2026-01-04","2026-01","2025_18_TEN_JAX","REG","2026-01-04T18:00:00Z",FALSE,"historical",14,14,0,3,3,14
"KXNFLRSHYDS","KXNFLRSHYDS-26JAN04INDHOU","IND at HOU (Jan 4)","2026-01-04","2026-01","2025_18_IND_HOU","REG","2026-01-04T18:00:00Z",FALSE,"historical",5,5,0,1,1,5
"KXNFLRSHYDS","KXNFLRSHYDS-26JAN04DALNYG","DAL at NYG (Jan 4)","2026-01-04","2026-01","2025_18_DAL_NYG","REG","2026-01-04T18:00:00Z",FALSE,"historical",5,5,0,1,1,5
"KXNFLRSHYDS","KXNFLRSHYDS-26JAN03SEASF","SEA at SF (Jan 3)","2026-01-03","2026-01","2025_18_SEA_SF","REG","2026-01-04T01:00:00Z",FALSE,"historical",26,26,0,6,6,26
"KXNFLRSHYDS","KXNFLRSHYDS-26JAN03CARTB","CAR at TB (Jan 3)","2026-01-03","2026-01","2025_18_CAR_TB","REG","2026-01-03T21:30:00Z",FALSE,"historical",27,27,0,6,6,27
"KXNFLRSHYDS","KXNFLRSHYDS-25DEC29LAATL","LA at ATL (Dec 29)","2025-12-29","2025-12","2025_17_LA_ATL","REG","2025-12-30T01:15:00Z",FALSE,"historical",24,24,0,4,4,24
"KXNFLRSHYDS","KXNFLRSHYDS-25DEC28CHISF","CHI at SF (Dec 28)","2025-12-28","2025-12","2025_17_CHI_SF","REG","2025-12-29T01:20:00Z",FALSE,"historical",34,34,0,6,6,34
"KXNFLRSHYDS","KXNFLRSHYDS-25DEC28PHIBUF","PHI at BUF (Dec 28)","2025-12-28","2025-12","2025_17_PHI_BUF","REG","2025-12-28T21:25:00Z",FALSE,"historical",24,24,0,4,4,24
"KXNFLRSHYDS","KXNFLRSHYDS-25DEC28NYGLV","NYG at LV (Dec 28)","2025-12-28","2025-12","2025_17_NYG_LV","REG","2025-12-28T21:05:00Z",FALSE,"historical",23,23,0,4,4,23
"KXNFLRSHYDS","KXNFLRSHYDS-25DEC28TBMIA","TB at MIA (Dec 28)","2025-12-28","2025-12","2025_17_TB_MIA","REG","2025-12-28T18:00:00Z",FALSE,"historical",26,26,0,5,5,26
"KXNFLRSHYDS","KXNFLRSHYDS-25DEC28SEACAR","SEA at CAR (Dec 28)","2025-12-28","2025-12","2025_17_SEA_CAR","REG","2025-12-28T18:00:00Z",FALSE,"historical",33,33,0,6,6,33
"KXNFLRSHYDS","KXNFLRSHYDS-25DEC28PITCLE","PIT at CLE (Dec 28)","2025-12-28","2025-12","2025_17_PIT_CLE","REG","2025-12-28T18:00:00Z",FALSE,"historical",11,11,0,2,2,11
"KXNFLRSHYDS","KXNFLRSHYDS-25DEC28NOTEN","NO at TEN (Dec 28)","2025-12-28","2025-12","2025_17_NO_TEN","REG","2025-12-28T18:00:00Z",FALSE,"historical",27,27,0,5,5,27
"KXNFLRSHYDS","KXNFLRSHYDS-25DEC28NENYJ","NE at NYJ (Dec 28)","2025-12-28","2025-12","2025_17_NE_NYJ","REG","2025-12-28T18:00:00Z",FALSE,"historical",28,28,0,5,5,28
"KXNFLRSHYDS","KXNFLRSHYDS-25DEC28JACIND","JAC at IND (Dec 28)","2025-12-28","2025-12","2025_17_JAX_IND","REG","2025-12-28T18:00:00Z",FALSE,"historical",17,17,0,3,3,17
"KXNFLRSHYDS","KXNFLRSHYDS-25DEC28ARICIN","ARI at CIN (Dec 28)","2025-12-28","2025-12","2025_17_ARI_CIN","REG","2025-12-28T18:00:00Z",FALSE,"historical",27,27,0,5,5,25
"KXNFLRSHYDS","KXNFLRSHYDS-25DEC27BALGB","BAL at GB (Dec 27)","2025-12-27","2025-12","2025_17_BAL_GB","REG","2025-12-28T01:00:00Z",FALSE,"historical",30,30,0,5,5,30
"KXNFLRSHYDS","KXNFLRSHYDS-25DEC27HOULAC","HOU at LAC (Dec 27)","2025-12-27","2025-12","2025_17_HOU_LAC","REG","2025-12-27T21:30:00Z",FALSE,"historical",23,23,0,4,4,23
"KXNFLRSHYDS","KXNFLRSHYDS-25DEC25DENKC","DEN at KC (Dec 25)","2025-12-25","2025-12","2025_17_DEN_KC","REG","2025-12-26T01:15:00Z",FALSE,"historical",33,33,0,6,6,33
"KXNFLRSHYDS","KXNFLRSHYDS-25DEC25DETMIN","DET at MIN (Dec 25)","2025-12-25","2025-12","2025_17_DET_MIN","REG","2025-12-25T21:30:00Z",FALSE,"historical",18,18,0,3,3,18
"KXNFLRSHYDS","KXNFLRSHYDS-25DEC25DALWAS","DAL at WAS (Dec 25)","2025-12-25","2025-12","2025_17_DAL_WAS","REG","2025-12-25T18:00:00Z",FALSE,"historical",39,33,6,7,6,39
"KXNFLRSHYDS","KXNFLRSHYDS-25DEC22SFIND","SF at IND (Dec 22)","2025-12-22","2025-12","2025_16_SF_IND","REG","2025-12-23T01:15:00Z",FALSE,"historical",27,27,0,5,5,27
"KXNFLRSHYDS","KXNFLRSHYDS-25DEC21NEBAL","NE at BAL (Dec 21)","2025-12-21","2025-12","2025_16_NE_BAL","REG","2025-12-22T01:20:00Z",FALSE,"historical",36,36,0,6,6,36
"KXNFLRSHYDS","KXNFLRSHYDS-25DEC21PITDET","PIT at DET (Dec 21)","2025-12-21","2025-12","2025_16_PIT_DET","REG","2025-12-21T21:25:00Z",TRUE,"historical",32,32,0,6,6,32
"KXNFLRSHYDS","KXNFLRSHYDS-25DEC21LVHOU","LV at HOU (Dec 21)","2025-12-21","2025-12","2025_16_LV_HOU","REG","2025-12-21T21:25:00Z",FALSE,"historical",15,15,0,3,3,15
"KXNFLRSHYDS","KXNFLRSHYDS-25DEC21JACDEN","JAC at DEN (Dec 21)","2025-12-21","2025-12","2025_16_JAX_DEN","REG","2025-12-21T21:05:00Z",FALSE,"historical",22,22,0,4,4,22
"KXNFLRSHYDS","KXNFLRSHYDS-25DEC21ATLARI","ATL at ARI (Dec 21)","2025-12-21","2025-12","2025_16_ATL_ARI","REG","2025-12-21T21:05:00Z",FALSE,"historical",27,27,0,5,5,26
"KXNFLRSHYDS","KXNFLRSHYDS-25DEC21TBCAR","TB at CAR (Dec 21)","2025-12-21","2025-12","2025_16_TB_CAR","REG","2025-12-21T18:00:00Z",TRUE,"historical",28,28,0,5,5,28
"KXNFLRSHYDS","KXNFLRSHYDS-25DEC21NYJNO","NYJ at NO (Dec 21)","2025-12-21","2025-12","2025_16_NYJ_NO","REG","2025-12-21T18:00:00Z",FALSE,"historical",34,34,0,6,6,34
"KXNFLRSHYDS","KXNFLRSHYDS-25DEC21MINNYG","MIN at NYG (Dec 21)","2025-12-21","2025-12","2025_16_MIN_NYG","REG","2025-12-21T18:00:00Z",FALSE,"historical",35,35,0,6,6,35
"KXNFLRSHYDS","KXNFLRSHYDS-25DEC21LACDAL","LAC at DAL (Dec 21)","2025-12-21","2025-12","2025_16_LAC_DAL","REG","2025-12-21T18:00:00Z",FALSE,"historical",32,32,0,6,6,31
"KXNFLRSHYDS","KXNFLRSHYDS-25DEC21KCTEN","KC at TEN (Dec 21)","2025-12-21","2025-12","2025_16_KC_TEN","REG","2025-12-21T18:00:00Z",FALSE,"historical",31,31,0,6,6,31
"KXNFLRSHYDS","KXNFLRSHYDS-25DEC21CINMIA","CIN at MIA (Dec 21)","2025-12-21","2025-12","2025_16_CIN_MIA","REG","2025-12-21T18:00:00Z",FALSE,"historical",26,26,0,5,5,26
"KXNFLRSHYDS","KXNFLRSHYDS-25DEC21BUFCLE","BUF at CLE (Dec 21)","2025-12-21","2025-12","2025_16_BUF_CLE","REG","2025-12-21T18:00:00Z",FALSE,"historical",22,22,0,4,4,22
"KXNFLRSHYDS","KXNFLRSHYDS-25DEC20GBCHI","GB at CHI (Dec 20)","2025-12-20","2025-12","2025_16_GB_CHI","REG","2025-12-21T01:20:00Z",FALSE,"historical",15,15,0,3,3,15
"KXNFLRSHYDS","KXNFLRSHYDS-25DEC20PHIWAS","PHI at WAS (Dec 20)","2025-12-20","2025-12","2025_16_PHI_WAS","REG","2025-12-20T22:00:00Z",FALSE,"historical",34,34,0,6,6,34
"KXNFLRSHYDS","KXNFLRSHYDS-25DEC18LASEA","LA at SEA (Dec 18)","2025-12-18","2025-12","2025_16_LA_SEA","REG","2025-12-19T01:15:00Z",FALSE,"historical",32,32,0,6,6,32
"KXNFLRSHYDS","KXNFLRSHYDS-25DEC15MIAPIT","MIA at PIT (Dec 15)","2025-12-15","2025-12","2025_15_MIA_PIT","REG","2025-12-16T01:15:00Z",FALSE,"historical",26,26,0,5,5,26
"KXNFLRSHYDS","KXNFLRSHYDS-25DEC14MINDAL","MIN at DAL (Dec 14)","2025-12-14","2025-12","2025_15_MIN_DAL","REG","2025-12-15T01:20:00Z",FALSE,"historical",31,31,0,6,6,31
"KXNFLRSHYDS","KXNFLRSHYDS-25DEC14TENSF","TEN at SF (Dec 14)","2025-12-14","2025-12","2025_15_TEN_SF","REG","2025-12-14T21:25:00Z",FALSE,"historical",31,31,0,6,6,28
"KXNFLRSHYDS","KXNFLRSHYDS-25DEC14INDSEA","IND at SEA (Dec 14)","2025-12-14","2025-12","2025_15_IND_SEA","REG","2025-12-14T21:25:00Z",FALSE,"historical",22,22,0,4,4,22
"KXNFLRSHYDS","KXNFLRSHYDS-25DEC14GBDEN","GB at DEN (Dec 14)","2025-12-14","2025-12","2025_15_GB_DEN","REG","2025-12-14T21:25:00Z",FALSE,"historical",15,15,0,3,3,15
"KXNFLRSHYDS","KXNFLRSHYDS-25DEC14DETLA","DET at LA (Dec 14)","2025-12-14","2025-12","2025_15_DET_LA","REG","2025-12-14T21:25:00Z",FALSE,"historical",32,32,0,6,6,32
"KXNFLRSHYDS","KXNFLRSHYDS-25DEC14CARNO","CAR at NO (Dec 14)","2025-12-14","2025-12","2025_15_CAR_NO","REG","2025-12-14T21:25:00Z",FALSE,"historical",28,28,0,5,5,26
"KXNFLRSHYDS","KXNFLRSHYDS-25DEC14WASNYG","WAS at NYG (Dec 14)","2025-12-14","2025-12","2025_15_WAS_NYG","REG","2025-12-14T18:00:00Z",FALSE,"historical",24,24,0,4,4,23
"KXNFLRSHYDS","KXNFLRSHYDS-25DEC14NYJJAC","NYJ at JAC (Dec 14)","2025-12-14","2025-12","2025_15_NYJ_JAX","REG","2025-12-14T18:00:00Z",FALSE,"historical",17,17,0,3,3,16
"KXNFLRSHYDS","KXNFLRSHYDS-25DEC14LVPHI","LV at PHI (Dec 14)","2025-12-14","2025-12","2025_15_LV_PHI","REG","2025-12-14T18:00:00Z",FALSE,"historical",18,18,0,3,3,18
"KXNFLRSHYDS","KXNFLRSHYDS-25DEC14LACKC","LAC at KC (Dec 14)","2025-12-14","2025-12","2025_15_LAC_KC","REG","2025-12-14T18:00:00Z",FALSE,"historical",36,36,0,6,6,35
"KXNFLRSHYDS","KXNFLRSHYDS-25DEC14CLECHI","CLE at CHI (Dec 14)","2025-12-14","2025-12","2025_15_CLE_CHI","REG","2025-12-14T18:00:00Z",FALSE,"historical",27,27,0,5,5,27
"KXNFLRSHYDS","KXNFLRSHYDS-25DEC14BUFNE","BUF at NE (Dec 14)","2025-12-14","2025-12","2025_15_BUF_NE","REG","2025-12-14T18:00:00Z",TRUE,"historical",23,23,0,4,4,23
"KXNFLRSHYDS","KXNFLRSHYDS-25DEC14BALCIN","BAL at CIN (Dec 14)","2025-12-14","2025-12","2025_15_BAL_CIN","REG","2025-12-14T18:00:00Z",FALSE,"historical",34,34,0,6,6,34
"KXNFLRSHYDS","KXNFLRSHYDS-25DEC11ATLTB","ATL at TB (Dec 11)","2025-12-11","2025-12","2025_15_ATL_TB","REG","2025-12-12T01:15:00Z",FALSE,"historical",32,32,0,6,6,32
"KXNFLRSHYDS","KXNFLRSHYDS-25DEC08PHILAC","PHI at LAC (Dec 8)","2025-12-08","2025-12","2025_14_PHI_LAC","REG","2025-12-09T01:15:00Z",FALSE,"historical",24,24,0,4,4,24
"KXNFLRSHYDS","KXNFLRSHYDS-25DEC07HOUKC","HOU at KC (Dec 7)","2025-12-07","2025-12","2025_14_HOU_KC","REG","2025-12-08T01:20:00Z",FALSE,"historical",35,35,0,6,6,35
"KXNFLRSHYDS","KXNFLRSHYDS-25DEC07LAARI","LA at ARI (Dec 7)","2025-12-07","2025-12","2025_14_LA_ARI","REG","2025-12-07T21:25:00Z",FALSE,"historical",22,22,0,4,4,20
"KXNFLRSHYDS","KXNFLRSHYDS-25DEC07CHIGB","CHI at GB (Dec 7)","2025-12-07","2025-12","2025_14_CHI_GB","REG","2025-12-07T21:25:00Z",FALSE,"historical",33,33,0,6,6,33
"KXNFLRSHYDS","KXNFLRSHYDS-25DEC07DENLV","DEN at LV (Dec 7)","2025-12-07","2025-12","2025_14_DEN_LV","REG","2025-12-07T21:05:00Z",FALSE,"historical",21,21,0,4,4,21
"KXNFLRSHYDS","KXNFLRSHYDS-25DEC07WASMIN","WAS at MIN (Dec 7)","2025-12-07","2025-12","2025_14_WAS_MIN","REG","2025-12-07T18:00:00Z",FALSE,"historical",34,34,0,6,6,28
"KXNFLRSHYDS","KXNFLRSHYDS-25DEC07TENCLE","TEN at CLE (Dec 7)","2025-12-07","2025-12","2025_14_TEN_CLE","REG","2025-12-07T18:00:00Z",FALSE,"historical",27,27,0,5,5,21
"KXNFLRSHYDS","KXNFLRSHYDS-25DEC07SEAATL","SEA at ATL (Dec 7)","2025-12-07","2025-12","2025_14_SEA_ATL","REG","2025-12-07T18:00:00Z",FALSE,"historical",32,32,0,6,6,28
"KXNFLRSHYDS","KXNFLRSHYDS-25DEC07PITBAL","PIT at BAL (Dec 7)","2025-12-07","2025-12","2025_14_PIT_BAL","REG","2025-12-07T18:00:00Z",FALSE,"historical",33,33,0,6,6,28
"KXNFLRSHYDS","KXNFLRSHYDS-25DEC07NOTB","NO at TB (Dec 7)","2025-12-07","2025-12","2025_14_NO_TB","REG","2025-12-07T18:00:00Z",FALSE,"historical",27,27,0,5,5,27
"KXNFLRSHYDS","KXNFLRSHYDS-25DEC07MIANYJ","MIA at NYJ (Dec 7)","2025-12-07","2025-12","2025_14_MIA_NYJ","REG","2025-12-07T18:00:00Z",FALSE,"historical",27,27,0,5,5,22
"KXNFLRSHYDS","KXNFLRSHYDS-25DEC07INDJAC","IND at JAC (Dec 7)","2025-12-07","2025-12","2025_14_IND_JAX","REG","2025-12-07T18:00:00Z",FALSE,"historical",27,27,0,5,5,20
"KXNFLRSHYDS","KXNFLRSHYDS-25DEC07CINBUF","CIN at BUF (Dec 7)","2025-12-07","2025-12","2025_14_CIN_BUF","REG","2025-12-07T18:00:00Z",FALSE,"historical",28,28,0,5,5,27
"KXNFLRSHYDS","KXNFLRSHYDS-25DEC04DALDET","DAL at DET (Dec 4)","2025-12-04","2025-12","2025_14_DAL_DET","REG","2025-12-05T01:15:00Z",FALSE,"historical",31,31,0,6,6,31
"KXNFLRSHYDS","KXNFLRSHYDS-25DEC01NYGNE","NYG at NE (Dec 1)","2025-12-01","2025-12","2025_13_NYG_NE","REG","2025-12-02T01:15:00Z",FALSE,"historical",36,36,0,6,6,36
"KXNFLRSHYDS","KXNFLRSHYDS-25NOV30DENWAS","DEN at WAS (Nov 30)","2025-11-30","2025-11","2025_13_DEN_WAS","REG","2025-12-01T01:20:00Z",FALSE,"historical",29,29,0,5,5,29
"KXNFLRSHYDS","KXNFLRSHYDS-25NOV30LVLAC","LV at LAC (Nov 30)","2025-11-30","2025-11","2025_13_LV_LAC","REG","2025-11-30T21:25:00Z",FALSE,"historical",21,21,0,4,4,19
"KXNFLRSHYDS","KXNFLRSHYDS-25NOV30BUFPIT","BUF at PIT (Nov 30)","2025-11-30","2025-11","2025_13_BUF_PIT","REG","2025-11-30T21:25:00Z",FALSE,"historical",28,28,0,5,5,28
"KXNFLRSHYDS","KXNFLRSHYDS-25NOV30MINSEA","MIN at SEA (Nov 30)","2025-11-30","2025-11","2025_13_MIN_SEA","REG","2025-11-30T21:05:00Z",FALSE,"historical",24,24,0,4,4,24
"KXNFLRSHYDS","KXNFLRSHYDS-25NOV30SFCLE","SF at CLE (Nov 30)","2025-11-30","2025-11","2025_13_SF_CLE","REG","2025-11-30T18:00:00Z",FALSE,"historical",28,28,0,5,5,28
"KXNFLRSHYDS","KXNFLRSHYDS-25NOV30NOMIA","NO at MIA (Nov 30)","2025-11-30","2025-11","2025_13_NO_MIA","REG","2025-11-30T18:00:00Z",FALSE,"historical",27,27,0,5,5,27
"KXNFLRSHYDS","KXNFLRSHYDS-25NOV30LACAR","LA at CAR (Nov 30)","2025-11-30","2025-11","2025_13_LA_CAR","REG","2025-11-30T18:00:00Z",FALSE,"historical",31,31,0,6,6,31
"KXNFLRSHYDS","KXNFLRSHYDS-25NOV30JACTEN","JAC at TEN (Nov 30)","2025-11-30","2025-11","2025_13_JAX_TEN","REG","2025-11-30T18:00:00Z",FALSE,"historical",22,22,0,4,4,18
"KXNFLRSHYDS","KXNFLRSHYDS-25NOV30HOUIND","HOU at IND (Nov 30)","2025-11-30","2025-11","2025_13_HOU_IND","REG","2025-11-30T18:00:00Z",FALSE,"historical",26,26,0,5,5,23
"KXNFLRSHYDS","KXNFLRSHYDS-25NOV30ATLNYJ","ATL at NYJ (Nov 30)","2025-11-30","2025-11","2025_13_ATL_NYJ","REG","2025-11-30T18:00:00Z",FALSE,"historical",28,28,0,5,5,28
"KXNFLRSHYDS","KXNFLRSHYDS-25NOV30ARITB","ARI at TB (Nov 30)","2025-11-30","2025-11","2025_13_ARI_TB","REG","2025-11-30T18:00:00Z",FALSE,"historical",10,10,0,2,2,10
"KXNFLRSHYDS","KXNFLRSHYDS-25NOV28CHIPHI","CHI at PHI (Nov 28)","2025-11-28","2025-11","2025_13_CHI_PHI","REG","2025-11-28T20:00:00Z",FALSE,"historical",30,30,0,5,5,30
"KXNFLRSHYDS","KXNFLRSHYDS-25NOV27CINBAL","CIN at BAL (Nov 27)","2025-11-27","2025-11","2025_13_CIN_BAL","REG","2025-11-28T01:20:00Z",FALSE,"historical",32,32,0,6,6,32
"KXNFLRSHYDS","KXNFLRSHYDS-25NOV27KCDAL","KC at DAL (Nov 27)","2025-11-27","2025-11","2025_13_KC_DAL","REG","2025-11-27T21:30:00Z",TRUE,"historical",29,29,0,5,5,29
"KXNFLRSHYDS","KXNFLRSHYDS-25NOV27GBDET","GB at DET (Nov 27)","2025-11-27","2025-11","2025_13_GB_DET","REG","2025-11-27T18:00:00Z",FALSE,"historical",33,33,0,6,6,33
"KXNFLRSHYDS","KXNFLRSHYDS-25NOV24CARSF","CAR at SF (Nov 24)","2025-11-24","2025-11","2025_12_CAR_SF","REG","2025-11-25T01:15:00Z",FALSE,"historical",31,31,0,6,6,31
"KXNFLRSHYDS","KXNFLRSHYDS-25NOV23TBLA","TB at LA (Nov 23)","2025-11-23","2025-11","2025_12_TB_LA","REG","2025-11-24T01:20:00Z",FALSE,"historical",27,27,0,5,5,27
"KXNFLRSHYDS","KXNFLRSHYDS-25NOV23PHIDAL","PHI at DAL (Nov 23)","2025-11-23","2025-11","2025_12_PHI_DAL","REG","2025-11-23T21:25:00Z",FALSE,"historical",23,23,0,4,4,23
"KXNFLRSHYDS","KXNFLRSHYDS-25NOV23ATLNO","ATL at NO (Nov 23)","2025-11-23","2025-11","2025_12_ATL_NO","REG","2025-11-23T21:25:00Z",FALSE,"historical",25,25,0,5,5,23
"KXNFLRSHYDS","KXNFLRSHYDS-25NOV23CLELV","CLE at LV (Nov 23)","2025-11-23","2025-11","2025_12_CLE_LV","REG","2025-11-23T21:05:00Z",FALSE,"historical",22,22,0,4,4,17
"KXNFLRSHYDS","KXNFLRSHYDS-25NOV23SEATEN","SEA at TEN (Nov 23)","2025-11-23","2025-11","2025_12_SEA_TEN","REG","2025-11-23T18:00:00Z",FALSE,"historical",32,32,0,6,6,31
"KXNFLRSHYDS","KXNFLRSHYDS-25NOV23PITCHI","PIT at CHI (Nov 23)","2025-11-23","2025-11","2025_12_PIT_CHI","REG","2025-11-23T18:00:00Z",FALSE,"historical",30,30,0,5,5,29
"KXNFLRSHYDS","KXNFLRSHYDS-25NOV23NYJBAL","NYJ at BAL (Nov 23)","2025-11-23","2025-11","2025_12_NYJ_BAL","REG","2025-11-23T18:00:00Z",FALSE,"historical",30,30,0,5,5,30
"KXNFLRSHYDS","KXNFLRSHYDS-25NOV23NYGDET","NYG at DET (Nov 23)","2025-11-23","2025-11","2025_12_NYG_DET","REG","2025-11-23T18:00:00Z",FALSE,"historical",32,32,0,6,6,26
"KXNFLRSHYDS","KXNFLRSHYDS-25NOV23NECIN","NE at CIN (Nov 23)","2025-11-23","2025-11","2025_12_NE_CIN","REG","2025-11-23T18:00:00Z",FALSE,"historical",18,18,0,3,3,18
"KXNFLRSHYDS","KXNFLRSHYDS-25NOV23MINGB","MIN at GB (Nov 23)","2025-11-23","2025-11","2025_12_MIN_GB","REG","2025-11-23T18:00:00Z",FALSE,"historical",28,28,0,5,5,24
"KXNFLRSHYDS","KXNFLRSHYDS-25NOV23INDKC","IND at KC (Nov 23)","2025-11-23","2025-11","2025_12_IND_KC","REG","2025-11-23T18:00:00Z",FALSE,"historical",23,23,0,4,4,23
"KXNFLRSHYDS","KXNFLRSHYDS-25NOV20BUFHOU","BUF at HOU (Nov 20)","2025-11-20","2025-11","2025_12_BUF_HOU","REG","2025-11-21T01:15:00Z",FALSE,"historical",28,28,0,5,5,28
"KXNFLRSHYDS","KXNFLRSHYDS-25NOV17DALLV","DAL at LV (Nov 17)","2025-11-17","2025-11","2025_11_DAL_LV","REG","2025-11-18T01:15:00Z",TRUE,"historical",20,20,0,4,4,20
"KXNFLRSHYDS","KXNFLRSHYDS-25NOV16DETPHI","DET at PHI (Nov 16)","2025-11-16","2025-11","2025_11_DET_PHI","REG","2025-11-17T01:20:00Z",FALSE,"historical",28,28,0,5,5,28
"KXNFLRSHYDS","KXNFLRSHYDS-25NOV16KCDEN","KC at DEN (Nov 16)","2025-11-16","2025-11","2025_11_KC_DEN","REG","2025-11-16T21:25:00Z",FALSE,"historical",24,24,0,4,4,23
"KXNFLRSHYDS","KXNFLRSHYDS-25NOV16BALCLE","BAL at CLE (Nov 16)","2025-11-16","2025-11","2025_11_BAL_CLE","REG","2025-11-16T21:25:00Z",FALSE,"historical",23,23,0,4,4,23
"KXNFLRSHYDS","KXNFLRSHYDS-25NOV16SFARI","SF at ARI (Nov 16)","2025-11-16","2025-11","2025_11_SF_ARI","REG","2025-11-16T21:05:00Z",FALSE,"historical",21,21,0,4,4,15
"KXNFLRSHYDS","KXNFLRSHYDS-25NOV16SEALA","SEA at LA (Nov 16)","2025-11-16","2025-11","2025_11_SEA_LA","REG","2025-11-16T21:05:00Z",FALSE,"historical",32,32,0,6,6,27
"KXNFLRSHYDS","KXNFLRSHYDS-25NOV16TBBUF","TB at BUF (Nov 16)","2025-11-16","2025-11","2025_11_TB_BUF","REG","2025-11-16T18:00:00Z",FALSE,"historical",23,23,0,4,4,23
"KXNFLRSHYDS","KXNFLRSHYDS-25NOV16LACJAC","LAC at JAC (Nov 16)","2025-11-16","2025-11","2025_11_LAC_JAX","REG","2025-11-16T18:00:00Z",FALSE,"historical",28,28,0,5,5,27
"KXNFLRSHYDS","KXNFLRSHYDS-25NOV16HOUTEN","HOU at TEN (Nov 16)","2025-11-16","2025-11","2025_11_HOU_TEN","REG","2025-11-16T18:00:00Z",FALSE,"historical",32,32,0,6,6,27
"KXNFLRSHYDS","KXNFLRSHYDS-25NOV16GBNYG","GB at NYG (Nov 16)","2025-11-16","2025-11","2025_11_GB_NYG","REG","2025-11-16T18:00:00Z",FALSE,"historical",31,31,0,6,6,28
"KXNFLRSHYDS","KXNFLRSHYDS-25NOV16CINPIT","CIN at PIT (Nov 16)","2025-11-16","2025-11","2025_11_CIN_PIT","REG","2025-11-16T18:00:00Z",FALSE,"historical",20,20,0,4,4,14
"KXNFLRSHYDS","KXNFLRSHYDS-25NOV16CHIMIN","CHI at MIN (Nov 16)","2025-11-16","2025-11","2025_11_CHI_MIN","REG","2025-11-16T18:00:00Z",FALSE,"historical",36,36,0,6,6,34
"KXNFLRSHYDS","KXNFLRSHYDS-25NOV16CARATL","CAR at ATL (Nov 16)","2025-11-16","2025-11","2025_11_CAR_ATL","REG","2025-11-16T18:00:00Z",FALSE,"historical",31,31,0,6,6,26
"KXNFLRSHYDS","KXNFLRSHYDS-25NOV16WASMIA","WAS at MIA (Nov 16)","2025-11-16","2025-11","2025_11_WAS_MIA","REG","2025-11-16T14:30:00Z",FALSE,"historical",28,28,0,5,5,28
"KXNFLRSHYDS","KXNFLRSHYDS-25NOV13NYJNE","NYJ at NE (Nov 13)","2025-11-13","2025-11","2025_11_NYJ_NE","REG","2025-11-14T01:15:00Z",FALSE,"historical",22,22,0,4,4,22
"KXNFLRSHYDS","KXNFLRSHYDS-25NOV10PHIGB","PHI at GB (Nov 10)","2025-11-10","2025-11","2025_10_PHI_GB","REG","2025-11-11T01:15:00Z",FALSE,"historical",21,21,0,5,5,21
"KXNFLRSHYDS","KXNFLRSHYDS-25NOV09PITLAC","PIT at LAC (Nov 9)","2025-11-09","2025-11","2025_10_PIT_LAC","REG","2025-11-10T01:20:00Z",FALSE,"historical",18,18,0,4,4,18
"KXNFLRSHYDS","KXNFLRSHYDS-25NOV09LASF","LA at SF (Nov 9)","2025-11-09","2025-11","2025_10_LA_SF","REG","2025-11-09T21:25:00Z",FALSE,"historical",21,21,0,5,5,21
"KXNFLRSHYDS","KXNFLRSHYDS-25NOV09DETWAS","DET at WAS (Nov 9)","2025-11-09","2025-11","2025_10_DET_WAS","REG","2025-11-09T21:25:00Z",FALSE,"historical",19,19,0,4,4,19
"KXNFLRSHYDS","KXNFLRSHYDS-25NOV09ARISEA","ARI at SEA (Nov 9)","2025-11-09","2025-11","2025_10_ARI_SEA","REG","2025-11-09T21:05:00Z",FALSE,"historical",19,19,0,4,4,19
"KXNFLRSHYDS","KXNFLRSHYDS-25NOV09NYGCHI","NYG at CHI (Nov 9)","2025-11-09","2025-11","2025_10_NYG_CHI","REG","2025-11-09T18:00:00Z",FALSE,"historical",24,24,0,5,5,20
"KXNFLRSHYDS","KXNFLRSHYDS-25NOV09NOCAR","NO at CAR (Nov 9)","2025-11-09","2025-11","2025_10_NO_CAR","REG","2025-11-09T18:00:00Z",FALSE,"historical",16,16,0,4,4,10
"KXNFLRSHYDS","KXNFLRSHYDS-25NOV09NETB","NE at TB (Nov 9)","2025-11-09","2025-11","2025_10_NE_TB","REG","2025-11-09T18:00:00Z",FALSE,"historical",22,22,0,5,5,16
"KXNFLRSHYDS","KXNFLRSHYDS-25NOV09JACHOU","JAC at HOU (Nov 9)","2025-11-09","2025-11","2025_10_JAX_HOU","REG","2025-11-09T18:00:00Z",FALSE,"historical",23,23,0,5,5,22
"KXNFLRSHYDS","KXNFLRSHYDS-25NOV09CLENYJ","CLE at NYJ (Nov 9)","2025-11-09","2025-11","2025_10_CLE_NYJ","REG","2025-11-09T18:00:00Z",FALSE,"historical",15,15,0,3,3,15
"KXNFLRSHYDS","KXNFLRSHYDS-25NOV09BUFMIA","BUF at MIA (Nov 9)","2025-11-09","2025-11","2025_10_BUF_MIA","REG","2025-11-09T18:00:00Z",FALSE,"historical",14,14,0,3,3,14
"KXNFLRSHYDS","KXNFLRSHYDS-25NOV09BALMIN","BAL at MIN (Nov 9)","2025-11-09","2025-11","2025_10_BAL_MIN","REG","2025-11-09T18:00:00Z",FALSE,"historical",24,24,0,5,5,23
"KXNFLRSHYDS","KXNFLRSHYDS-25NOV09ATLIND","ATL at IND (Nov 9)","2025-11-09","2025-11","2025_10_ATL_IND","REG","2025-11-09T14:30:00Z",FALSE,"historical",21,21,0,5,5,21
"KXNFLRSHYDS","KXNFLRSHYDS-25NOV06LVDEN","LV at DEN (Nov 6)","2025-11-06","2025-11","2025_10_LV_DEN","REG","2025-11-07T01:15:00Z",TRUE,"historical",21,21,0,5,5,21
"KXNFLRSHYDS","KXNFLRSHYDS-25NOV03ARIDAL","ARI at DAL (Nov 3)","2025-11-03","2025-11","2025_09_ARI_DAL","REG","2025-11-04T01:15:00Z",FALSE,"historical",13,10,3,3,2,12
"KXNFLRSHYDS","KXNFLRSHYDS-25NOV02SEAWAS","SEA at WAS (Nov 2)","2025-11-02","2025-11","2025_09_SEA_WAS","REG","2025-11-03T01:20:00Z",FALSE,"historical",21,21,0,5,5,16
"KXNFLRSHYDS","KXNFLRSHYDS-25NOV02KCBUF","KC at BUF (Nov 2)","2025-11-02","2025-11","2025_09_KC_BUF","REG","2025-11-02T21:25:00Z",FALSE,"historical",19,19,0,4,4,18
"KXNFLRSHYDS","KXNFLRSHYDS-25NOV02NOLA","NO at LA (Nov 2)","2025-11-02","2025-11","2025_09_NO_LA","REG","2025-11-02T21:05:00Z",FALSE,"historical",14,14,0,3,3,12
"KXNFLRSHYDS","KXNFLRSHYDS-25NOV02JACLV","JAC at LV (Nov 2)","2025-11-02","2025-11","2025_09_JAX_LV","REG","2025-11-02T21:05:00Z",FALSE,"historical",21,21,0,5,5,17
"KXNFLRSHYDS","KXNFLRSHYDS-25NOV02SFNYG","SF at NYG (Nov 2)","2025-11-02","2025-11","2025_09_SF_NYG","REG","2025-11-02T18:00:00Z",FALSE,"historical",22,22,0,5,5,18
"KXNFLRSHYDS","KXNFLRSHYDS-25NOV02MINDET","MIN at DET (Nov 2)","2025-11-02","2025-11","2025_09_MIN_DET","REG","2025-11-02T18:00:00Z",FALSE,"historical",24,24,0,5,5,18
"KXNFLRSHYDS","KXNFLRSHYDS-25NOV02LACTEN","LAC at TEN (Nov 2)","2025-11-02","2025-11","2025_09_LAC_TEN","REG","2025-11-02T18:00:00Z",FALSE,"historical",18,18,0,4,4,13
"KXNFLRSHYDS","KXNFLRSHYDS-25NOV02INDPIT","IND at PIT (Nov 2)","2025-11-02","2025-11","2025_09_IND_PIT","REG","2025-11-02T18:00:00Z",FALSE,"historical",18,18,0,4,4,15
"KXNFLRSHYDS","KXNFLRSHYDS-25NOV02DENHOU","DEN at HOU (Nov 2)","2025-11-02","2025-11","2025_09_DEN_HOU","REG","2025-11-02T18:00:00Z",FALSE,"historical",27,27,0,6,6,22
"KXNFLRSHYDS","KXNFLRSHYDS-25NOV02CHICIN","CHI at CIN (Nov 2)","2025-11-02","2025-11","2025_09_CHI_CIN","REG","2025-11-02T18:00:00Z",FALSE,"historical",18,18,0,4,4,14
"KXNFLRSHYDS","KXNFLRSHYDS-25NOV02CARGB","CAR at GB (Nov 2)","2025-11-02","2025-11","2025_09_CAR_GB","REG","2025-11-02T18:00:00Z",FALSE,"historical",24,24,0,6,6,22
"KXNFLRSHYDS","KXNFLRSHYDS-25NOV02ATLNE","ATL at NE (Nov 2)","2025-11-02","2025-11","2025_09_ATL_NE","REG","2025-11-02T18:00:00Z",FALSE,"historical",19,19,0,4,4,18
"KXNFLRSHYDS","KXNFLRSHYDS-25OCT30BALMIA","BAL at MIA (Oct 30)","2025-10-30","2025-10","2025_09_BAL_MIA","REG","2025-10-31T00:15:00Z",FALSE,"historical",19,19,0,4,4,19
"KXNFLRSHYDS","KXNFLRSHYDS-25OCT27WASKC","WAS at KC (Oct 27)","2025-10-27","2025-10","2025_08_WAS_KC","REG","2025-10-28T00:15:00Z",FALSE,"historical",18,18,0,4,4,17
"KXNFLRSHYDS","KXNFLRSHYDS-25OCT26GBPIT","GB at PIT (Oct 26)","2025-10-26","2025-10","2025_08_GB_PIT","REG","2025-10-27T00:20:00Z",FALSE,"historical",22,22,0,5,5,22
"KXNFLRSHYDS","KXNFLRSHYDS-25OCT26TENIND","TEN at IND (Oct 26)","2025-10-26","2025-10","2025_08_TEN_IND","REG","2025-10-26T20:25:00Z",FALSE,"historical",18,18,0,4,4,15
"KXNFLRSHYDS","KXNFLRSHYDS-25OCT26DALDEN","DAL at DEN (Oct 26)","2025-10-26","2025-10","2025_08_DAL_DEN","REG","2025-10-26T20:25:00Z",FALSE,"historical",17,17,0,4,4,16
"KXNFLRSHYDS","KXNFLRSHYDS-25OCT26TBNO","TB at NO (Oct 26)","2025-10-26","2025-10","2025_08_TB_NO","REG","2025-10-26T20:05:00Z",FALSE,"historical",18,18,0,4,4,15
"KXNFLRSHYDS","KXNFLRSHYDS-25OCT26SFHOU","SF at HOU (Oct 26)","2025-10-26","2025-10","2025_08_SF_HOU","REG","2025-10-26T17:00:00Z",FALSE,"historical",22,22,0,5,5,19
"KXNFLRSHYDS","KXNFLRSHYDS-25OCT26NYJCIN","NYJ at CIN (Oct 26)","2025-10-26","2025-10","2025_08_NYJ_CIN","REG","2025-10-26T17:00:00Z",FALSE,"historical",9,9,0,2,2,9
"KXNFLRSHYDS","KXNFLRSHYDS-25OCT26NYGPHI","NYG at PHI (Oct 26)","2025-10-26","2025-10","2025_08_NYG_PHI","REG","2025-10-26T17:00:00Z",FALSE,"historical",20,20,0,4,4,18
"KXNFLRSHYDS","KXNFLRSHYDS-25OCT26MIAATL","MIA at ATL (Oct 26)","2025-10-26","2025-10","2025_08_MIA_ATL","REG","2025-10-26T17:00:00Z",FALSE,"historical",10,10,0,2,2,10
"KXNFLRSHYDS","KXNFLRSHYDS-25OCT26CLENE","CLE at NE (Oct 26)","2025-10-26","2025-10","2025_08_CLE_NE","REG","2025-10-26T17:00:00Z",FALSE,"historical",18,18,0,4,4,17
"KXNFLRSHYDS","KXNFLRSHYDS-25OCT26CHIBAL","CHI at BAL (Oct 26)","2025-10-26","2025-10","2025_08_CHI_BAL","REG","2025-10-26T17:00:00Z",FALSE,"historical",23,18,5,5,4,17
"KXNFLRSHYDS","KXNFLRSHYDS-25OCT26BUFCAR","BUF at CAR (Oct 26)","2025-10-26","2025-10","2025_08_BUF_CAR","REG","2025-10-26T17:00:00Z",FALSE,"historical",20,20,0,4,4,17
"KXNFLRSHYDS","KXNFLRSHYDS-25OCT23MINLAC","MIN at LAC (Oct 23)","2025-10-23","2025-10","2025_08_MIN_LAC","REG","2025-10-24T00:15:00Z",FALSE,"historical",13,13,0,3,3,13
"KXNFLRSHYDS","KXNFLRSHYDS-25OCT20HOUSEA","HOU at SEA (Oct 20)","2025-10-20","2025-10","2025_07_HOU_SEA","REG","2025-10-21T02:00:00Z",FALSE,"historical",18,18,0,4,4,18
"KXNFLRSHYDS","KXNFLRSHYDS-25OCT20TBDET","TB at DET (Oct 20)","2025-10-20","2025-10","2025_07_TB_DET","REG","2025-10-20T23:00:00Z",FALSE,"historical",15,15,0,3,3,15
"KXNFLRSHYDS","KXNFLRSHYDS-25OCT19ATLSF","ATL at SF (Oct 19)","2025-10-19","2025-10","2025_07_ATL_SF","REG","2025-10-20T00:20:00Z",FALSE,"historical",17,17,0,4,4,17
"KXNFLRSHYDS","KXNFLRSHYDS-25OCT19WASDAL","WAS at DAL (Oct 19)","2025-10-19","2025-10","2025_07_WAS_DAL","REG","2025-10-19T20:25:00Z",FALSE,"historical",10,10,0,2,2,10
"KXNFLRSHYDS","KXNFLRSHYDS-25OCT19GBARI","GB at ARI (Oct 19)","2025-10-19","2025-10","2025_07_GB_ARI","REG","2025-10-19T20:25:00Z",FALSE,"historical",14,14,0,3,3,10
"KXNFLRSHYDS","KXNFLRSHYDS-25OCT19NYGDEN","NYG at DEN (Oct 19)","2025-10-19","2025-10","2025_07_NYG_DEN","REG","2025-10-19T20:05:00Z",FALSE,"historical",16,16,0,4,4,16
"KXNFLRSHYDS","KXNFLRSHYDS-25OCT19INDLAC","IND at LAC (Oct 19)","2025-10-19","2025-10","2025_07_IND_LAC","REG","2025-10-19T20:05:00Z",FALSE,"historical",17,17,0,4,4,13
"KXNFLRSHYDS","KXNFLRSHYDS-25OCT19PHIMIN","PHI at MIN (Oct 19)","2025-10-19","2025-10","2025_07_PHI_MIN","REG","2025-10-19T17:00:00Z",FALSE,"historical",13,13,0,3,3,12
"KXNFLRSHYDS","KXNFLRSHYDS-25OCT19NOCHI","NO at CHI (Oct 19)","2025-10-19","2025-10","2025_07_NO_CHI","REG","2025-10-19T17:00:00Z",FALSE,"historical",10,10,0,2,2,10
"KXNFLRSHYDS","KXNFLRSHYDS-25OCT19NETEN","NE at TEN (Oct 19)","2025-10-19","2025-10","2025_07_NE_TEN","REG","2025-10-19T17:00:00Z",FALSE,"historical",15,15,0,3,3,11
"KXNFLRSHYDS","KXNFLRSHYDS-25OCT19MIACLE","MIA at CLE (Oct 19)","2025-10-19","2025-10","2025_07_MIA_CLE","REG","2025-10-19T17:00:00Z",FALSE,"historical",10,10,0,2,2,9
"KXNFLRSHYDS","KXNFLRSHYDS-25OCT19LVKC","LV at KC (Oct 19)","2025-10-19","2025-10","2025_07_LV_KC","REG","2025-10-19T17:00:00Z",FALSE,"historical",14,14,0,3,3,14
"KXNFLRSHYDS","KXNFLRSHYDS-25OCT19CARNYJ","CAR at NYJ (Oct 19)","2025-10-19","2025-10","2025_07_CAR_NYJ","REG","2025-10-19T17:00:00Z",FALSE,"historical",20,20,0,4,4,17
"KXNFLRSHYDS","KXNFLRSHYDS-25OCT19LAJAC","LA at JAC (Oct 19)","2025-10-19","2025-10","2025_07_LA_JAX","REG","2025-10-19T13:30:00Z",FALSE,"historical",14,14,0,3,3,14
"KXNFLRSHYDS","KXNFLRSHYDS-25OCT16PITCIN","PIT at CIN (Oct 16)","2025-10-16","2025-10","2025_07_PIT_CIN","REG","2025-10-17T00:15:00Z",FALSE,"historical",17,17,0,4,4,17
"KXNFLRSHYDS","KXNFLRSHYDS-25OCT13CHIWAS","CHI at WAS (Oct 13)","2025-10-13","2025-10","2025_06_CHI_WAS","REG","2025-10-14T00:15:00Z",FALSE,"historical",13,13,0,3,3,12
"KXNFLRSHYDS","KXNFLRSHYDS-25OCT13BUFATL","BUF at ATL (Oct 13)","2025-10-13","2025-10","2025_06_BUF_ATL","REG","2025-10-13T23:15:00Z",FALSE,"historical",25,25,0,5,5,22
"KXNFLRSHYDS","KXNFLRSHYDS-25OCT12DETKC","DET at KC (Oct 12)","2025-10-12","2025-10","2025_06_DET_KC","REG","2025-10-13T00:20:00Z",FALSE,"historical",20,20,0,4,4,20
"KXNFLRSHYDS","KXNFLRSHYDS-25OCT12SFTB","SF at TB (Oct 12)","2025-10-12","2025-10","2025_06_SF_TB","REG","2025-10-12T20:25:00Z",FALSE,"historical",15,15,0,3,3,12
"KXNFLRSHYDS","KXNFLRSHYDS-25OCT12CINGB","CIN at GB (Oct 12)","2025-10-12","2025-10","2025_06_CIN_GB","REG","2025-10-12T20:25:00Z",FALSE,"historical",15,15,0,3,3,11
"KXNFLRSHYDS","KXNFLRSHYDS-25OCT12TENLV","TEN at LV (Oct 12)","2025-10-12","2025-10","2025_06_TEN_LV","REG","2025-10-12T20:05:00Z",FALSE,"historical",15,15,0,3,3,10
"KXNFLRSHYDS","KXNFLRSHYDS-25OCT12SEAJAC","SEA at JAC (Oct 12)","2025-10-12","2025-10","2025_06_SEA_JAX","REG","2025-10-12T17:00:00Z",FALSE,"historical",15,15,0,3,3,10
"KXNFLRSHYDS","KXNFLRSHYDS-25OCT12NENO","NE at NO (Oct 12)","2025-10-12","2025-10","2025_06_NE_NO","REG","2025-10-12T17:00:00Z",TRUE,"historical",15,15,0,3,3,13
"KXNFLRSHYDS","KXNFLRSHYDS-25OCT12LACMIA","LAC at MIA (Oct 12)","2025-10-12","2025-10","2025_06_LAC_MIA","REG","2025-10-12T17:00:00Z",FALSE,"historical",20,20,0,4,4,15
"KXNFLRSHYDS","KXNFLRSHYDS-25OCT12LABAL","LA at BAL (Oct 12)","2025-10-12","2025-10","2025_06_LA_BAL","REG","2025-10-12T17:00:00Z",FALSE,"historical",20,20,0,4,4,15
"KXNFLRSHYDS","KXNFLRSHYDS-25OCT12DALCAR","DAL at CAR (Oct 12)","2025-10-12","2025-10","2025_06_DAL_CAR","REG","2025-10-12T17:00:00Z",FALSE,"historical",10,10,0,2,2,10
"KXNFLRSHYDS","KXNFLRSHYDS-25OCT12CLEPIT","CLE at PIT (Oct 12)","2025-10-12","2025-10","2025_06_CLE_PIT","REG","2025-10-12T17:00:00Z",FALSE,"historical",20,20,0,4,4,15
"KXNFLRSHYDS","KXNFLRSHYDS-25OCT12ARIIND","ARI at IND (Oct 12)","2025-10-12","2025-10","2025_06_ARI_IND","REG","2025-10-12T17:00:00Z",FALSE,"historical",20,20,0,4,4,13
"KXNFLRSHYDS","KXNFLRSHYDS-25OCT12DENNYJ","DEN at NYJ (Oct 12)","2025-10-12","2025-10","2025_06_DEN_NYJ","REG","2025-10-12T13:30:00Z",FALSE,"historical",19,19,0,4,4,19
"KXNFLRSHYDS","KXNFLRSHYDS-25OCT09PHINYG","PHI at NYG (Oct 9)","2025-10-09","2025-10","2025_06_PHI_NYG","REG","2025-10-10T00:15:00Z",TRUE,"historical",25,25,0,5,5,24
"KXNFLRSHYDS","KXNFLRSHYDS-25OCT06KCJAC","KC at JAC (Oct 6)","2025-10-06","2025-10","2025_05_KC_JAX","REG","2025-10-07T00:15:00Z",TRUE,"historical",20,20,0,4,4,20
"KXNFLPASSYDS","KXNFLPASSYDS-26SEP28PHICHI","PHI vs CHI (Sep 28)","2026-09-28","2026-09","2026_03_PHI_CHI","REG","2026-09-29T00:15:00Z",TRUE,"live",20,20,0,2,2,20
"KXNFLPASSYDS","KXNFLPASSYDS-26SEP27LARDEN","LAR vs DEN (Sep 27)","2026-09-27","2026-09","2026_03_LA_DEN","REG","2026-09-28T00:20:00Z",FALSE,"live",21,21,0,2,2,21
"KXNFLPASSYDS","KXNFLPASSYDS-26SEP27LVNO","LV vs NO (Sep 27)","2026-09-27","2026-09","2026_03_LV_NO","REG","2026-09-27T20:25:00Z",FALSE,"live",15,15,0,2,2,15
"KXNFLPASSYDS","KXNFLPASSYDS-26SEP27BALDAL","BAL vs DAL (Sep 27)","2026-09-27","2026-09","2026_03_BAL_DAL","REG","2026-09-27T20:25:00Z",FALSE,"live",23,23,0,2,2,23
"KXNFLPASSYDS","KXNFLPASSYDS-26SEP27MINTB","MIN vs TB (Sep 27)","2026-09-27","2026-09","2026_03_MIN_TB","REG","2026-09-27T20:05:00Z",FALSE,"live",19,19,0,2,2,19
"KXNFLPASSYDS","KXNFLPASSYDS-26SEP27ARISF","ARI vs SF (Sep 27)","2026-09-27","2026-09","2026_03_ARI_SF","REG","2026-09-27T20:05:00Z",FALSE,"live",19,19,0,2,2,19
"KXNFLPASSYDS","KXNFLPASSYDS-26SEP27TENNYG","TEN vs NYG (Sep 27)","2026-09-27","2026-09","2026_03_TEN_NYG","REG","2026-09-27T17:00:00Z",FALSE,"live",12,12,0,2,2,12
"KXNFLPASSYDS","KXNFLPASSYDS-26SEP27SEAWAS","SEA vs WAS (Sep 27)","2026-09-27","2026-09","2026_03_SEA_WAS","REG","2026-09-27T17:00:00Z",FALSE,"live",18,18,0,2,2,18
"KXNFLPASSYDS","KXNFLPASSYDS-26SEP27NYJDET","NYJ vs DET (Sep 27)","2026-09-27","2026-09","2026_03_NYJ_DET","REG","2026-09-27T17:00:00Z",FALSE,"live",19,19,0,2,2,19
"KXNFLPASSYDS","KXNFLPASSYDS-26SEP27NEJAC","NE vs JAC (Sep 27)","2026-09-27","2026-09","2026_03_NE_JAX","REG","2026-09-27T17:00:00Z",FALSE,"live",18,18,0,2,2,18
"KXNFLPASSYDS","KXNFLPASSYDS-26SEP27LACBUF","LAC vs BUF (Sep 27)","2026-09-27","2026-09","2026_03_LAC_BUF","REG","2026-09-27T17:00:00Z",FALSE,"live",18,18,0,2,2,18
"KXNFLPASSYDS","KXNFLPASSYDS-26SEP27KCMIA","KC vs MIA (Sep 27)","2026-09-27","2026-09","2026_03_KC_MIA","REG","2026-09-27T17:00:00Z",FALSE,"live",17,17,0,2,2,17
"KXNFLPASSYDS","KXNFLPASSYDS-26SEP27HOUIND","HOU vs IND (Sep 27)","2026-09-27","2026-09","2026_03_HOU_IND","REG","2026-09-27T17:00:00Z",FALSE,"live",19,19,0,2,2,19
"KXNFLPASSYDS","KXNFLPASSYDS-26SEP27CINPIT","CIN vs PIT (Sep 27)","2026-09-27","2026-09","2026_03_CIN_PIT","REG","2026-09-27T17:00:00Z",FALSE,"live",13,13,0,2,2,13
"KXNFLPASSYDS","KXNFLPASSYDS-26SEP27CARCLE","CAR vs CLE (Sep 27)","2026-09-27","2026-09","2026_03_CAR_CLE","REG","2026-09-27T17:00:00Z",FALSE,"live",19,19,0,2,2,19
"KXNFLPASSYDS","KXNFLPASSYDS-26SEP24ATLGB","ATL vs GB (Sep 24)","2026-09-24","2026-09","2026_03_ATL_GB","REG","2026-09-25T00:15:00Z",FALSE,"live",18,18,0,2,2,18
"KXNFLPASSYDS","KXNFLPASSYDS-26SEP21NYGLAR","NYG vs LAR (Sep 21)","2026-09-21","2026-09","2026_02_NYG_LA","REG","2026-09-22T00:15:00Z",FALSE,"live",30,30,0,3,3,30
"KXNFLPASSYDS","KXNFLPASSYDS-26SEP20INDKC","IND vs KC (Sep 20)","2026-09-20","2026-09","2026_02_IND_KC","REG","2026-09-21T00:20:00Z",FALSE,"live",21,21,0,2,2,21
"KXNFLPASSYDS","KXNFLPASSYDS-26SEP20WASDAL","WAS vs DAL (Sep 20)","2026-09-20","2026-09","2026_02_WAS_DAL","REG","2026-09-20T20:25:00Z",FALSE,"live",21,21,0,2,2,21
"KXNFLPASSYDS","KXNFLPASSYDS-26SEP20SEAARI","SEA vs ARI (Sep 20)","2026-09-20","2026-09","2026_02_SEA_ARI","REG","2026-09-20T20:25:00Z",TRUE,"live",18,18,0,2,2,18
"KXNFLPASSYDS","KXNFLPASSYDS-26SEP20MIASF","MIA vs SF (Sep 20)","2026-09-20","2026-09","2026_02_MIA_SF","REG","2026-09-20T20:25:00Z",FALSE,"live",18,18,0,2,2,18
"KXNFLPASSYDS","KXNFLPASSYDS-26SEP20LVLAC","LV vs LAC (Sep 20)","2026-09-20","2026-09","2026_02_LV_LAC","REG","2026-09-20T20:05:00Z",FALSE,"live",18,18,0,2,2,18
"KXNFLPASSYDS","KXNFLPASSYDS-26SEP20JACDEN","JAC vs DEN (Sep 20)","2026-09-20","2026-09","2026_02_JAX_DEN","REG","2026-09-20T20:05:00Z",FALSE,"live",18,18,0,2,2,18
"KXNFLPASSYDS","KXNFLPASSYDS-26SEP20PITNE","PIT vs NE (Sep 20)","2026-09-20","2026-09","2026_02_PIT_NE","REG","2026-09-20T17:00:00Z",FALSE,"live",14,14,0,2,2,14
"KXNFLPASSYDS","KXNFLPASSYDS-26SEP20PHITEN","PHI vs TEN (Sep 20)","2026-09-20","2026-09","2026_02_PHI_TEN","REG","2026-09-20T17:00:00Z",FALSE,"live",17,17,0,2,2,17
"KXNFLPASSYDS","KXNFLPASSYDS-26SEP20NOBAL","NO vs BAL (Sep 20)","2026-09-20","2026-09","2026_02_NO_BAL","REG","2026-09-20T17:00:00Z",FALSE,"live",19,19,0,2,2,19
"KXNFLPASSYDS","KXNFLPASSYDS-26SEP20MINCHI","MIN vs CHI (Sep 20)","2026-09-20","2026-09","2026_02_MIN_CHI","REG","2026-09-20T17:00:00Z",FALSE,"live",19,19,0,2,2,19
"KXNFLPASSYDS","KXNFLPASSYDS-26SEP20GBNYJ","GB vs NYJ (Sep 20)","2026-09-20","2026-09","2026_02_GB_NYJ","REG","2026-09-20T17:00:00Z",FALSE,"live",20,20,0,2,2,20
"KXNFLPASSYDS","KXNFLPASSYDS-26SEP20CLETB","CLE vs TB (Sep 20)","2026-09-20","2026-09","2026_02_CLE_TB","REG","2026-09-20T17:00:00Z",FALSE,"live",18,18,0,2,2,18
"KXNFLPASSYDS","KXNFLPASSYDS-26SEP20CINHOU","CIN vs HOU (Sep 20)","2026-09-20","2026-09","2026_02_CIN_HOU","REG","2026-09-20T17:00:00Z",FALSE,"live",20,20,0,2,2,20
"KXNFLPASSYDS","KXNFLPASSYDS-26SEP20CARATL","CAR vs ATL (Sep 20)","2026-09-20","2026-09","2026_02_CAR_ATL","REG","2026-09-20T17:00:00Z",FALSE,"live",20,20,0,2,2,20
"KXNFLPASSYDS","KXNFLPASSYDS-26SEP17DETBUF","DET vs BUF (Sep 17)","2026-09-17","2026-09","2026_02_DET_BUF","REG","2026-09-18T00:15:00Z",FALSE,"live",19,19,0,2,2,19
"KXNFLPASSYDS","KXNFLPASSYDS-26SEP14DENKC","DEN vs KC (Sep 14)","2026-09-14","2026-09","2026_01_DEN_KC","REG","2026-09-15T00:15:00Z",FALSE,"live",18,18,0,2,2,18
"KXNFLPASSYDS","KXNFLPASSYDS-26SEP13DALNYG","DAL vs NYG (Sep 13)","2026-09-13","2026-09","2026_01_DAL_NYG","REG","2026-09-14T00:20:00Z",FALSE,"live",19,19,0,2,2,19
"KXNFLPASSYDS","KXNFLPASSYDS-26SEP13WASPHI","WAS vs PHI (Sep 13)","2026-09-13","2026-09","2026_01_WAS_PHI","REG","2026-09-13T20:25:00Z",FALSE,"live",18,18,0,2,2,18
"KXNFLPASSYDS","KXNFLPASSYDS-26SEP13MIALV","MIA vs LV (Sep 13)","2026-09-13","2026-09","2026_01_MIA_LV","REG","2026-09-13T20:25:00Z",TRUE,"live",17,17,0,2,2,17
"KXNFLPASSYDS","KXNFLPASSYDS-26SEP13GBMIN","GB vs MIN (Sep 13)","2026-09-13","2026-09","2026_01_GB_MIN","REG","2026-09-13T20:25:00Z",FALSE,"live",18,18,0,2,2,18
"KXNFLPASSYDS","KXNFLPASSYDS-26SEP13ARILAC","ARI vs LAC (Sep 13)","2026-09-13","2026-09","2026_01_ARI_LAC","REG","2026-09-13T20:25:00Z",FALSE,"live",18,18,0,2,2,18
"KXNFLPASSYDS","KXNFLPASSYDS-26SEP13TBCIN","TB vs CIN (Sep 13)","2026-09-13","2026-09","2026_01_TB_CIN","REG","2026-09-13T17:00:00Z",FALSE,"live",19,19,0,2,2,19
"KXNFLPASSYDS","KXNFLPASSYDS-26SEP13NYJTEN","NYJ vs TEN (Sep 13)","2026-09-13","2026-09","2026_01_NYJ_TEN","REG","2026-09-13T17:00:00Z",FALSE,"live",17,17,0,2,2,17
"KXNFLPASSYDS","KXNFLPASSYDS-26SEP13NODET","NO vs DET (Sep 13)","2026-09-13","2026-09","2026_01_NO_DET","REG","2026-09-13T17:00:00Z",FALSE,"live",19,19,0,2,2,19
"KXNFLPASSYDS","KXNFLPASSYDS-26SEP13CLEJAC","CLE vs JAC (Sep 13)","2026-09-13","2026-09","2026_01_CLE_JAX","REG","2026-09-13T17:00:00Z",FALSE,"live",11,11,0,2,2,11
"KXNFLPASSYDS","KXNFLPASSYDS-26SEP13CHICAR","CHI vs CAR (Sep 13)","2026-09-13","2026-09","2026_01_CHI_CAR","REG","2026-09-13T17:00:00Z",FALSE,"live",18,18,0,2,2,18
"KXNFLPASSYDS","KXNFLPASSYDS-26SEP13BUFHOU","BUF vs HOU (Sep 13)","2026-09-13","2026-09","2026_01_BUF_HOU","REG","2026-09-13T17:00:00Z",FALSE,"live",19,19,0,2,2,19
"KXNFLPASSYDS","KXNFLPASSYDS-26SEP13BALIND","BAL vs IND (Sep 13)","2026-09-13","2026-09","2026_01_BAL_IND","REG","2026-09-13T17:00:00Z",FALSE,"live",18,18,0,2,2,18
"KXNFLPASSYDS","KXNFLPASSYDS-26SEP13ATLPIT","ATL vs PIT (Sep 13)","2026-09-13","2026-09","2026_01_ATL_PIT","REG","2026-09-13T17:00:00Z",FALSE,"live",23,16,7,3,2,23
"KXNFLPASSYDS","KXNFLPASSYDS-26SEP10SFLAR","SF vs LAR (Sep 10)","2026-09-10","2026-09","2026_01_SF_LA","REG","2026-09-11T00:35:00Z",FALSE,"live",17,17,0,2,2,17
"KXNFLPASSYDS","KXNFLPASSYDS-26SEP09NESEA","NE vs SEA (Sep 9)","2026-09-09","2026-09","2026_01_NE_SEA","REG","2026-09-10T00:20:00Z",FALSE,"live",23,23,0,3,3,23
"KXNFLPASSYDS","KXNFLPASSYDS-26AUG27LARLAC","LAR vs LAC (Aug 27)","2026-08-27","2026-08",NA,NA,NA,FALSE,"live",9,6,3,3,2,9
"KXNFLPASSYDS","KXNFLPASSYDS-26AUG27SFLV","SF vs LV (Aug 27)","2026-08-27","2026-08",NA,NA,NA,FALSE,"live",4,4,0,1,1,4
"KXNFLPASSYDS","KXNFLPASSYDS-26AUG27PITBUF","PIT vs BUF (Aug 27)","2026-08-27","2026-08",NA,NA,NA,FALSE,"live",14,11,3,4,3,14
"KXNFLPASSYDS","KXNFLPASSYDS-26AUG23SEATEN","SEA vs TEN (Aug 23)","2026-08-23","2026-08",NA,NA,NA,FALSE,"live",15,15,0,5,5,15
"KXNFLPASSYDS","KXNFLPASSYDS-26AUG21GBDEN","GB vs DEN (Aug 21)","2026-08-21","2026-08",NA,NA,NA,FALSE,"live",14,14,0,5,5,14
"KXNFLPASSYDS","KXNFLPASSYDS-26AUG21CARJAC","CAR vs JAC (Aug 21)","2026-08-21","2026-08",NA,NA,NA,FALSE,"live",8,8,0,4,4,8
"KXNFLPASSYDS","KXNFLPASSYDS-26AUG21NYJPIT","NYJ vs PIT (Aug 21)","2026-08-21","2026-08",NA,NA,NA,FALSE,"live",14,14,0,4,4,14
"KXNFLPASSYDS","KXNFLPASSYDS-26AUG20SFLAC","SF vs LAC (Aug 20)","2026-08-20","2026-08",NA,NA,NA,FALSE,"live",15,15,0,5,5,15
"KXNFLPASSYDS","KXNFLPASSYDS-26AUG20LVHOU","LV vs HOU (Aug 20)","2026-08-20","2026-08",NA,NA,NA,FALSE,"live",13,13,0,4,4,13
"KXNFLPASSYDS","KXNFLPASSYDS-26AUG15DALSEA","DAL vs SEA (Aug 15)","2026-08-15","2026-08",NA,NA,NA,FALSE,"live",12,12,0,3,3,12
"KXNFLPASSYDS","KXNFLPASSYDS-26AUG15PHIBAL","PHI vs BAL (Aug 15)","2026-08-15","2026-08",NA,NA,NA,FALSE,"live",8,8,0,2,2,8
"KXNFLPASSYDS","KXNFLPASSYDS-26AUG15LARKC","LAR vs KC (Aug 15)","2026-08-15","2026-08",NA,NA,NA,FALSE,"live",12,12,0,4,4,12
"KXNFLPASSYDS","KXNFLPASSYDS-26AUG15JACNO","JAC vs NO (Aug 15)","2026-08-15","2026-08",NA,NA,NA,FALSE,"live",9,9,0,3,3,9
"KXNFLPASSYDS","KXNFLPASSYDS-26AUG15MINNYG","MIN vs NYG (Aug 15)","2026-08-15","2026-08",NA,NA,NA,FALSE,"live",11,11,0,4,4,11
"KXNFLPASSYDS","KXNFLPASSYDS-26AUG15CLECHI","CLE vs CHI (Aug 15)","2026-08-15","2026-08",NA,NA,NA,FALSE,"live",10,10,0,3,3,10
"KXNFLPASSYDS","KXNFLPASSYDS-26AUG15CARBUF","CAR vs BUF (Aug 15)","2026-08-15","2026-08",NA,NA,NA,FALSE,"live",12,9,3,5,4,12
"KXNFLPASSYDS","KXNFLPASSYDS-26AUG14TBNYJ","TB vs NYJ (Aug 14)","2026-08-14","2026-08",NA,NA,NA,FALSE,"live",6,3,3,2,1,6
"KXNFLPASSYDS","KXNFLPASSYDS-26AUG14MIAWAS","MIA vs WAS (Aug 14)","2026-08-14","2026-08",NA,NA,NA,FALSE,"live",6,6,0,3,3,6
"KXNFLPASSYDS","KXNFLPASSYDS-26AUG14DENATL","DEN vs ATL (Aug 14)","2026-08-14","2026-08",NA,NA,NA,FALSE,"live",9,9,0,3,3,9
"KXNFLPASSYDS","KXNFLPASSYDS-26AUG13TENSF","TEN vs SF (Aug 13)","2026-08-13","2026-08",NA,NA,NA,FALSE,"live",9,9,0,4,4,9
"KXNFLPASSYDS","KXNFLPASSYDS-26AUG13LACHOU","LAC vs HOU (Aug 13)","2026-08-13","2026-08",NA,NA,NA,FALSE,"live",10,10,0,4,4,10
"KXNFLPASSYDS","KXNFLPASSYDS-26AUG13ARILV","ARI vs LV (Aug 13)","2026-08-13","2026-08",NA,NA,NA,FALSE,"live",11,7,4,3,2,11
"KXNFLPASSYDS","KXNFLPASSYDS-26AUG13INDNE","IND vs NE (Aug 13)","2026-08-13","2026-08",NA,NA,NA,FALSE,"live",6,6,0,3,3,6
"KXNFLPASSYDS","KXNFLPASSYDS-26AUG13GBPIT","GB vs PIT (Aug 13)","2026-08-13","2026-08",NA,NA,NA,FALSE,"live",10,10,0,3,3,10
"KXNFLPASSYDS","KXNFLPASSYDS-26AUG13DETCIN","DET vs CIN (Aug 13)","2026-08-13","2026-08",NA,NA,NA,FALSE,"live",8,8,0,2,2,8
"KXNFLPASSYDS","KXNFLPASSYDS-26AUG06CARARI","CAR vs ARI (Aug 6)","2026-08-06","2026-08",NA,NA,NA,FALSE,"live",11,11,0,4,4,11
"KXNFLPASSYDS","KXNFLPASSYDS-26FEB08SEANE","SEA at NE (Feb 8)","2026-02-08","2026-02","2025_22_SEA_NE","SB","2026-02-08T23:30:00Z",TRUE,"historical",18,18,0,2,2,18
"KXNFLPASSYDS","KXNFLPASSYDS-26JAN25LASEA","LA at SEA (Jan 25)","2026-01-25","2026-01","2025_21_LA_SEA","CON","2026-01-25T23:30:00Z",FALSE,"historical",18,18,0,2,2,18
"KXNFLPASSYDS","KXNFLPASSYDS-26JAN25NEDEN","NE at DEN (Jan 25)","2026-01-25","2026-01","2025_21_NE_DEN","CON","2026-01-25T20:00:00Z",FALSE,"historical",18,18,0,2,2,18
"KXNFLPASSYDS","KXNFLPASSYDS-26JAN18HOUNE","HOU at NE (Jan 18)","2026-01-18","2026-01","2025_20_HOU_NE","DIV","2026-01-18T20:00:00Z",FALSE,"historical",18,18,0,2,2,18
"KXNFLPASSYDS","KXNFLPASSYDS-26JAN18LACHI","LA at CHI (Jan 18)","2026-01-18","2026-01","2025_20_LA_CHI","DIV","2026-01-18T23:30:00Z",FALSE,"historical",18,18,0,2,2,18
"KXNFLPASSYDS","KXNFLPASSYDS-26JAN17SFSEA","SF at SEA (Jan 17)","2026-01-17","2026-01","2025_20_SF_SEA","DIV","2026-01-18T01:00:00Z",TRUE,"historical",18,18,0,2,2,18
"KXNFLPASSYDS","KXNFLPASSYDS-26JAN17BUFDEN","BUF at DEN (Jan 17)","2026-01-17","2026-01","2025_20_BUF_DEN","DIV","2026-01-17T21:30:00Z",FALSE,"historical",18,18,0,2,2,18
"KXNFLPASSYDS","KXNFLPASSYDS-26JAN12HOUPIT","HOU at PIT (Jan 12)","2026-01-12","2026-01","2025_19_HOU_PIT","WC","2026-01-13T01:00:00Z",FALSE,"historical",18,18,0,2,2,18
"KXNFLPASSYDS","KXNFLPASSYDS-26JAN11LACNE","LAC at NE (Jan 11)","2026-01-11","2026-01","2025_19_LAC_NE","WC","2026-01-12T01:00:00Z",FALSE,"historical",18,18,0,2,2,18
"KXNFLPASSYDS","KXNFLPASSYDS-26JAN11SFPHI","SF at PHI (Jan 11)","2026-01-11","2026-01","2025_19_SF_PHI","WC","2026-01-11T21:30:00Z",FALSE,"historical",18,18,0,2,2,18
"KXNFLPASSYDS","KXNFLPASSYDS-26JAN11BUFJAC","BUF at JAC (Jan 11)","2026-01-11","2026-01","2025_19_BUF_JAX","WC","2026-01-11T18:00:00Z",FALSE,"historical",18,18,0,2,2,18
"KXNFLPASSYDS","KXNFLPASSYDS-26JAN10GBCHI","GB at CHI (Jan 10)","2026-01-10","2026-01","2025_19_GB_CHI","WC","2026-01-11T01:00:00Z",FALSE,"historical",18,18,0,2,2,18
"KXNFLPASSYDS","KXNFLPASSYDS-26JAN10LACAR","LA at CAR (Jan 10)","2026-01-10","2026-01","2025_19_LA_CAR","WC","2026-01-10T21:30:00Z",FALSE,"historical",18,18,0,2,2,18
"KXNFLPASSYDS","KXNFLPASSYDS-26JAN04BALPIT","BAL at PIT (Jan 4)","2026-01-04","2026-01","2025_18_BAL_PIT","REG","2026-01-05T01:20:00Z",FALSE,"historical",18,18,0,2,2,18
"KXNFLPASSYDS","KXNFLPASSYDS-26JAN04WASPHI","WAS at PHI (Jan 4)","2026-01-04","2026-01","2025_18_WAS_PHI","REG","2026-01-04T21:25:00Z",TRUE,"historical",18,18,0,2,2,18
"KXNFLPASSYDS","KXNFLPASSYDS-26JAN04MIANE","MIA at NE (Jan 4)","2026-01-04","2026-01","2025_18_MIA_NE","REG","2026-01-04T21:25:00Z",FALSE,"historical",17,17,0,2,2,17
"KXNFLPASSYDS","KXNFLPASSYDS-26JAN04LACDEN","LAC at DEN (Jan 4)","2026-01-04","2026-01","2025_18_LAC_DEN","REG","2026-01-04T21:25:00Z",FALSE,"historical",18,18,0,2,2,18
"KXNFLPASSYDS","KXNFLPASSYDS-26JAN04KCLV","KC at LV (Jan 4)","2026-01-04","2026-01","2025_18_KC_LV","REG","2026-01-04T21:25:00Z",TRUE,"historical",9,9,0,1,1,9
"KXNFLPASSYDS","KXNFLPASSYDS-26JAN04DETCHI","DET at CHI (Jan 4)","2026-01-04","2026-01","2025_18_DET_CHI","REG","2026-01-04T21:25:00Z",FALSE,"historical",18,18,0,2,2,18
"KXNFLPASSYDS","KXNFLPASSYDS-26JAN04ARILA","ARI at LA (Jan 4)","2026-01-04","2026-01","2025_18_ARI_LA","REG","2026-01-04T21:25:00Z",FALSE,"historical",18,18,0,2,2,18
"KXNFLPASSYDS","KXNFLPASSYDS-26JAN04TENJAC","TEN at JAC (Jan 4)","2026-01-04","2026-01","2025_18_TEN_JAX","REG","2026-01-04T18:00:00Z",FALSE,"historical",18,18,0,2,2,18
"KXNFLPASSYDS","KXNFLPASSYDS-26JAN04CLECIN","CLE at CIN (Jan 4)","2026-01-04","2026-01","2025_18_CLE_CIN","REG","2026-01-04T18:00:00Z",FALSE,"historical",18,18,0,2,2,18
"KXNFLPASSYDS","KXNFLPASSYDS-26JAN03SEASF","SEA at SF (Jan 3)","2026-01-03","2026-01","2025_18_SEA_SF","REG","2026-01-04T01:00:00Z",FALSE,"historical",18,18,0,2,2,18
"KXNFLPASSYDS","KXNFLPASSYDS-26JAN03CARTB","CAR at TB (Jan 3)","2026-01-03","2026-01","2025_18_CAR_TB","REG","2026-01-03T21:30:00Z",FALSE,"historical",17,17,0,2,2,17
"KXNFLPASSYDS","KXNFLPASSYDS-25DEC29LAATL","LA at ATL (Dec 29)","2025-12-29","2025-12","2025_17_LA_ATL","REG","2025-12-30T01:15:00Z",FALSE,"historical",18,18,0,2,2,18
"KXNFLPASSYDS","KXNFLPASSYDS-25DEC28CHISF","CHI at SF (Dec 28)","2025-12-28","2025-12","2025_17_CHI_SF","REG","2025-12-29T01:20:00Z",FALSE,"historical",17,17,0,2,2,17
"KXNFLPASSYDS","KXNFLPASSYDS-25DEC28PHIBUF","PHI at BUF (Dec 28)","2025-12-28","2025-12","2025_17_PHI_BUF","REG","2025-12-28T21:25:00Z",FALSE,"historical",18,18,0,2,2,18
"KXNFLPASSYDS","KXNFLPASSYDS-25DEC28NYGLV","NYG at LV (Dec 28)","2025-12-28","2025-12","2025_17_NYG_LV","REG","2025-12-28T21:05:00Z",FALSE,"historical",18,18,0,2,2,18
"KXNFLPASSYDS","KXNFLPASSYDS-25DEC28TBMIA","TB at MIA (Dec 28)","2025-12-28","2025-12","2025_17_TB_MIA","REG","2025-12-28T18:00:00Z",FALSE,"historical",18,18,0,2,2,18
"KXNFLPASSYDS","KXNFLPASSYDS-25DEC28SEACAR","SEA at CAR (Dec 28)","2025-12-28","2025-12","2025_17_SEA_CAR","REG","2025-12-28T18:00:00Z",FALSE,"historical",18,18,0,2,2,18
"KXNFLPASSYDS","KXNFLPASSYDS-25DEC28PITCLE","PIT at CLE (Dec 28)","2025-12-28","2025-12","2025_17_PIT_CLE","REG","2025-12-28T18:00:00Z",FALSE,"historical",18,18,0,2,2,18
"KXNFLPASSYDS","KXNFLPASSYDS-25DEC28NOTEN","NO at TEN (Dec 28)","2025-12-28","2025-12","2025_17_NO_TEN","REG","2025-12-28T18:00:00Z",FALSE,"historical",18,18,0,2,2,18
"KXNFLPASSYDS","KXNFLPASSYDS-25DEC28NENYJ","NE at NYJ (Dec 28)","2025-12-28","2025-12","2025_17_NE_NYJ","REG","2025-12-28T18:00:00Z",FALSE,"historical",18,18,0,2,2,18
"KXNFLPASSYDS","KXNFLPASSYDS-25DEC28JACIND","JAC at IND (Dec 28)","2025-12-28","2025-12","2025_17_JAX_IND","REG","2025-12-28T18:00:00Z",FALSE,"historical",18,18,0,2,2,18
"KXNFLPASSYDS","KXNFLPASSYDS-25DEC28ARICIN","ARI at CIN (Dec 28)","2025-12-28","2025-12","2025_17_ARI_CIN","REG","2025-12-28T18:00:00Z",FALSE,"historical",18,18,0,2,2,18
"KXNFLPASSYDS","KXNFLPASSYDS-25DEC27BALGB","BAL at GB (Dec 27)","2025-12-27","2025-12","2025_17_BAL_GB","REG","2025-12-28T01:00:00Z",FALSE,"historical",9,9,0,1,1,9
"KXNFLPASSYDS","KXNFLPASSYDS-25DEC27HOULAC","HOU at LAC (Dec 27)","2025-12-27","2025-12","2025_17_HOU_LAC","REG","2025-12-27T21:30:00Z",FALSE,"historical",18,18,0,2,2,18
"KXNFLPASSYDS","KXNFLPASSYDS-25DEC25DENKC","DEN at KC (Dec 25)","2025-12-25","2025-12","2025_17_DEN_KC","REG","2025-12-26T01:15:00Z",FALSE,"historical",18,18,0,2,2,18
"KXNFLPASSYDS","KXNFLPASSYDS-25DEC25DETMIN","DET at MIN (Dec 25)","2025-12-25","2025-12","2025_17_DET_MIN","REG","2025-12-25T21:30:00Z",FALSE,"historical",18,18,0,2,2,18
"KXNFLPASSYDS","KXNFLPASSYDS-25DEC25DALWAS","DAL at WAS (Dec 25)","2025-12-25","2025-12","2025_17_DAL_WAS","REG","2025-12-25T18:00:00Z",FALSE,"historical",17,17,0,2,2,17
"KXNFLPASSYDS","KXNFLPASSYDS-25DEC22SFIND","SF at IND (Dec 22)","2025-12-22","2025-12","2025_16_SF_IND","REG","2025-12-23T01:15:00Z",FALSE,"historical",18,18,0,2,2,18
"KXNFLPASSYDS","KXNFLPASSYDS-25DEC21NEBAL","NE at BAL (Dec 21)","2025-12-21","2025-12","2025_16_NE_BAL","REG","2025-12-22T01:20:00Z",FALSE,"historical",18,18,0,2,2,18
"KXNFLPASSYDS","KXNFLPASSYDS-25DEC21PITDET","PIT at DET (Dec 21)","2025-12-21","2025-12","2025_16_PIT_DET","REG","2025-12-21T21:25:00Z",FALSE,"historical",18,18,0,2,2,18
"KXNFLPASSYDS","KXNFLPASSYDS-25DEC21LVHOU","LV at HOU (Dec 21)","2025-12-21","2025-12","2025_16_LV_HOU","REG","2025-12-21T21:25:00Z",FALSE,"historical",17,17,0,2,2,17
"KXNFLPASSYDS","KXNFLPASSYDS-25DEC21JACDEN","JAC at DEN (Dec 21)","2025-12-21","2025-12","2025_16_JAX_DEN","REG","2025-12-21T21:05:00Z",FALSE,"historical",18,18,0,2,2,18
"KXNFLPASSYDS","KXNFLPASSYDS-25DEC21ATLARI","ATL at ARI (Dec 21)","2025-12-21","2025-12","2025_16_ATL_ARI","REG","2025-12-21T21:05:00Z",FALSE,"historical",18,18,0,2,2,18
"KXNFLPASSYDS","KXNFLPASSYDS-25DEC21TBCAR","TB at CAR (Dec 21)","2025-12-21","2025-12","2025_16_TB_CAR","REG","2025-12-21T18:00:00Z",FALSE,"historical",18,18,0,2,2,18
"KXNFLPASSYDS","KXNFLPASSYDS-25DEC21NYJNO","NYJ at NO (Dec 21)","2025-12-21","2025-12","2025_16_NYJ_NO","REG","2025-12-21T18:00:00Z",FALSE,"historical",18,18,0,2,2,18
"KXNFLPASSYDS","KXNFLPASSYDS-25DEC21MINNYG","MIN at NYG (Dec 21)","2025-12-21","2025-12","2025_16_MIN_NYG","REG","2025-12-21T18:00:00Z",FALSE,"historical",18,18,0,2,2,18
"KXNFLPASSYDS","KXNFLPASSYDS-25DEC21LACDAL","LAC at DAL (Dec 21)","2025-12-21","2025-12","2025_16_LAC_DAL","REG","2025-12-21T18:00:00Z",FALSE,"historical",18,18,0,2,2,18
"KXNFLPASSYDS","KXNFLPASSYDS-25DEC21KCTEN","KC at TEN (Dec 21)","2025-12-21","2025-12","2025_16_KC_TEN","REG","2025-12-21T18:00:00Z",FALSE,"historical",18,18,0,2,2,18
"KXNFLPASSYDS","KXNFLPASSYDS-25DEC21CINMIA","CIN at MIA (Dec 21)","2025-12-21","2025-12","2025_16_CIN_MIA","REG","2025-12-21T18:00:00Z",FALSE,"historical",18,18,0,2,2,18
"KXNFLPASSYDS","KXNFLPASSYDS-25DEC21BUFCLE","BUF at CLE (Dec 21)","2025-12-21","2025-12","2025_16_BUF_CLE","REG","2025-12-21T18:00:00Z",FALSE,"historical",18,18,0,2,2,18
"KXNFLPASSYDS","KXNFLPASSYDS-25DEC20GBCHI","GB at CHI (Dec 20)","2025-12-20","2025-12","2025_16_GB_CHI","REG","2025-12-21T01:20:00Z",FALSE,"historical",18,18,0,2,2,18
"KXNFLPASSYDS","KXNFLPASSYDS-25DEC20PHIWAS","PHI at WAS (Dec 20)","2025-12-20","2025-12","2025_16_PHI_WAS","REG","2025-12-20T22:00:00Z",FALSE,"historical",18,18,0,2,2,18
"KXNFLPASSYDS","KXNFLPASSYDS-25DEC18LASEA","LA at SEA (Dec 18)","2025-12-18","2025-12","2025_16_LA_SEA","REG","2025-12-19T01:15:00Z",FALSE,"historical",18,18,0,2,2,18
"KXNFLPASSYDS","KXNFLPASSYDS-25DEC15MIAPIT","MIA at PIT (Dec 15)","2025-12-15","2025-12","2025_15_MIA_PIT","REG","2025-12-16T01:15:00Z",FALSE,"historical",17,17,0,2,2,17
"KXNFLPASSYDS","KXNFLPASSYDS-25DEC14MINDAL","MIN at DAL (Dec 14)","2025-12-14","2025-12","2025_15_MIN_DAL","REG","2025-12-15T01:20:00Z",FALSE,"historical",18,18,0,2,2,18
"KXNFLPASSYDS","KXNFLPASSYDS-25DEC14TENSF","TEN at SF (Dec 14)","2025-12-14","2025-12","2025_15_TEN_SF","REG","2025-12-14T21:25:00Z",FALSE,"historical",18,18,0,2,2,16
"KXNFLPASSYDS","KXNFLPASSYDS-25DEC14INDSEA","IND at SEA (Dec 14)","2025-12-14","2025-12","2025_15_IND_SEA","REG","2025-12-14T21:25:00Z",FALSE,"historical",9,9,0,1,1,9
"KXNFLPASSYDS","KXNFLPASSYDS-25DEC14GBDEN","GB at DEN (Dec 14)","2025-12-14","2025-12","2025_15_GB_DEN","REG","2025-12-14T21:25:00Z",FALSE,"historical",18,18,0,2,2,18
"KXNFLPASSYDS","KXNFLPASSYDS-25DEC14DETLA","DET at LA (Dec 14)","2025-12-14","2025-12","2025_15_DET_LA","REG","2025-12-14T21:25:00Z",FALSE,"historical",18,18,0,2,2,18
"KXNFLPASSYDS","KXNFLPASSYDS-25DEC14CARNO","CAR at NO (Dec 14)","2025-12-14","2025-12","2025_15_CAR_NO","REG","2025-12-14T21:25:00Z",FALSE,"historical",18,18,0,2,2,14
"KXNFLPASSYDS","KXNFLPASSYDS-25DEC14WASNYG","WAS at NYG (Dec 14)","2025-12-14","2025-12","2025_15_WAS_NYG","REG","2025-12-14T18:00:00Z",FALSE,"historical",18,18,0,2,2,18
"KXNFLPASSYDS","KXNFLPASSYDS-25DEC14NYJJAC","NYJ at JAC (Dec 14)","2025-12-14","2025-12","2025_15_NYJ_JAX","REG","2025-12-14T18:00:00Z",FALSE,"historical",9,9,0,1,1,9
"KXNFLPASSYDS","KXNFLPASSYDS-25DEC14LVPHI","LV at PHI (Dec 14)","2025-12-14","2025-12","2025_15_LV_PHI","REG","2025-12-14T18:00:00Z",FALSE,"historical",9,9,0,1,1,9
"KXNFLPASSYDS","KXNFLPASSYDS-25DEC14LACKC","LAC at KC (Dec 14)","2025-12-14","2025-12","2025_15_LAC_KC","REG","2025-12-14T18:00:00Z",FALSE,"historical",18,18,0,2,2,18
"KXNFLPASSYDS","KXNFLPASSYDS-25DEC14CLECHI","CLE at CHI (Dec 14)","2025-12-14","2025-12","2025_15_CLE_CHI","REG","2025-12-14T18:00:00Z",FALSE,"historical",18,18,0,2,2,18
"KXNFLPASSYDS","KXNFLPASSYDS-25DEC14BUFNE","BUF at NE (Dec 14)","2025-12-14","2025-12","2025_15_BUF_NE","REG","2025-12-14T18:00:00Z",FALSE,"historical",18,18,0,2,2,18
"KXNFLPASSYDS","KXNFLPASSYDS-25DEC14BALCIN","BAL at CIN (Dec 14)","2025-12-14","2025-12","2025_15_BAL_CIN","REG","2025-12-14T18:00:00Z",TRUE,"historical",18,18,0,2,2,18
"KXNFLPASSYDS","KXNFLPASSYDS-25DEC14ARIHOU","ARI at HOU (Dec 14)","2025-12-14","2025-12","2025_15_ARI_HOU","REG","2025-12-14T18:00:00Z",FALSE,"historical",17,17,0,2,2,17
"KXNFLPASSYDS","KXNFLPASSYDS-25DEC11ATLTB","ATL at TB (Dec 11)","2025-12-11","2025-12","2025_15_ATL_TB","REG","2025-12-12T01:15:00Z",FALSE,"historical",18,18,0,2,2,18
"KXNFLPASSYDS","KXNFLPASSYDS-25DEC08PHILAC","PHI at LAC (Dec 8)","2025-12-08","2025-12","2025_14_PHI_LAC","REG","2025-12-09T01:15:00Z",FALSE,"historical",9,9,0,1,1,9
"KXNFLPASSYDS","KXNFLPASSYDS-25DEC07HOUKC","HOU at KC (Dec 7)","2025-12-07","2025-12","2025_14_HOU_KC","REG","2025-12-08T01:20:00Z",FALSE,"historical",18,18,0,2,2,18
"KXNFLPASSYDS","KXNFLPASSYDS-25DEC07LAARI","LA at ARI (Dec 7)","2025-12-07","2025-12","2025_14_LA_ARI","REG","2025-12-07T21:25:00Z",FALSE,"historical",18,18,0,2,2,18
"KXNFLPASSYDS","KXNFLPASSYDS-25DEC07CHIGB","CHI at GB (Dec 7)","2025-12-07","2025-12","2025_14_CHI_GB","REG","2025-12-07T21:25:00Z",FALSE,"historical",18,18,0,2,2,17
"KXNFLPASSYDS","KXNFLPASSYDS-25DEC07DENLV","DEN at LV (Dec 7)","2025-12-07","2025-12","2025_14_DEN_LV","REG","2025-12-07T21:05:00Z",FALSE,"historical",18,18,0,2,2,18
"KXNFLPASSYDS","KXNFLPASSYDS-25DEC07WASMIN","WAS at MIN (Dec 7)","2025-12-07","2025-12","2025_14_WAS_MIN","REG","2025-12-07T18:00:00Z",FALSE,"historical",18,18,0,2,2,16
"KXNFLPASSYDS","KXNFLPASSYDS-25DEC07TENCLE","TEN at CLE (Dec 7)","2025-12-07","2025-12","2025_14_TEN_CLE","REG","2025-12-07T18:00:00Z",FALSE,"historical",18,18,0,2,2,15
"KXNFLPASSYDS","KXNFLPASSYDS-25DEC07SEAATL","SEA at ATL (Dec 7)","2025-12-07","2025-12","2025_14_SEA_ATL","REG","2025-12-07T18:00:00Z",FALSE,"historical",18,18,0,2,2,17
"KXNFLPASSYDS","KXNFLPASSYDS-25DEC07PITBAL","PIT at BAL (Dec 7)","2025-12-07","2025-12","2025_14_PIT_BAL","REG","2025-12-07T18:00:00Z",FALSE,"historical",18,18,0,2,2,14
"KXNFLPASSYDS","KXNFLPASSYDS-25DEC07NOTB","NO at TB (Dec 7)","2025-12-07","2025-12","2025_14_NO_TB","REG","2025-12-07T18:00:00Z",TRUE,"historical",18,18,0,2,2,14
"KXNFLPASSYDS","KXNFLPASSYDS-25DEC07MIANYJ","MIA at NYJ (Dec 7)","2025-12-07","2025-12","2025_14_MIA_NYJ","REG","2025-12-07T18:00:00Z",FALSE,"historical",18,18,0,2,2,16
"KXNFLPASSYDS","KXNFLPASSYDS-25DEC07INDJAC","IND at JAC (Dec 7)","2025-12-07","2025-12","2025_14_IND_JAX","REG","2025-12-07T18:00:00Z",FALSE,"historical",18,18,0,2,2,16
"KXNFLPASSYDS","KXNFLPASSYDS-25DEC07CINBUF","CIN at BUF (Dec 7)","2025-12-07","2025-12","2025_14_CIN_BUF","REG","2025-12-07T18:00:00Z",FALSE,"historical",18,18,0,2,2,17
"KXNFLPASSYDS","KXNFLPASSYDS-25DEC04DALDET","DAL at DET (Dec 4)","2025-12-04","2025-12","2025_14_DAL_DET","REG","2025-12-05T01:15:00Z",FALSE,"historical",18,18,0,2,2,18
"KXNFLPASSYDS","KXNFLPASSYDS-25DEC01NYGNE","NYG at NE (Dec 1)","2025-12-01","2025-12","2025_13_NYG_NE","REG","2025-12-02T01:15:00Z",TRUE,"historical",18,18,0,2,2,18
"KXNFLPASSYDS","KXNFLPASSYDS-25NOV30DENWAS","DEN at WAS (Nov 30)","2025-11-30","2025-11","2025_13_DEN_WAS","REG","2025-12-01T01:20:00Z",FALSE,"historical",18,18,0,2,2,18
"KXNFLPASSYDS","KXNFLPASSYDS-25NOV30LVLAC","LV at LAC (Nov 30)","2025-11-30","2025-11","2025_13_LV_LAC","REG","2025-11-30T21:25:00Z",FALSE,"historical",18,18,0,2,2,18
"KXNFLPASSYDS","KXNFLPASSYDS-25NOV30BUFPIT","BUF at PIT (Nov 30)","2025-11-30","2025-11","2025_13_BUF_PIT","REG","2025-11-30T21:25:00Z",TRUE,"historical",18,18,0,2,2,18
"KXNFLPASSYDS","KXNFLPASSYDS-25NOV30MINSEA","MIN at SEA (Nov 30)","2025-11-30","2025-11","2025_13_MIN_SEA","REG","2025-11-30T21:05:00Z",FALSE,"historical",9,9,0,1,1,9
"KXNFLPASSYDS","KXNFLPASSYDS-25NOV30SFCLE","SF at CLE (Nov 30)","2025-11-30","2025-11","2025_13_SF_CLE","REG","2025-11-30T18:00:00Z",FALSE,"historical",18,18,0,2,2,18
"KXNFLPASSYDS","KXNFLPASSYDS-25NOV30NOMIA","NO at MIA (Nov 30)","2025-11-30","2025-11","2025_13_NO_MIA","REG","2025-11-30T18:00:00Z",FALSE,"historical",18,18,0,2,2,18
"KXNFLPASSYDS","KXNFLPASSYDS-25NOV30LACAR","LA at CAR (Nov 30)","2025-11-30","2025-11","2025_13_LA_CAR","REG","2025-11-30T18:00:00Z",FALSE,"historical",18,18,0,2,2,18
"KXNFLPASSYDS","KXNFLPASSYDS-25NOV30JACTEN","JAC at TEN (Nov 30)","2025-11-30","2025-11","2025_13_JAX_TEN","REG","2025-11-30T18:00:00Z",FALSE,"historical",17,17,0,2,2,16
"KXNFLPASSYDS","KXNFLPASSYDS-25NOV30HOUIND","HOU at IND (Nov 30)","2025-11-30","2025-11","2025_13_HOU_IND","REG","2025-11-30T18:00:00Z",FALSE,"historical",18,18,0,2,2,18
"KXNFLPASSYDS","KXNFLPASSYDS-25NOV30ATLNYJ","ATL at NYJ (Nov 30)","2025-11-30","2025-11","2025_13_ATL_NYJ","REG","2025-11-30T18:00:00Z",FALSE,"historical",18,18,0,2,2,18
"KXNFLPASSYDS","KXNFLPASSYDS-25NOV30ARITB","ARI at TB (Nov 30)","2025-11-30","2025-11","2025_13_ARI_TB","REG","2025-11-30T18:00:00Z",FALSE,"historical",9,9,0,1,1,9
"KXNFLPASSYDS","KXNFLPASSYDS-25NOV28CHIPHI","CHI at PHI (Nov 28)","2025-11-28","2025-11","2025_13_CHI_PHI","REG","2025-11-28T20:00:00Z",FALSE,"historical",18,18,0,2,2,18
"KXNFLPASSYDS","KXNFLPASSYDS-25NOV27CINBAL","CIN at BAL (Nov 27)","2025-11-27","2025-11","2025_13_CIN_BAL","REG","2025-11-28T01:20:00Z",FALSE,"historical",18,18,0,2,2,18
"KXNFLPASSYDS","KXNFLPASSYDS-25NOV27KCDAL","KC at DAL (Nov 27)","2025-11-27","2025-11","2025_13_KC_DAL","REG","2025-11-27T21:30:00Z",FALSE,"historical",18,18,0,2,2,18
"KXNFLPASSYDS","KXNFLPASSYDS-25NOV27GBDET","GB at DET (Nov 27)","2025-11-27","2025-11","2025_13_GB_DET","REG","2025-11-27T18:00:00Z",FALSE,"historical",18,18,0,2,2,18
"KXNFLPASSYDS","KXNFLPASSYDS-25NOV24CARSF","CAR at SF (Nov 24)","2025-11-24","2025-11","2025_12_CAR_SF","REG","2025-11-25T01:15:00Z",FALSE,"historical",18,18,0,2,2,18
"KXNFLPASSYDS","KXNFLPASSYDS-25NOV23TBLA","TB at LA (Nov 23)","2025-11-23","2025-11","2025_12_TB_LA","REG","2025-11-24T01:20:00Z",FALSE,"historical",18,18,0,2,2,18
"KXNFLPASSYDS","KXNFLPASSYDS-25NOV23PHIDAL","PHI at DAL (Nov 23)","2025-11-23","2025-11","2025_12_PHI_DAL","REG","2025-11-23T21:25:00Z",FALSE,"historical",18,18,0,2,2,18
"KXNFLPASSYDS","KXNFLPASSYDS-25NOV23ATLNO","ATL at NO (Nov 23)","2025-11-23","2025-11","2025_12_ATL_NO","REG","2025-11-23T21:25:00Z",FALSE,"historical",17,17,0,2,2,17
"KXNFLPASSYDS","KXNFLPASSYDS-25NOV23JACARI","JAC at ARI (Nov 23)","2025-11-23","2025-11","2025_12_JAX_ARI","REG","2025-11-23T21:05:00Z",FALSE,"historical",18,18,0,2,2,18
"KXNFLPASSYDS","KXNFLPASSYDS-25NOV23CLELV","CLE at LV (Nov 23)","2025-11-23","2025-11","2025_12_CLE_LV","REG","2025-11-23T21:05:00Z",FALSE,"historical",18,18,0,2,2,18
"KXNFLPASSYDS","KXNFLPASSYDS-25NOV23SEATEN","SEA at TEN (Nov 23)","2025-11-23","2025-11","2025_12_SEA_TEN","REG","2025-11-23T18:00:00Z",FALSE,"historical",18,18,0,2,2,18
"KXNFLPASSYDS","KXNFLPASSYDS-25NOV23PITCHI","PIT at CHI (Nov 23)","2025-11-23","2025-11","2025_12_PIT_CHI","REG","2025-11-23T18:00:00Z",FALSE,"historical",18,18,0,2,2,15
"KXNFLPASSYDS","KXNFLPASSYDS-25NOV23NYJBAL","NYJ at BAL (Nov 23)","2025-11-23","2025-11","2025_12_NYJ_BAL","REG","2025-11-23T18:00:00Z",FALSE,"historical",18,18,0,2,2,18
"KXNFLPASSYDS","KXNFLPASSYDS-25NOV23NYGDET","NYG at DET (Nov 23)","2025-11-23","2025-11","2025_12_NYG_DET","REG","2025-11-23T18:00:00Z",TRUE,"historical",18,18,0,2,2,18
"KXNFLPASSYDS","KXNFLPASSYDS-25NOV23NECIN","NE at CIN (Nov 23)","2025-11-23","2025-11","2025_12_NE_CIN","REG","2025-11-23T18:00:00Z",FALSE,"historical",18,18,0,2,2,17
"KXNFLPASSYDS","KXNFLPASSYDS-25NOV23MINGB","MIN at GB (Nov 23)","2025-11-23","2025-11","2025_12_MIN_GB","REG","2025-11-23T18:00:00Z",FALSE,"historical",18,18,0,2,2,18
"KXNFLPASSYDS","KXNFLPASSYDS-25NOV23INDKC","IND at KC (Nov 23)","2025-11-23","2025-11","2025_12_IND_KC","REG","2025-11-23T18:00:00Z",FALSE,"historical",18,18,0,2,2,18
"KXNFLPASSYDS","KXNFLPASSYDS-25NOV20BUFHOU","BUF at HOU (Nov 20)","2025-11-20","2025-11","2025_12_BUF_HOU","REG","2025-11-21T01:15:00Z",FALSE,"historical",17,17,0,2,2,17
"KXNFLPASSYDS","KXNFLPASSYDS-25NOV17DALLV","DAL at LV (Nov 17)","2025-11-17","2025-11","2025_11_DAL_LV","REG","2025-11-18T01:15:00Z",FALSE,"historical",18,18,0,2,2,18
"KXNFLPASSYDS","KXNFLPASSYDS-25NOV16DETPHI","DET at PHI (Nov 16)","2025-11-16","2025-11","2025_11_DET_PHI","REG","2025-11-17T01:20:00Z",FALSE,"historical",18,18,0,2,2,18
"KXNFLPASSYDS","KXNFLPASSYDS-25NOV16KCDEN","KC at DEN (Nov 16)","2025-11-16","2025-11","2025_11_KC_DEN","REG","2025-11-16T21:25:00Z",FALSE,"historical",18,18,0,2,2,18
"KXNFLPASSYDS","KXNFLPASSYDS-25NOV16BALCLE","BAL at CLE (Nov 16)","2025-11-16","2025-11","2025_11_BAL_CLE","REG","2025-11-16T21:25:00Z",FALSE,"historical",17,17,0,2,2,17
"KXNFLPASSYDS","KXNFLPASSYDS-25NOV16SFARI","SF at ARI (Nov 16)","2025-11-16","2025-11","2025_11_SF_ARI","REG","2025-11-16T21:05:00Z",FALSE,"historical",18,18,0,2,2,18
"KXNFLPASSYDS","KXNFLPASSYDS-25NOV16SEALA","SEA at LA (Nov 16)","2025-11-16","2025-11","2025_11_SEA_LA","REG","2025-11-16T21:05:00Z",FALSE,"historical",18,18,0,2,2,18
"KXNFLPASSYDS","KXNFLPASSYDS-25NOV16TBBUF","TB at BUF (Nov 16)","2025-11-16","2025-11","2025_11_TB_BUF","REG","2025-11-16T18:00:00Z",FALSE,"historical",18,18,0,2,2,18
"KXNFLPASSYDS","KXNFLPASSYDS-25NOV16LACJAC","LAC at JAC (Nov 16)","2025-11-16","2025-11","2025_11_LAC_JAX","REG","2025-11-16T18:00:00Z",FALSE,"historical",18,18,0,2,2,18
"KXNFLPASSYDS","KXNFLPASSYDS-25NOV16HOUTEN","HOU at TEN (Nov 16)","2025-11-16","2025-11","2025_11_HOU_TEN","REG","2025-11-16T18:00:00Z",TRUE,"historical",18,18,0,2,2,18
"KXNFLPASSYDS","KXNFLPASSYDS-25NOV16GBNYG","GB at NYG (Nov 16)","2025-11-16","2025-11","2025_11_GB_NYG","REG","2025-11-16T18:00:00Z",FALSE,"historical",18,18,0,2,2,18
"KXNFLPASSYDS","KXNFLPASSYDS-25NOV16CINPIT","CIN at PIT (Nov 16)","2025-11-16","2025-11","2025_11_CIN_PIT","REG","2025-11-16T18:00:00Z",FALSE,"historical",18,18,0,2,2,18
"KXNFLPASSYDS","KXNFLPASSYDS-25NOV16CHIMIN","CHI at MIN (Nov 16)","2025-11-16","2025-11","2025_11_CHI_MIN","REG","2025-11-16T18:00:00Z",FALSE,"historical",18,18,0,2,2,18
"KXNFLPASSYDS","KXNFLPASSYDS-25NOV16CARATL","CAR at ATL (Nov 16)","2025-11-16","2025-11","2025_11_CAR_ATL","REG","2025-11-16T18:00:00Z",FALSE,"historical",18,18,0,2,2,18
"KXNFLPASSYDS","KXNFLPASSYDS-25NOV16WASMIA","WAS at MIA (Nov 16)","2025-11-16","2025-11","2025_11_WAS_MIA","REG","2025-11-16T14:30:00Z",FALSE,"historical",18,18,0,2,2,18
"KXNFLPASSYDS","KXNFLPASSYDS-25NOV13NYJNE","NYJ at NE (Nov 13)","2025-11-13","2025-11","2025_11_NYJ_NE","REG","2025-11-14T01:15:00Z",FALSE,"historical",14,14,0,2,2,14
"KXNFLPASSYDS","KXNFLPASSYDS-25NOV10PHIGB","PHI at GB (Nov 10)","2025-11-10","2025-11","2025_10_PHI_GB","REG","2025-11-11T01:15:00Z",FALSE,"historical",14,14,0,2,2,14
"KXNFLPASSYDS","KXNFLPASSYDS-25NOV09PITLAC","PIT at LAC (Nov 9)","2025-11-09","2025-11","2025_10_PIT_LAC","REG","2025-11-10T01:20:00Z",FALSE,"historical",14,14,0,2,2,14
"KXNFLPASSYDS","KXNFLPASSYDS-25NOV09LASF","LA at SF (Nov 9)","2025-11-09","2025-11","2025_10_LA_SF","REG","2025-11-09T21:25:00Z",FALSE,"historical",14,14,0,2,2,14
"KXNFLPASSYDS","KXNFLPASSYDS-25NOV09DETWAS","DET at WAS (Nov 9)","2025-11-09","2025-11","2025_10_DET_WAS","REG","2025-11-09T21:25:00Z",FALSE,"historical",14,14,0,2,2,14
"KXNFLPASSYDS","KXNFLPASSYDS-25NOV09ARISEA","ARI at SEA (Nov 9)","2025-11-09","2025-11","2025_10_ARI_SEA","REG","2025-11-09T21:05:00Z",FALSE,"historical",7,7,0,1,1,7
"KXNFLPASSYDS","KXNFLPASSYDS-25NOV09NYGCHI","NYG at CHI (Nov 9)","2025-11-09","2025-11","2025_10_NYG_CHI","REG","2025-11-09T18:00:00Z",FALSE,"historical",14,14,0,2,2,14
"KXNFLPASSYDS","KXNFLPASSYDS-25NOV09NOCAR","NO at CAR (Nov 9)","2025-11-09","2025-11","2025_10_NO_CAR","REG","2025-11-09T18:00:00Z",FALSE,"historical",14,14,0,2,2,13
"KXNFLPASSYDS","KXNFLPASSYDS-25NOV09NETB","NE at TB (Nov 9)","2025-11-09","2025-11","2025_10_NE_TB","REG","2025-11-09T18:00:00Z",FALSE,"historical",14,14,0,2,2,14
"KXNFLPASSYDS","KXNFLPASSYDS-25NOV09JACHOU","JAC at HOU (Nov 9)","2025-11-09","2025-11","2025_10_JAX_HOU","REG","2025-11-09T18:00:00Z",FALSE,"historical",14,14,0,2,2,14
"KXNFLPASSYDS","KXNFLPASSYDS-25NOV09CLENYJ","CLE at NYJ (Nov 9)","2025-11-09","2025-11","2025_10_CLE_NYJ","REG","2025-11-09T18:00:00Z",FALSE,"historical",14,14,0,2,2,12
"KXNFLPASSYDS","KXNFLPASSYDS-25NOV09BUFMIA","BUF at MIA (Nov 9)","2025-11-09","2025-11","2025_10_BUF_MIA","REG","2025-11-09T18:00:00Z",FALSE,"historical",14,14,0,2,2,14
"KXNFLPASSYDS","KXNFLPASSYDS-25NOV09BALMIN","BAL at MIN (Nov 9)","2025-11-09","2025-11","2025_10_BAL_MIN","REG","2025-11-09T18:00:00Z",FALSE,"historical",14,14,0,2,2,14
"KXNFLPASSYDS","KXNFLPASSYDS-25NOV09ATLIND","ATL at IND (Nov 9)","2025-11-09","2025-11","2025_10_ATL_IND","REG","2025-11-09T14:30:00Z",FALSE,"historical",14,14,0,2,2,14
"KXNFLPASSYDS","KXNFLPASSYDS-25NOV06LVDEN","LV at DEN (Nov 6)","2025-11-06","2025-11","2025_10_LV_DEN","REG","2025-11-07T01:15:00Z",FALSE,"historical",14,14,0,2,2,14
"KXNFLPASSYDS","KXNFLPASSYDS-25NOV03ARIDAL","ARI at DAL (Nov 3)","2025-11-03","2025-11","2025_09_ARI_DAL","REG","2025-11-04T01:15:00Z",FALSE,"historical",14,14,0,2,2,14
"KXNFLPASSYDS","KXNFLPASSYDS-25NOV02SEAWAS","SEA at WAS (Nov 2)","2025-11-02","2025-11","2025_09_SEA_WAS","REG","2025-11-03T01:20:00Z",FALSE,"historical",14,14,0,2,2,13
"KXNFLPASSYDS","KXNFLPASSYDS-25NOV02KCBUF","KC at BUF (Nov 2)","2025-11-02","2025-11","2025_09_KC_BUF","REG","2025-11-02T21:25:00Z",FALSE,"historical",14,14,0,2,2,14
"KXNFLPASSYDS","KXNFLPASSYDS-25NOV02NOLA","NO at LA (Nov 2)","2025-11-02","2025-11","2025_09_NO_LA","REG","2025-11-02T21:05:00Z",FALSE,"historical",14,14,0,2,2,11
"KXNFLPASSYDS","KXNFLPASSYDS-25NOV02JACLV","JAC at LV (Nov 2)","2025-11-02","2025-11","2025_09_JAX_LV","REG","2025-11-02T21:05:00Z",FALSE,"historical",14,14,0,2,2,13
"KXNFLPASSYDS","KXNFLPASSYDS-25NOV02SFNYG","SF at NYG (Nov 2)","2025-11-02","2025-11","2025_09_SF_NYG","REG","2025-11-02T18:00:00Z",FALSE,"historical",14,14,0,2,2,11
"KXNFLPASSYDS","KXNFLPASSYDS-25NOV02MINDET","MIN at DET (Nov 2)","2025-11-02","2025-11","2025_09_MIN_DET","REG","2025-11-02T18:00:00Z",FALSE,"historical",14,14,0,2,2,12
"KXNFLPASSYDS","KXNFLPASSYDS-25NOV02LACTEN","LAC at TEN (Nov 2)","2025-11-02","2025-11","2025_09_LAC_TEN","REG","2025-11-02T18:00:00Z",FALSE,"historical",14,14,0,2,2,11
"KXNFLPASSYDS","KXNFLPASSYDS-25NOV02INDPIT","IND at PIT (Nov 2)","2025-11-02","2025-11","2025_09_IND_PIT","REG","2025-11-02T18:00:00Z",FALSE,"historical",14,14,0,2,2,14
"KXNFLPASSYDS","KXNFLPASSYDS-25NOV02DENHOU","DEN at HOU (Nov 2)","2025-11-02","2025-11","2025_09_DEN_HOU","REG","2025-11-02T18:00:00Z",FALSE,"historical",14,14,0,2,2,13
"KXNFLPASSYDS","KXNFLPASSYDS-25NOV02CHICIN","CHI at CIN (Nov 2)","2025-11-02","2025-11","2025_09_CHI_CIN","REG","2025-11-02T18:00:00Z",FALSE,"historical",14,14,0,2,2,14
"KXNFLPASSYDS","KXNFLPASSYDS-25NOV02CARGB","CAR at GB (Nov 2)","2025-11-02","2025-11","2025_09_CAR_GB","REG","2025-11-02T18:00:00Z",FALSE,"historical",14,14,0,2,2,10
"KXNFLPASSYDS","KXNFLPASSYDS-25NOV02ATLNE","ATL at NE (Nov 2)","2025-11-02","2025-11","2025_09_ATL_NE","REG","2025-11-02T18:00:00Z",FALSE,"historical",14,14,0,2,2,14
"KXNFLPASSYDS","KXNFLPASSYDS-25OCT30BALMIA","BAL at MIA (Oct 30)","2025-10-30","2025-10","2025_09_BAL_MIA","REG","2025-10-31T00:15:00Z",FALSE,"historical",14,14,0,2,2,14
"KXNFLPASSYDS","KXNFLPASSYDS-25OCT27WASKC","WAS at KC (Oct 27)","2025-10-27","2025-10","2025_08_WAS_KC","REG","2025-10-28T00:15:00Z",FALSE,"historical",14,14,0,2,2,14
"KXNFLPASSYDS","KXNFLPASSYDS-25OCT26GBPIT","GB at PIT (Oct 26)","2025-10-26","2025-10","2025_08_GB_PIT","REG","2025-10-27T00:20:00Z",FALSE,"historical",14,14,0,2,2,14
"KXNFLPASSYDS","KXNFLPASSYDS-25OCT26TENIND","TEN at IND (Oct 26)","2025-10-26","2025-10","2025_08_TEN_IND","REG","2025-10-26T20:25:00Z",FALSE,"historical",14,14,0,2,2,12
"KXNFLPASSYDS","KXNFLPASSYDS-25OCT26DALDEN","DAL at DEN (Oct 26)","2025-10-26","2025-10","2025_08_DAL_DEN","REG","2025-10-26T20:25:00Z",FALSE,"historical",14,14,0,2,2,14
"KXNFLPASSYDS","KXNFLPASSYDS-25OCT26TBNO","TB at NO (Oct 26)","2025-10-26","2025-10","2025_08_TB_NO","REG","2025-10-26T20:05:00Z",FALSE,"historical",14,14,0,2,2,12
"KXNFLPASSYDS","KXNFLPASSYDS-25OCT26SFHOU","SF at HOU (Oct 26)","2025-10-26","2025-10","2025_08_SF_HOU","REG","2025-10-26T17:00:00Z",FALSE,"historical",14,14,0,2,2,12
"KXNFLPASSYDS","KXNFLPASSYDS-25OCT26NYJCIN","NYJ at CIN (Oct 26)","2025-10-26","2025-10","2025_08_NYJ_CIN","REG","2025-10-26T17:00:00Z",FALSE,"historical",14,7,7,2,1,8
"KXNFLPASSYDS","KXNFLPASSYDS-25OCT26NYGPHI","NYG at PHI (Oct 26)","2025-10-26","2025-10","2025_08_NYG_PHI","REG","2025-10-26T17:00:00Z",FALSE,"historical",14,14,0,2,2,14
"KXNFLPASSYDS","KXNFLPASSYDS-25OCT26MIAATL","MIA at ATL (Oct 26)","2025-10-26","2025-10","2025_08_MIA_ATL","REG","2025-10-26T17:00:00Z",FALSE,"historical",7,7,0,1,1,6
"KXNFLPASSYDS","KXNFLPASSYDS-25OCT26CLENE","CLE at NE (Oct 26)","2025-10-26","2025-10","2025_08_CLE_NE","REG","2025-10-26T17:00:00Z",FALSE,"historical",14,14,0,2,2,9
"KXNFLPASSYDS","KXNFLPASSYDS-25OCT26CHIBAL","CHI at BAL (Oct 26)","2025-10-26","2025-10","2025_08_CHI_BAL","REG","2025-10-26T17:00:00Z",FALSE,"historical",14,7,7,2,1,8
"KXNFLPASSYDS","KXNFLPASSYDS-25OCT26BUFCAR","BUF at CAR (Oct 26)","2025-10-26","2025-10","2025_08_BUF_CAR","REG","2025-10-26T17:00:00Z",TRUE,"historical",14,14,0,2,2,11
"KXNFLPASSYDS","KXNFLPASSYDS-25OCT23MINLAC","MIN at LAC (Oct 23)","2025-10-23","2025-10","2025_08_MIN_LAC","REG","2025-10-24T00:15:00Z",FALSE,"historical",14,14,0,2,2,14
"KXNFLPASSYDS","KXNFLPASSYDS-25OCT20HOUSEA","HOU at SEA (Oct 20)","2025-10-20","2025-10","2025_07_HOU_SEA","REG","2025-10-21T02:00:00Z",FALSE,"historical",14,14,0,2,2,14
"KXNFLPASSYDS","KXNFLPASSYDS-25OCT20TBDET","TB at DET (Oct 20)","2025-10-20","2025-10","2025_07_TB_DET","REG","2025-10-20T23:00:00Z",FALSE,"historical",14,14,0,2,2,14
"KXNFLPASSYDS","KXNFLPASSYDS-25OCT19ATLSF","ATL at SF (Oct 19)","2025-10-19","2025-10","2025_07_ATL_SF","REG","2025-10-20T00:20:00Z",TRUE,"historical",14,14,0,2,2,12
"KXNFLPASSYDS","KXNFLPASSYDS-25OCT19WASDAL","WAS at DAL (Oct 19)","2025-10-19","2025-10","2025_07_WAS_DAL","REG","2025-10-19T20:25:00Z",FALSE,"historical",14,14,0,2,2,14
"KXNFLPASSYDS","KXNFLPASSYDS-25OCT19GBARI","GB at ARI (Oct 19)","2025-10-19","2025-10","2025_07_GB_ARI","REG","2025-10-19T20:25:00Z",FALSE,"historical",14,14,0,2,2,12
"KXNFLPASSYDS","KXNFLPASSYDS-25OCT19NYGDEN","NYG at DEN (Oct 19)","2025-10-19","2025-10","2025_07_NYG_DEN","REG","2025-10-19T20:05:00Z",FALSE,"historical",14,14,0,2,2,13
"KXNFLPASSYDS","KXNFLPASSYDS-25OCT19INDLAC","IND at LAC (Oct 19)","2025-10-19","2025-10","2025_07_IND_LAC","REG","2025-10-19T20:05:00Z",FALSE,"historical",14,14,0,2,2,13
"KXNFLPASSYDS","KXNFLPASSYDS-25OCT19PHIMIN","PHI at MIN (Oct 19)","2025-10-19","2025-10","2025_07_PHI_MIN","REG","2025-10-19T17:00:00Z",FALSE,"historical",14,14,0,2,2,13
"KXNFLPASSYDS","KXNFLPASSYDS-25OCT19NOCHI","NO at CHI (Oct 19)","2025-10-19","2025-10","2025_07_NO_CHI","REG","2025-10-19T17:00:00Z",TRUE,"historical",14,14,0,2,2,11
"KXNFLPASSYDS","KXNFLPASSYDS-25OCT19NETEN","NE at TEN (Oct 19)","2025-10-19","2025-10","2025_07_NE_TEN","REG","2025-10-19T17:00:00Z",FALSE,"historical",14,14,0,2,2,13
"KXNFLPASSYDS","KXNFLPASSYDS-25OCT19MIACLE","MIA at CLE (Oct 19)","2025-10-19","2025-10","2025_07_MIA_CLE","REG","2025-10-19T17:00:00Z",FALSE,"historical",14,14,0,2,2,12
"KXNFLPASSYDS","KXNFLPASSYDS-25OCT19LVKC","LV at KC (Oct 19)","2025-10-19","2025-10","2025_07_LV_KC","REG","2025-10-19T17:00:00Z",FALSE,"historical",14,14,0,2,2,13
"KXNFLPASSYDS","KXNFLPASSYDS-25OCT19CARNYJ","CAR at NYJ (Oct 19)","2025-10-19","2025-10","2025_07_CAR_NYJ","REG","2025-10-19T17:00:00Z",FALSE,"historical",14,14,0,2,2,11
"KXNFLPASSYDS","KXNFLPASSYDS-25OCT19LAJAC","LA at JAC (Oct 19)","2025-10-19","2025-10","2025_07_LA_JAX","REG","2025-10-19T13:30:00Z",FALSE,"historical",14,14,0,2,2,14
"KXNFLPASSYDS","KXNFLPASSYDS-25OCT16PITCIN","PIT at CIN (Oct 16)","2025-10-16","2025-10","2025_07_PIT_CIN","REG","2025-10-17T00:15:00Z",FALSE,"historical",14,14,0,2,2,14
"KXNFLPASSYDS","KXNFLPASSYDS-25OCT13CHIWAS","CHI at WAS (Oct 13)","2025-10-13","2025-10","2025_06_CHI_WAS","REG","2025-10-14T00:15:00Z",FALSE,"historical",21,14,7,3,2,14
"KXNFLPASSYDS","KXNFLPASSYDS-25OCT13BUFATL","BUF at ATL (Oct 13)","2025-10-13","2025-10","2025_06_BUF_ATL","REG","2025-10-13T23:15:00Z",FALSE,"historical",14,14,0,2,2,14
"KXNFLPASSYDS","KXNFLPASSYDS-25OCT12DETKC","DET at KC (Oct 12)","2025-10-12","2025-10","2025_06_DET_KC","REG","2025-10-13T00:20:00Z",FALSE,"historical",14,14,0,2,2,14
"KXNFLPASSYDS","KXNFLPASSYDS-25OCT12SFTB","SF at TB (Oct 12)","2025-10-12","2025-10","2025_06_SF_TB","REG","2025-10-12T20:25:00Z",FALSE,"historical",14,7,7,2,1,9
"KXNFLPASSYDS","KXNFLPASSYDS-25OCT12CINGB","CIN at GB (Oct 12)","2025-10-12","2025-10","2025_06_CIN_GB","REG","2025-10-12T20:25:00Z",FALSE,"historical",14,14,0,2,2,14
"KXNFLPASSYDS","KXNFLPASSYDS-25OCT12TENLV","TEN at LV (Oct 12)","2025-10-12","2025-10","2025_06_TEN_LV","REG","2025-10-12T20:05:00Z",FALSE,"historical",14,14,0,2,2,11
"KXNFLPASSYDS","KXNFLPASSYDS-25OCT12SEAJAC","SEA at JAC (Oct 12)","2025-10-12","2025-10","2025_06_SEA_JAX","REG","2025-10-12T17:00:00Z",FALSE,"historical",14,14,0,2,2,14
"KXNFLPASSYDS","KXNFLPASSYDS-25OCT12NENO","NE at NO (Oct 12)","2025-10-12","2025-10","2025_06_NE_NO","REG","2025-10-12T17:00:00Z",FALSE,"historical",14,14,0,2,2,9
"KXNFLPASSYDS","KXNFLPASSYDS-25OCT12LACMIA","LAC at MIA (Oct 12)","2025-10-12","2025-10","2025_06_LAC_MIA","REG","2025-10-12T17:00:00Z",FALSE,"historical",14,14,0,2,2,11
"KXNFLPASSYDS","KXNFLPASSYDS-25OCT12LABAL","LA at BAL (Oct 12)","2025-10-12","2025-10","2025_06_LA_BAL","REG","2025-10-12T17:00:00Z",FALSE,"historical",14,14,0,2,2,9
"KXNFLPASSYDS","KXNFLPASSYDS-25OCT12DALCAR","DAL at CAR (Oct 12)","2025-10-12","2025-10","2025_06_DAL_CAR","REG","2025-10-12T17:00:00Z",FALSE,"historical",14,14,0,2,2,13
"KXNFLPASSYDS","KXNFLPASSYDS-25OCT12CLEPIT","CLE at PIT (Oct 12)","2025-10-12","2025-10","2025_06_CLE_PIT","REG","2025-10-12T17:00:00Z",FALSE,"historical",14,14,0,2,2,12
"KXNFLPASSYDS","KXNFLPASSYDS-25OCT12ARIIND","ARI at IND (Oct 12)","2025-10-12","2025-10","2025_06_ARI_IND","REG","2025-10-12T17:00:00Z",FALSE,"historical",25,18,7,3,2,12
"KXNFLPASSYDS","KXNFLPASSYDS-25OCT12DENNYJ","DEN at NYJ (Oct 12)","2025-10-12","2025-10","2025_06_DEN_NYJ","REG","2025-10-12T13:30:00Z",FALSE,"historical",14,14,0,2,2,12
"KXNFLPASSYDS","KXNFLPASSYDS-25OCT09PHINYG","PHI at NYG (Oct 9)","2025-10-09","2025-10","2025_06_PHI_NYG","REG","2025-10-10T00:15:00Z",FALSE,"historical",14,14,0,2,2,14
"KXNFLPASSYDS","KXNFLPASSYDS-25OCT06KCJAC","KC at JAC (Oct 6)","2025-10-06","2025-10","2025_05_KC_JAX","REG","2025-10-07T00:15:00Z",FALSE,"historical",14,14,0,2,2,14
"KXNFLREC","KXNFLREC-26SEP28PHICHI","PHI vs CHI (Sep 28)","2026-09-28","2026-09","2026_03_PHI_CHI","REG","2026-09-29T00:15:00Z",FALSE,"live",92,92,0,14,14,90
"KXNFLREC","KXNFLREC-26SEP27LARDEN","LAR vs DEN (Sep 27)","2026-09-27","2026-09","2026_03_LA_DEN","REG","2026-09-28T00:20:00Z",FALSE,"live",71,71,0,10,10,71
"KXNFLREC","KXNFLREC-26SEP27LVNO","LV vs NO (Sep 27)","2026-09-27","2026-09","2026_03_LV_NO","REG","2026-09-27T20:25:00Z",FALSE,"live",86,86,0,12,12,81
"KXNFLREC","KXNFLREC-26SEP27BALDAL","BAL vs DAL (Sep 27)","2026-09-27","2026-09","2026_03_BAL_DAL","REG","2026-09-27T20:25:00Z",FALSE,"live",92,92,0,12,12,86
"KXNFLREC","KXNFLREC-26SEP27MINTB","MIN vs TB (Sep 27)","2026-09-27","2026-09","2026_03_MIN_TB","REG","2026-09-27T20:05:00Z",FALSE,"live",89,89,0,13,13,85
"KXNFLREC","KXNFLREC-26SEP27ARISF","ARI vs SF (Sep 27)","2026-09-27","2026-09","2026_03_ARI_SF","REG","2026-09-27T20:05:00Z",FALSE,"live",73,73,0,9,9,72
"KXNFLREC","KXNFLREC-26SEP27TENNYG","TEN vs NYG (Sep 27)","2026-09-27","2026-09","2026_03_TEN_NYG","REG","2026-09-27T17:00:00Z",FALSE,"live",82,78,4,13,12,79
"KXNFLREC","KXNFLREC-26SEP27SEAWAS","SEA vs WAS (Sep 27)","2026-09-27","2026-09","2026_03_SEA_WAS","REG","2026-09-27T17:00:00Z",FALSE,"live",77,77,0,12,12,72
"KXNFLREC","KXNFLREC-26SEP27NYJDET","NYJ vs DET (Sep 27)","2026-09-27","2026-09","2026_03_NYJ_DET","REG","2026-09-27T17:00:00Z",FALSE,"live",87,79,8,11,10,84
"KXNFLREC","KXNFLREC-26SEP27NEJAC","NE vs JAC (Sep 27)","2026-09-27","2026-09","2026_03_NE_JAX","REG","2026-09-27T17:00:00Z",FALSE,"live",86,86,0,13,13,83
"KXNFLREC","KXNFLREC-26SEP27LACBUF","LAC vs BUF (Sep 27)","2026-09-27","2026-09","2026_03_LAC_BUF","REG","2026-09-27T17:00:00Z",FALSE,"live",75,75,0,10,10,72
"KXNFLREC","KXNFLREC-26SEP27KCMIA","KC vs MIA (Sep 27)","2026-09-27","2026-09","2026_03_KC_MIA","REG","2026-09-27T17:00:00Z",FALSE,"live",76,76,0,11,11,74
"KXNFLREC","KXNFLREC-26SEP27HOUIND","HOU vs IND (Sep 27)","2026-09-27","2026-09","2026_03_HOU_IND","REG","2026-09-27T17:00:00Z",FALSE,"live",88,85,3,13,12,87
"KXNFLREC","KXNFLREC-26SEP27CINPIT","CIN vs PIT (Sep 27)","2026-09-27","2026-09","2026_03_CIN_PIT","REG","2026-09-27T17:00:00Z",TRUE,"live",91,91,0,13,13,88
"KXNFLREC","KXNFLREC-26SEP27CARCLE","CAR vs CLE (Sep 27)","2026-09-27","2026-09","2026_03_CAR_CLE","REG","2026-09-27T17:00:00Z",FALSE,"live",80,76,4,12,11,77
"KXNFLREC","KXNFLREC-26SEP24ATLGB","ATL vs GB (Sep 24)","2026-09-24","2026-09","2026_03_ATL_GB","REG","2026-09-25T00:15:00Z",FALSE,"live",89,89,0,13,13,88
"KXNFLREC","KXNFLREC-26SEP21NYGLAR","NYG vs LAR (Sep 21)","2026-09-21","2026-09","2026_02_NYG_LA","REG","2026-09-22T00:15:00Z",FALSE,"live",95,95,0,15,15,94
"KXNFLREC","KXNFLREC-26SEP20INDKC","IND vs KC (Sep 20)","2026-09-20","2026-09","2026_02_IND_KC","REG","2026-09-21T00:20:00Z",FALSE,"live",84,84,0,11,11,83
"KXNFLREC","KXNFLREC-26SEP20WASDAL","WAS vs DAL (Sep 20)","2026-09-20","2026-09","2026_02_WAS_DAL","REG","2026-09-20T20:25:00Z",FALSE,"live",78,78,0,10,10,73
"KXNFLREC","KXNFLREC-26SEP20SEAARI","SEA vs ARI (Sep 20)","2026-09-20","2026-09","2026_02_SEA_ARI","REG","2026-09-20T20:25:00Z",FALSE,"live",74,74,0,10,10,68
"KXNFLREC","KXNFLREC-26SEP20MIASF","MIA vs SF (Sep 20)","2026-09-20","2026-09","2026_02_MIA_SF","REG","2026-09-20T20:25:00Z",TRUE,"live",75,75,0,10,10,67
"KXNFLREC","KXNFLREC-26SEP20LVLAC","LV vs LAC (Sep 20)","2026-09-20","2026-09","2026_02_LV_LAC","REG","2026-09-20T20:05:00Z",FALSE,"live",82,82,0,10,10,74
"KXNFLREC","KXNFLREC-26SEP20JACDEN","JAC vs DEN (Sep 20)","2026-09-20","2026-09","2026_02_JAX_DEN","REG","2026-09-20T20:05:00Z",FALSE,"live",64,64,0,10,10,58
"KXNFLREC","KXNFLREC-26SEP20PITNE","PIT vs NE (Sep 20)","2026-09-20","2026-09","2026_02_PIT_NE","REG","2026-09-20T17:00:00Z",FALSE,"live",87,87,0,13,13,85
"KXNFLREC","KXNFLREC-26SEP20PHITEN","PHI vs TEN (Sep 20)","2026-09-20","2026-09","2026_02_PHI_TEN","REG","2026-09-20T17:00:00Z",FALSE,"live",80,80,0,11,11,75
"KXNFLREC","KXNFLREC-26SEP20NOBAL","NO vs BAL (Sep 20)","2026-09-20","2026-09","2026_02_NO_BAL","REG","2026-09-20T17:00:00Z",FALSE,"live",80,80,0,11,11,71
"KXNFLREC","KXNFLREC-26SEP20MINCHI","MIN vs CHI (Sep 20)","2026-09-20","2026-09","2026_02_MIN_CHI","REG","2026-09-20T17:00:00Z",FALSE,"live",93,87,6,13,12,82
"KXNFLREC","KXNFLREC-26SEP20GBNYJ","GB vs NYJ (Sep 20)","2026-09-20","2026-09","2026_02_GB_NYJ","REG","2026-09-20T17:00:00Z",FALSE,"live",90,90,0,13,13,83
"KXNFLREC","KXNFLREC-26SEP20CLETB","CLE vs TB (Sep 20)","2026-09-20","2026-09","2026_02_CLE_TB","REG","2026-09-20T17:00:00Z",FALSE,"live",60,60,0,10,10,54
"KXNFLREC","KXNFLREC-26SEP20CINHOU","CIN vs HOU (Sep 20)","2026-09-20","2026-09","2026_02_CIN_HOU","REG","2026-09-20T17:00:00Z",FALSE,"live",87,87,0,14,14,81
"KXNFLREC","KXNFLREC-26SEP20CARATL","CAR vs ATL (Sep 20)","2026-09-20","2026-09","2026_02_CAR_ATL","REG","2026-09-20T17:00:00Z",TRUE,"live",85,85,0,12,12,73
"KXNFLREC","KXNFLREC-26SEP17DETBUF","DET vs BUF (Sep 17)","2026-09-17","2026-09","2026_02_DET_BUF","REG","2026-09-18T00:15:00Z",FALSE,"live",100,100,0,13,13,97
"KXNFLREC","KXNFLREC-26SEP14DENKC","DEN vs KC (Sep 14)","2026-09-14","2026-09","2026_01_DEN_KC","REG","2026-09-15T00:15:00Z",FALSE,"live",93,93,0,15,15,92
"KXNFLREC","KXNFLREC-26SEP13DALNYG","DAL vs NYG (Sep 13)","2026-09-13","2026-09","2026_01_DAL_NYG","REG","2026-09-14T00:20:00Z",FALSE,"live",82,82,0,13,13,78
"KXNFLREC","KXNFLREC-26SEP13WASPHI","WAS vs PHI (Sep 13)","2026-09-13","2026-09","2026_01_WAS_PHI","REG","2026-09-13T20:25:00Z",FALSE,"live",72,69,3,11,10,62
"KXNFLREC","KXNFLREC-26SEP13MIALV","MIA vs LV (Sep 13)","2026-09-13","2026-09","2026_01_MIA_LV","REG","2026-09-13T20:25:00Z",FALSE,"live",76,62,14,12,10,70
"KXNFLREC","KXNFLREC-26SEP13GBMIN","GB vs MIN (Sep 13)","2026-09-13","2026-09","2026_01_GB_MIN","REG","2026-09-13T20:25:00Z",FALSE,"live",80,80,0,11,11,70
"KXNFLREC","KXNFLREC-26SEP13ARILAC","ARI vs LAC (Sep 13)","2026-09-13","2026-09","2026_01_ARI_LAC","REG","2026-09-13T20:25:00Z",FALSE,"live",64,64,0,9,9,62
"KXNFLREC","KXNFLREC-26SEP13TBCIN","TB vs CIN (Sep 13)","2026-09-13","2026-09","2026_01_TB_CIN","REG","2026-09-13T17:00:00Z",FALSE,"live",74,74,0,12,12,70
"KXNFLREC","KXNFLREC-26SEP13NYJTEN","NYJ vs TEN (Sep 13)","2026-09-13","2026-09","2026_01_NYJ_TEN","REG","2026-09-13T17:00:00Z",FALSE,"live",75,75,0,12,12,69
"KXNFLREC","KXNFLREC-26SEP13NODET","NO vs DET (Sep 13)","2026-09-13","2026-09","2026_01_NO_DET","REG","2026-09-13T17:00:00Z",FALSE,"live",73,73,0,9,9,68
"KXNFLREC","KXNFLREC-26SEP13CLEJAC","CLE vs JAC (Sep 13)","2026-09-13","2026-09","2026_01_CLE_JAX","REG","2026-09-13T17:00:00Z",FALSE,"live",63,63,0,9,9,59
"KXNFLREC","KXNFLREC-26SEP13CHICAR","CHI vs CAR (Sep 13)","2026-09-13","2026-09","2026_01_CHI_CAR","REG","2026-09-13T17:00:00Z",FALSE,"live",86,86,0,14,14,83
"KXNFLREC","KXNFLREC-26SEP13BUFHOU","BUF vs HOU (Sep 13)","2026-09-13","2026-09","2026_01_BUF_HOU","REG","2026-09-13T17:00:00Z",FALSE,"live",78,78,0,14,14,74
"KXNFLREC","KXNFLREC-26SEP13BALIND","BAL vs IND (Sep 13)","2026-09-13","2026-09","2026_01_BAL_IND","REG","2026-09-13T17:00:00Z",FALSE,"live",76,76,0,11,11,72
"KXNFLREC","KXNFLREC-26SEP13ATLPIT","ATL vs PIT (Sep 13)","2026-09-13","2026-09","2026_01_ATL_PIT","REG","2026-09-13T17:00:00Z",FALSE,"live",78,78,0,11,11,70
"KXNFLREC","KXNFLREC-26SEP10SFLAR","SF vs LAR (Sep 10)","2026-09-10","2026-09","2026_01_SF_LA","REG","2026-09-11T00:35:00Z",FALSE,"live",100,100,0,16,16,97
"KXNFLREC","KXNFLREC-26SEP09NESEA","NE vs SEA (Sep 9)","2026-09-09","2026-09","2026_01_NE_SEA","REG","2026-09-10T00:20:00Z",FALSE,"live",87,87,0,13,13,86
"KXNFLREC","KXNFLREC-26FEB08SEANE","SEA at NE (Feb 8)","2026-02-08","2026-02","2025_22_SEA_NE","SB","2026-02-08T23:30:00Z",TRUE,"historical",70,70,0,14,14,70
"KXNFLREC","KXNFLREC-26JAN25LASEA","LA at SEA (Jan 25)","2026-01-25","2026-01","2025_21_LA_SEA","CON","2026-01-25T23:30:00Z",FALSE,"historical",55,55,0,11,11,55
"KXNFLREC","KXNFLREC-26JAN25NEDEN","NE at DEN (Jan 25)","2026-01-25","2026-01","2025_21_NE_DEN","CON","2026-01-25T20:00:00Z",FALSE,"historical",75,75,0,15,15,52
"KXNFLREC","KXNFLREC-26JAN18HOUNE","HOU at NE (Jan 18)","2026-01-18","2026-01","2025_20_HOU_NE","DIV","2026-01-18T20:00:00Z",FALSE,"historical",70,70,0,14,14,69
"KXNFLREC","KXNFLREC-26JAN18LACHI","LA at CHI (Jan 18)","2026-01-18","2026-01","2025_20_LA_CHI","DIV","2026-01-18T23:30:00Z",FALSE,"historical",55,55,0,11,11,55
"KXNFLREC","KXNFLREC-26JAN17SFSEA","SF at SEA (Jan 17)","2026-01-17","2026-01","2025_20_SF_SEA","DIV","2026-01-18T01:00:00Z",FALSE,"historical",45,45,0,9,9,44
"KXNFLREC","KXNFLREC-26JAN17BUFDEN","BUF at DEN (Jan 17)","2026-01-17","2026-01","2025_20_BUF_DEN","DIV","2026-01-17T21:30:00Z",FALSE,"historical",65,65,0,13,13,65
"KXNFLREC","KXNFLREC-26JAN12HOUPIT","HOU at PIT (Jan 12)","2026-01-12","2026-01","2025_19_HOU_PIT","WC","2026-01-13T01:00:00Z",FALSE,"historical",54,54,0,13,13,54
"KXNFLREC","KXNFLREC-26JAN11LACNE","LAC at NE (Jan 11)","2026-01-11","2026-01","2025_19_LAC_NE","WC","2026-01-12T01:00:00Z",FALSE,"historical",49,49,0,12,12,48
"KXNFLREC","KXNFLREC-26JAN11SFPHI","SF at PHI (Jan 11)","2026-01-11","2026-01","2025_19_SF_PHI","WC","2026-01-11T21:30:00Z",FALSE,"historical",33,33,0,8,8,33
"KXNFLREC","KXNFLREC-26JAN11BUFJAC","BUF at JAC (Jan 11)","2026-01-11","2026-01","2025_19_BUF_JAX","WC","2026-01-11T18:00:00Z",FALSE,"historical",40,40,0,10,10,40
"KXNFLREC","KXNFLREC-26JAN10GBCHI","GB at CHI (Jan 10)","2026-01-10","2026-01","2025_19_GB_CHI","WC","2026-01-11T01:00:00Z",FALSE,"historical",55,55,0,13,13,55
"KXNFLREC","KXNFLREC-26JAN10LACAR","LA at CAR (Jan 10)","2026-01-10","2026-01","2025_19_LA_CAR","WC","2026-01-10T21:30:00Z",TRUE,"historical",46,46,0,11,11,43
"KXNFLREC","KXNFLREC-26JAN04BALPIT","BAL at PIT (Jan 4)","2026-01-04","2026-01","2025_18_BAL_PIT","REG","2026-01-05T01:20:00Z",FALSE,"historical",44,44,0,11,11,44
"KXNFLREC","KXNFLREC-26JAN04MIANE","MIA at NE (Jan 4)","2026-01-04","2026-01","2025_18_MIA_NE","REG","2026-01-04T21:25:00Z",FALSE,"historical",20,20,0,5,5,17
"KXNFLREC","KXNFLREC-26JAN04LACDEN","LAC at DEN (Jan 4)","2026-01-04","2026-01","2025_18_LAC_DEN","REG","2026-01-04T21:25:00Z",FALSE,"historical",16,16,0,4,4,14
"KXNFLREC","KXNFLREC-26JAN04DETCHI","DET at CHI (Jan 4)","2026-01-04","2026-01","2025_18_DET_CHI","REG","2026-01-04T21:25:00Z",FALSE,"historical",32,32,0,8,8,26
"KXNFLREC","KXNFLREC-26JAN04ARILA","ARI at LA (Jan 4)","2026-01-04","2026-01","2025_18_ARI_LA","REG","2026-01-04T21:25:00Z",FALSE,"historical",12,12,0,3,3,11
"KXNFLREC","KXNFLREC-26JAN04TENJAC","TEN at JAC (Jan 4)","2026-01-04","2026-01","2025_18_TEN_JAX","REG","2026-01-04T18:00:00Z",FALSE,"historical",32,32,0,8,8,22
"KXNFLREC","KXNFLREC-26JAN04NOATL","NO at ATL (Jan 4)","2026-01-04","2026-01","2025_18_NO_ATL","REG","2026-01-04T18:00:00Z",FALSE,"historical",16,16,0,4,4,12
"KXNFLREC","KXNFLREC-26JAN04INDHOU","IND at HOU (Jan 4)","2026-01-04","2026-01","2025_18_IND_HOU","REG","2026-01-04T18:00:00Z",FALSE,"historical",16,12,4,4,3,10
"KXNFLREC","KXNFLREC-26JAN04GBMIN","GB at MIN (Jan 4)","2026-01-04","2026-01","2025_18_GB_MIN","REG","2026-01-04T18:00:00Z",TRUE,"historical",8,8,0,2,2,8
"KXNFLREC","KXNFLREC-26JAN04CLECIN","CLE at CIN (Jan 4)","2026-01-04","2026-01","2025_18_CLE_CIN","REG","2026-01-04T18:00:00Z",FALSE,"historical",28,28,0,7,7,21
"KXNFLREC","KXNFLREC-26JAN03SEASF","SEA at SF (Jan 3)","2026-01-03","2026-01","2025_18_SEA_SF","REG","2026-01-04T01:00:00Z",TRUE,"historical",32,32,0,8,8,30
"KXNFLREC","KXNFLREC-26JAN03CARTB","CAR at TB (Jan 3)","2026-01-03","2026-01","2025_18_CAR_TB","REG","2026-01-03T21:30:00Z",FALSE,"historical",52,52,0,13,13,47
"KXNFLREC","KXNFLREC-25DEC29LAATL","LA at ATL (Dec 29)","2025-12-29","2025-12","2025_17_LA_ATL","REG","2025-12-30T01:15:00Z",FALSE,"historical",43,43,0,9,9,40
"KXNFLREC","KXNFLREC-25DEC28CHISF","CHI at SF (Dec 28)","2025-12-28","2025-12","2025_17_CHI_SF","REG","2025-12-29T01:20:00Z",FALSE,"historical",40,35,5,8,7,35
"KXNFLREC","KXNFLREC-25DEC28PHIBUF","PHI at BUF (Dec 28)","2025-12-28","2025-12","2025_17_PHI_BUF","REG","2025-12-28T21:25:00Z",FALSE,"historical",35,35,0,7,7,29
"KXNFLREC","KXNFLREC-25DEC28NYGLV","NYG at LV (Dec 28)","2025-12-28","2025-12","2025_17_NYG_LV","REG","2025-12-28T21:05:00Z",FALSE,"historical",40,35,5,8,7,27
"KXNFLREC","KXNFLREC-25DEC28TBMIA","TB at MIA (Dec 28)","2025-12-28","2025-12","2025_17_TB_MIA","REG","2025-12-28T18:00:00Z",FALSE,"historical",60,60,0,12,12,32
"KXNFLREC","KXNFLREC-25DEC28SEACAR","SEA at CAR (Dec 28)","2025-12-28","2025-12","2025_17_SEA_CAR","REG","2025-12-28T18:00:00Z",FALSE,"historical",55,55,0,11,11,38
"KXNFLREC","KXNFLREC-25DEC28PITCLE","PIT at CLE (Dec 28)","2025-12-28","2025-12","2025_17_PIT_CLE","REG","2025-12-28T18:00:00Z",FALSE,"historical",35,35,0,7,7,24
"KXNFLREC","KXNFLREC-25DEC28NOTEN","NO at TEN (Dec 28)","2025-12-28","2025-12","2025_17_NO_TEN","REG","2025-12-28T18:00:00Z",FALSE,"historical",35,35,0,7,7,22
"KXNFLREC","KXNFLREC-25DEC28NENYJ","NE at NYJ (Dec 28)","2025-12-28","2025-12","2025_17_NE_NYJ","REG","2025-12-28T18:00:00Z",FALSE,"historical",45,45,0,9,9,31
"KXNFLREC","KXNFLREC-25DEC28JACIND","JAC at IND (Dec 28)","2025-12-28","2025-12","2025_17_JAX_IND","REG","2025-12-28T18:00:00Z",FALSE,"historical",50,50,0,10,10,35
"KXNFLREC","KXNFLREC-25DEC28ARICIN","ARI at CIN (Dec 28)","2025-12-28","2025-12","2025_17_ARI_CIN","REG","2025-12-28T18:00:00Z",FALSE,"historical",50,50,0,10,10,37
"KXNFLREC","KXNFLREC-25DEC27BALGB","BAL at GB (Dec 27)","2025-12-27","2025-12","2025_17_BAL_GB","REG","2025-12-28T01:00:00Z",FALSE,"historical",60,60,0,12,12,43
"KXNFLREC","KXNFLREC-25DEC27HOULAC","HOU at LAC (Dec 27)","2025-12-27","2025-12","2025_17_HOU_LAC","REG","2025-12-27T21:30:00Z",FALSE,"historical",60,60,0,12,12,51
"KXNFLREC","KXNFLREC-25DEC25DENKC","DEN at KC (Dec 25)","2025-12-25","2025-12","2025_17_DEN_KC","REG","2025-12-26T01:15:00Z",FALSE,"historical",60,60,0,12,12,49
"KXNFLREC","KXNFLREC-25DEC25DETMIN","DET at MIN (Dec 25)","2025-12-25","2025-12","2025_17_DET_MIN","REG","2025-12-25T21:30:00Z",FALSE,"historical",45,45,0,9,9,37
"KXNFLREC","KXNFLREC-25DEC25DALWAS","DAL at WAS (Dec 25)","2025-12-25","2025-12","2025_17_DAL_WAS","REG","2025-12-25T18:00:00Z",FALSE,"historical",50,50,0,10,10,41
"KXNFLREC","KXNFLREC-25DEC22SFIND","SF at IND (Dec 22)","2025-12-22","2025-12","2025_16_SF_IND","REG","2025-12-23T01:15:00Z",FALSE,"historical",50,50,0,10,10,48
"KXNFLREC","KXNFLREC-25DEC21NEBAL","NE at BAL (Dec 21)","2025-12-21","2025-12","2025_16_NE_BAL","REG","2025-12-22T01:20:00Z",FALSE,"historical",70,70,0,14,14,55
"KXNFLREC","KXNFLREC-25DEC21PITDET","PIT at DET (Dec 21)","2025-12-21","2025-12","2025_16_PIT_DET","REG","2025-12-21T21:25:00Z",FALSE,"historical",60,60,0,12,12,47
"KXNFLREC","KXNFLREC-25DEC21LVHOU","LV at HOU (Dec 21)","2025-12-21","2025-12","2025_16_LV_HOU","REG","2025-12-21T21:25:00Z",FALSE,"historical",45,45,0,9,9,24
"KXNFLREC","KXNFLREC-25DEC21JACDEN","JAC at DEN (Dec 21)","2025-12-21","2025-12","2025_16_JAX_DEN","REG","2025-12-21T21:05:00Z",FALSE,"historical",60,60,0,12,12,41
"KXNFLREC","KXNFLREC-25DEC21ATLARI","ATL at ARI (Dec 21)","2025-12-21","2025-12","2025_16_ATL_ARI","REG","2025-12-21T21:05:00Z",FALSE,"historical",35,35,0,7,7,24
"KXNFLREC","KXNFLREC-25DEC21TBCAR","TB at CAR (Dec 21)","2025-12-21","2025-12","2025_16_TB_CAR","REG","2025-12-21T18:00:00Z",FALSE,"historical",60,60,0,12,12,20
"KXNFLREC","KXNFLREC-25DEC21NYJNO","NYJ at NO (Dec 21)","2025-12-21","2025-12","2025_16_NYJ_NO","REG","2025-12-21T18:00:00Z",FALSE,"historical",30,30,0,6,6,10
"KXNFLREC","KXNFLREC-25DEC21MINNYG","MIN at NYG (Dec 21)","2025-12-21","2025-12","2025_16_MIN_NYG","REG","2025-12-21T18:00:00Z",FALSE,"historical",45,45,0,9,9,26
"KXNFLREC","KXNFLREC-25DEC21LACDAL","LAC at DAL (Dec 21)","2025-12-21","2025-12","2025_16_LAC_DAL","REG","2025-12-21T18:00:00Z",FALSE,"historical",50,50,0,10,10,34
"KXNFLREC","KXNFLREC-25DEC21KCTEN","KC at TEN (Dec 21)","2025-12-21","2025-12","2025_16_KC_TEN","REG","2025-12-21T18:00:00Z",FALSE,"historical",55,55,0,11,11,24
"KXNFLREC","KXNFLREC-25DEC21CINMIA","CIN at MIA (Dec 21)","2025-12-21","2025-12","2025_16_CIN_MIA","REG","2025-12-21T18:00:00Z",FALSE,"historical",50,50,0,10,10,29
"KXNFLREC","KXNFLREC-25DEC21BUFCLE","BUF at CLE (Dec 21)","2025-12-21","2025-12","2025_16_BUF_CLE","REG","2025-12-21T18:00:00Z",FALSE,"historical",60,55,5,12,11,35
"KXNFLREC","KXNFLREC-25DEC20GBCHI","GB at CHI (Dec 20)","2025-12-20","2025-12","2025_16_GB_CHI","REG","2025-12-21T01:20:00Z",FALSE,"historical",30,30,0,6,6,28
"KXNFLREC","KXNFLREC-25DEC20PHIWAS","PHI at WAS (Dec 20)","2025-12-20","2025-12","2025_16_PHI_WAS","REG","2025-12-20T22:00:00Z",FALSE,"historical",55,55,0,11,11,45
"KXNFLREC","KXNFLREC-25DEC18LASEA","LA at SEA (Dec 18)","2025-12-18","2025-12","2025_16_LA_SEA","REG","2025-12-19T01:15:00Z",FALSE,"historical",50,50,0,10,10,49
"KXNFLREC","KXNFLREC-25DEC15MIAPIT","MIA at PIT (Dec 15)","2025-12-15","2025-12","2025_15_MIA_PIT","REG","2025-12-16T01:15:00Z",FALSE,"historical",65,65,0,13,13,58
"KXNFLREC","KXNFLREC-25DEC14MINDAL","MIN at DAL (Dec 14)","2025-12-14","2025-12","2025_15_MIN_DAL","REG","2025-12-15T01:20:00Z",TRUE,"historical",45,45,0,9,9,40
"KXNFLREC","KXNFLREC-25DEC14TENSF","TEN at SF (Dec 14)","2025-12-14","2025-12","2025_15_TEN_SF","REG","2025-12-14T21:25:00Z",FALSE,"historical",55,55,0,11,11,34
"KXNFLREC","KXNFLREC-25DEC14INDSEA","IND at SEA (Dec 14)","2025-12-14","2025-12","2025_15_IND_SEA","REG","2025-12-14T21:25:00Z",FALSE,"historical",50,50,0,10,10,36
"KXNFLREC","KXNFLREC-25DEC14GBDEN","GB at DEN (Dec 14)","2025-12-14","2025-12","2025_15_GB_DEN","REG","2025-12-14T21:25:00Z",FALSE,"historical",40,40,0,8,8,26
"KXNFLREC","KXNFLREC-25DEC14DETLA","DET at LA (Dec 14)","2025-12-14","2025-12","2025_15_DET_LA","REG","2025-12-14T21:25:00Z",FALSE,"historical",35,35,0,7,7,26
"KXNFLREC","KXNFLREC-25DEC14CARNO","CAR at NO (Dec 14)","2025-12-14","2025-12","2025_15_CAR_NO","REG","2025-12-14T21:25:00Z",FALSE,"historical",50,50,0,10,10,28
"KXNFLREC","KXNFLREC-25DEC14WASNYG","WAS at NYG (Dec 14)","2025-12-14","2025-12","2025_15_WAS_NYG","REG","2025-12-14T18:00:00Z",FALSE,"historical",40,40,0,8,8,27
"KXNFLREC","KXNFLREC-25DEC14NYJJAC","NYJ at JAC (Dec 14)","2025-12-14","2025-12","2025_15_NYJ_JAX","REG","2025-12-14T18:00:00Z",FALSE,"historical",30,30,0,6,6,24
"KXNFLREC","KXNFLREC-25DEC14LVPHI","LV at PHI (Dec 14)","2025-12-14","2025-12","2025_15_LV_PHI","REG","2025-12-14T18:00:00Z",FALSE,"historical",45,45,0,9,9,30
"KXNFLREC","KXNFLREC-25DEC14LACKC","LAC at KC (Dec 14)","2025-12-14","2025-12","2025_15_LAC_KC","REG","2025-12-14T18:00:00Z",FALSE,"historical",55,50,5,11,10,29
"KXNFLREC","KXNFLREC-25DEC14CLECHI","CLE at CHI (Dec 14)","2025-12-14","2025-12","2025_15_CLE_CHI","REG","2025-12-14T18:00:00Z",FALSE,"historical",50,50,0,10,10,34
"KXNFLREC","KXNFLREC-25DEC14BUFNE","BUF at NE (Dec 14)","2025-12-14","2025-12","2025_15_BUF_NE","REG","2025-12-14T18:00:00Z",FALSE,"historical",60,60,0,12,12,45
"KXNFLREC","KXNFLREC-25DEC14BALCIN","BAL at CIN (Dec 14)","2025-12-14","2025-12","2025_15_BAL_CIN","REG","2025-12-14T18:00:00Z",FALSE,"historical",45,45,0,9,9,26
"KXNFLREC","KXNFLREC-25DEC14ARIHOU","ARI at HOU (Dec 14)","2025-12-14","2025-12","2025_15_ARI_HOU","REG","2025-12-14T18:00:00Z",TRUE,"historical",35,35,0,7,7,23
"KXNFLREC","KXNFLREC-25DEC11ATLTB","ATL at TB (Dec 11)","2025-12-11","2025-12","2025_15_ATL_TB","REG","2025-12-12T01:15:00Z",FALSE,"historical",45,45,0,9,9,30
"KXNFLREC","KXNFLREC-25DEC08PHILAC","PHI at LAC (Dec 8)","2025-12-08","2025-12","2025_14_PHI_LAC","REG","2025-12-09T01:15:00Z",FALSE,"historical",50,50,0,10,10,47
"KXNFLREC","KXNFLREC-25DEC07HOUKC","HOU at KC (Dec 7)","2025-12-07","2025-12","2025_14_HOU_KC","REG","2025-12-08T01:20:00Z",FALSE,"historical",70,70,0,14,14,55
"KXNFLREC","KXNFLREC-25DEC07LAARI","LA at ARI (Dec 7)","2025-12-07","2025-12","2025_14_LA_ARI","REG","2025-12-07T21:25:00Z",FALSE,"historical",40,40,0,8,8,25
"KXNFLREC","KXNFLREC-25DEC07CHIGB","CHI at GB (Dec 7)","2025-12-07","2025-12","2025_14_CHI_GB","REG","2025-12-07T21:25:00Z",FALSE,"historical",50,50,0,10,10,35
"KXNFLREC","KXNFLREC-25DEC07DENLV","DEN at LV (Dec 7)","2025-12-07","2025-12","2025_14_DEN_LV","REG","2025-12-07T21:05:00Z",FALSE,"historical",50,50,0,10,10,34
"KXNFLREC","KXNFLREC-25DEC07WASMIN","WAS at MIN (Dec 7)","2025-12-07","2025-12","2025_14_WAS_MIN","REG","2025-12-07T18:00:00Z",FALSE,"historical",45,45,0,9,9,15
"KXNFLREC","KXNFLREC-25DEC07TENCLE","TEN at CLE (Dec 7)","2025-12-07","2025-12","2025_14_TEN_CLE","REG","2025-12-07T18:00:00Z",FALSE,"historical",60,60,0,12,12,15
"KXNFLREC","KXNFLREC-25DEC07SEAATL","SEA at ATL (Dec 7)","2025-12-07","2025-12","2025_14_SEA_ATL","REG","2025-12-07T18:00:00Z",TRUE,"historical",50,50,0,10,10,31
"KXNFLREC","KXNFLREC-25DEC07PITBAL","PIT at BAL (Dec 7)","2025-12-07","2025-12","2025_14_PIT_BAL","REG","2025-12-07T18:00:00Z",FALSE,"historical",65,65,0,13,13,18
"KXNFLREC","KXNFLREC-25DEC07NOTB","NO at TB (Dec 7)","2025-12-07","2025-12","2025_14_NO_TB","REG","2025-12-07T18:00:00Z",FALSE,"historical",50,50,0,10,10,18
"KXNFLREC","KXNFLREC-25DEC07MIANYJ","MIA at NYJ (Dec 7)","2025-12-07","2025-12","2025_14_MIA_NYJ","REG","2025-12-07T18:00:00Z",FALSE,"historical",40,40,0,8,8,8
"KXNFLREC","KXNFLREC-25DEC07INDJAC","IND at JAC (Dec 7)","2025-12-07","2025-12","2025_14_IND_JAX","REG","2025-12-07T18:00:00Z",FALSE,"historical",45,45,0,9,9,20
"KXNFLREC","KXNFLREC-25DEC07CINBUF","CIN at BUF (Dec 7)","2025-12-07","2025-12","2025_14_CIN_BUF","REG","2025-12-07T18:00:00Z",FALSE,"historical",45,45,0,9,9,30
"KXNFLREC","KXNFLREC-25DEC04DALDET","DAL at DET (Dec 4)","2025-12-04","2025-12","2025_14_DAL_DET","REG","2025-12-05T01:15:00Z",FALSE,"historical",65,65,0,13,13,51
"KXNFLREC","KXNFLREC-25DEC01NYGNE","NYG at NE (Dec 1)","2025-12-01","2025-12","2025_13_NYG_NE","REG","2025-12-02T01:15:00Z",FALSE,"historical",55,55,0,11,11,50
"KXNFLREC","KXNFLREC-25NOV30DENWAS","DEN at WAS (Nov 30)","2025-11-30","2025-11","2025_13_DEN_WAS","REG","2025-12-01T01:20:00Z",FALSE,"historical",45,45,0,9,9,45
"KXNFLREC","KXNFLREC-25NOV30LVLAC","LV at LAC (Nov 30)","2025-11-30","2025-11","2025_13_LV_LAC","REG","2025-11-30T21:25:00Z",FALSE,"historical",45,45,0,9,9,39
"KXNFLREC","KXNFLREC-25NOV30BUFPIT","BUF at PIT (Nov 30)","2025-11-30","2025-11","2025_13_BUF_PIT","REG","2025-11-30T21:25:00Z",FALSE,"historical",45,45,0,9,9,38
"KXNFLREC","KXNFLREC-25NOV30MINSEA","MIN at SEA (Nov 30)","2025-11-30","2025-11","2025_13_MIN_SEA","REG","2025-11-30T21:05:00Z",TRUE,"historical",55,55,0,11,11,50
"KXNFLREC","KXNFLREC-25NOV30SFCLE","SF at CLE (Nov 30)","2025-11-30","2025-11","2025_13_SF_CLE","REG","2025-11-30T18:00:00Z",FALSE,"historical",40,40,0,8,8,33
"KXNFLREC","KXNFLREC-25NOV30NOMIA","NO at MIA (Nov 30)","2025-11-30","2025-11","2025_13_NO_MIA","REG","2025-11-30T18:00:00Z",FALSE,"historical",35,35,0,7,7,32
"KXNFLREC","KXNFLREC-25NOV30LACAR","LA at CAR (Nov 30)","2025-11-30","2025-11","2025_13_LA_CAR","REG","2025-11-30T18:00:00Z",FALSE,"historical",50,50,0,10,10,43
"KXNFLREC","KXNFLREC-25NOV30JACTEN","JAC at TEN (Nov 30)","2025-11-30","2025-11","2025_13_JAX_TEN","REG","2025-11-30T18:00:00Z",FALSE,"historical",25,25,0,5,5,19
"KXNFLREC","KXNFLREC-25NOV30HOUIND","HOU at IND (Nov 30)","2025-11-30","2025-11","2025_13_HOU_IND","REG","2025-11-30T18:00:00Z",FALSE,"historical",45,45,0,9,9,37
"KXNFLREC","KXNFLREC-25NOV30ATLNYJ","ATL at NYJ (Nov 30)","2025-11-30","2025-11","2025_13_ATL_NYJ","REG","2025-11-30T18:00:00Z",FALSE,"historical",35,35,0,7,7,34
"KXNFLREC","KXNFLREC-25NOV30ARITB","ARI at TB (Nov 30)","2025-11-30","2025-11","2025_13_ARI_TB","REG","2025-11-30T18:00:00Z",FALSE,"historical",45,45,0,9,9,45
"KXNFLREC","KXNFLREC-25NOV28CHIPHI","CHI at PHI (Nov 28)","2025-11-28","2025-11","2025_13_CHI_PHI","REG","2025-11-28T20:00:00Z",FALSE,"historical",50,50,0,10,10,44
"KXNFLREC","KXNFLREC-25NOV27CINBAL","CIN at BAL (Nov 27)","2025-11-27","2025-11","2025_13_CIN_BAL","REG","2025-11-28T01:20:00Z",FALSE,"historical",65,65,0,13,13,54
"KXNFLREC","KXNFLREC-25NOV27KCDAL","KC at DAL (Nov 27)","2025-11-27","2025-11","2025_13_KC_DAL","REG","2025-11-27T21:30:00Z",FALSE,"historical",65,65,0,13,13,44
"KXNFLREC","KXNFLREC-25NOV27GBDET","GB at DET (Nov 27)","2025-11-27","2025-11","2025_13_GB_DET","REG","2025-11-27T18:00:00Z",FALSE,"historical",50,50,0,10,10,39
"KXNFLREC","KXNFLREC-25NOV24CARSF","CAR at SF (Nov 24)","2025-11-24","2025-11","2025_12_CAR_SF","REG","2025-11-25T01:15:00Z",FALSE,"historical",45,45,0,9,9,40
"KXNFLREC","KXNFLREC-25NOV23TBLA","TB at LA (Nov 23)","2025-11-23","2025-11","2025_12_TB_LA","REG","2025-11-24T01:20:00Z",FALSE,"historical",50,50,0,10,10,23
"KXNFLREC","KXNFLREC-25NOV23PHIDAL","PHI at DAL (Nov 23)","2025-11-23","2025-11","2025_12_PHI_DAL","REG","2025-11-23T21:25:00Z",TRUE,"historical",45,45,0,9,9,25
"KXNFLREC","KXNFLREC-25NOV23ATLNO","ATL at NO (Nov 23)","2025-11-23","2025-11","2025_12_ATL_NO","REG","2025-11-23T21:25:00Z",FALSE,"historical",30,30,0,6,6,16
"KXNFLREC","KXNFLREC-25NOV23JACARI","JAC at ARI (Nov 23)","2025-11-23","2025-11","2025_12_JAX_ARI","REG","2025-11-23T21:05:00Z",FALSE,"historical",40,40,0,8,8,13
"KXNFLREC","KXNFLREC-25NOV23CLELV","CLE at LV (Nov 23)","2025-11-23","2025-11","2025_12_CLE_LV","REG","2025-11-23T21:05:00Z",TRUE,"historical",50,50,0,10,10,25
"KXNFLREC","KXNFLREC-25NOV23SEATEN","SEA at TEN (Nov 23)","2025-11-23","2025-11","2025_12_SEA_TEN","REG","2025-11-23T18:00:00Z",FALSE,"historical",50,50,0,10,10,22
"KXNFLREC","KXNFLREC-25NOV23PITCHI","PIT at CHI (Nov 23)","2025-11-23","2025-11","2025_12_PIT_CHI","REG","2025-11-23T18:00:00Z",FALSE,"historical",65,65,0,13,13,34
"KXNFLREC","KXNFLREC-25NOV23NYJBAL","NYJ at BAL (Nov 23)","2025-11-23","2025-11","2025_12_NYJ_BAL","REG","2025-11-23T18:00:00Z",FALSE,"historical",45,45,0,9,9,26
"KXNFLREC","KXNFLREC-25NOV23NYGDET","NYG at DET (Nov 23)","2025-11-23","2025-11","2025_12_NYG_DET","REG","2025-11-23T18:00:00Z",FALSE,"historical",50,50,0,10,10,23
"KXNFLREC","KXNFLREC-25NOV23NECIN","NE at CIN (Nov 23)","2025-11-23","2025-11","2025_12_NE_CIN","REG","2025-11-23T18:00:00Z",FALSE,"historical",55,55,0,11,11,29
"KXNFLREC","KXNFLREC-25NOV23MINGB","MIN at GB (Nov 23)","2025-11-23","2025-11","2025_12_MIN_GB","REG","2025-11-23T18:00:00Z",FALSE,"historical",40,40,0,8,8,13
"KXNFLREC","KXNFLREC-25NOV23INDKC","IND at KC (Nov 23)","2025-11-23","2025-11","2025_12_IND_KC","REG","2025-11-23T18:00:00Z",FALSE,"historical",60,60,0,12,12,37
"KXNFLREC","KXNFLREC-25NOV20BUFHOU","BUF at HOU (Nov 20)","2025-11-20","2025-11","2025_12_BUF_HOU","REG","2025-11-21T01:15:00Z",FALSE,"historical",40,35,5,8,7,37
"KXNFLREC","KXNFLREC-25NOV17DALLV","DAL at LV (Nov 17)","2025-11-17","2025-11","2025_11_DAL_LV","REG","2025-11-18T01:15:00Z",FALSE,"historical",50,50,0,10,10,42
"KXNFLREC","KXNFLREC-25NOV16DETPHI","DET at PHI (Nov 16)","2025-11-16","2025-11","2025_11_DET_PHI","REG","2025-11-17T01:20:00Z",FALSE,"historical",45,45,0,9,9,35
"KXNFLREC","KXNFLREC-25NOV16KCDEN","KC at DEN (Nov 16)","2025-11-16","2025-11","2025_11_KC_DEN","REG","2025-11-16T21:25:00Z",FALSE,"historical",60,60,0,12,12,29
"KXNFLREC","KXNFLREC-25NOV16BALCLE","BAL at CLE (Nov 16)","2025-11-16","2025-11","2025_11_BAL_CLE","REG","2025-11-16T21:25:00Z",FALSE,"historical",55,55,0,11,11,21
"KXNFLREC","KXNFLREC-25NOV16SFARI","SF at ARI (Nov 16)","2025-11-16","2025-11","2025_11_SF_ARI","REG","2025-11-16T21:05:00Z",FALSE,"historical",35,35,0,7,7,25
"KXNFLREC","KXNFLREC-25NOV16SEALA","SEA at LA (Nov 16)","2025-11-16","2025-11","2025_11_SEA_LA","REG","2025-11-16T21:05:00Z",FALSE,"historical",55,55,0,11,11,30
"KXNFLREC","KXNFLREC-25NOV16TBBUF","TB at BUF (Nov 16)","2025-11-16","2025-11","2025_11_TB_BUF","REG","2025-11-16T18:00:00Z",FALSE,"historical",50,45,5,10,9,29
"KXNFLREC","KXNFLREC-25NOV16LACJAC","LAC at JAC (Nov 16)","2025-11-16","2025-11","2025_11_LAC_JAX","REG","2025-11-16T18:00:00Z",FALSE,"historical",45,45,0,9,9,15
"KXNFLREC","KXNFLREC-25NOV16HOUTEN","HOU at TEN (Nov 16)","2025-11-16","2025-11","2025_11_HOU_TEN","REG","2025-11-16T18:00:00Z",FALSE,"historical",55,55,0,11,11,11
"KXNFLREC","KXNFLREC-25NOV16GBNYG","GB at NYG (Nov 16)","2025-11-16","2025-11","2025_11_GB_NYG","REG","2025-11-16T18:00:00Z",FALSE,"historical",40,40,0,8,8,20
"KXNFLREC","KXNFLREC-25NOV16CINPIT","CIN at PIT (Nov 16)","2025-11-16","2025-11","2025_11_CIN_PIT","REG","2025-11-16T18:00:00Z",FALSE,"historical",60,60,0,12,12,37
"KXNFLREC","KXNFLREC-25NOV16CHIMIN","CHI at MIN (Nov 16)","2025-11-16","2025-11","2025_11_CHI_MIN","REG","2025-11-16T18:00:00Z",FALSE,"historical",60,60,0,12,12,25
"KXNFLREC","KXNFLREC-25NOV16CARATL","CAR at ATL (Nov 16)","2025-11-16","2025-11","2025_11_CAR_ATL","REG","2025-11-16T18:00:00Z",FALSE,"historical",40,40,0,8,8,15
"KXNFLREC","KXNFLREC-25NOV16WASMIA","WAS at MIA (Nov 16)","2025-11-16","2025-11","2025_11_WAS_MIA","REG","2025-11-16T14:30:00Z",FALSE,"historical",45,45,0,9,9,37
"KXNFLREC","KXNFLREC-25NOV13NYJNE","NYJ at NE (Nov 13)","2025-11-13","2025-11","2025_11_NYJ_NE","REG","2025-11-14T01:15:00Z",FALSE,"historical",55,55,0,11,11,48
"KXNFLREC","KXNFLREC-25NOV10PHIGB","PHI at GB (Nov 10)","2025-11-10","2025-11","2025_10_PHI_GB","REG","2025-11-11T01:15:00Z",FALSE,"historical",31,31,0,8,8,30
"KXNFLREC","KXNFLREC-25NOV09PITLAC","PIT at LAC (Nov 9)","2025-11-09","2025-11","2025_10_PIT_LAC","REG","2025-11-10T01:20:00Z",FALSE,"historical",53,53,0,14,14,40
"KXNFLREC","KXNFLREC-25NOV09LASF","LA at SF (Nov 9)","2025-11-09","2025-11","2025_10_LA_SF","REG","2025-11-09T21:25:00Z",FALSE,"historical",35,35,0,9,9,27
"KXNFLREC","KXNFLREC-25NOV09DETWAS","DET at WAS (Nov 9)","2025-11-09","2025-11","2025_10_DET_WAS","REG","2025-11-09T21:25:00Z",FALSE,"historical",37,37,0,10,10,17
"KXNFLREC","KXNFLREC-25NOV09ARISEA","ARI at SEA (Nov 9)","2025-11-09","2025-11","2025_10_ARI_SEA","REG","2025-11-09T21:05:00Z",FALSE,"historical",32,32,0,9,9,20
"KXNFLREC","KXNFLREC-25NOV09NYGCHI","NYG at CHI (Nov 9)","2025-11-09","2025-11","2025_10_NYG_CHI","REG","2025-11-09T18:00:00Z",FALSE,"historical",41,41,0,11,11,24
"KXNFLREC","KXNFLREC-25NOV09NOCAR","NO at CAR (Nov 9)","2025-11-09","2025-11","2025_10_NO_CAR","REG","2025-11-09T18:00:00Z",FALSE,"historical",37,37,0,10,10,22
"KXNFLREC","KXNFLREC-25NOV09NETB","NE at TB (Nov 9)","2025-11-09","2025-11","2025_10_NE_TB","REG","2025-11-09T18:00:00Z",FALSE,"historical",39,39,0,10,10,17
"KXNFLREC","KXNFLREC-25NOV09JACHOU","JAC at HOU (Nov 9)","2025-11-09","2025-11","2025_10_JAX_HOU","REG","2025-11-09T18:00:00Z",FALSE,"historical",45,45,0,12,12,17
"KXNFLREC","KXNFLREC-25NOV09CLENYJ","CLE at NYJ (Nov 9)","2025-11-09","2025-11","2025_10_CLE_NYJ","REG","2025-11-09T18:00:00Z",FALSE,"historical",28,25,3,8,7,9
"KXNFLREC","KXNFLREC-25NOV09BUFMIA","BUF at MIA (Nov 9)","2025-11-09","2025-11","2025_10_BUF_MIA","REG","2025-11-09T18:00:00Z",FALSE,"historical",37,37,0,10,10,20
"KXNFLREC","KXNFLREC-25NOV09BALMIN","BAL at MIN (Nov 9)","2025-11-09","2025-11","2025_10_BAL_MIN","REG","2025-11-09T18:00:00Z",FALSE,"historical",48,48,0,13,13,31
"KXNFLREC","KXNFLREC-25NOV09ATLIND","ATL at IND (Nov 9)","2025-11-09","2025-11","2025_10_ATL_IND","REG","2025-11-09T14:30:00Z",FALSE,"historical",39,39,0,10,10,20
"KXNFLREC","KXNFLREC-25NOV06LVDEN","LV at DEN (Nov 6)","2025-11-06","2025-11","2025_10_LV_DEN","REG","2025-11-07T01:15:00Z",FALSE,"historical",38,38,0,10,10,35
"KXNFLREC","KXNFLREC-25NOV03ARIDAL","ARI at DAL (Nov 3)","2025-11-03","2025-11","2025_09_ARI_DAL","REG","2025-11-04T01:15:00Z",FALSE,"historical",36,36,0,10,10,29
"KXNFLREC","KXNFLREC-25NOV02SEAWAS","SEA at WAS (Nov 2)","2025-11-02","2025-11","2025_09_SEA_WAS","REG","2025-11-03T01:20:00Z",FALSE,"historical",44,40,4,12,11,29
"KXNFLREC","KXNFLREC-25NOV02KCBUF","KC at BUF (Nov 2)","2025-11-02","2025-11","2025_09_KC_BUF","REG","2025-11-02T21:25:00Z",FALSE,"historical",48,48,0,14,14,24
"KXNFLREC","KXNFLREC-25NOV02NOLA","NO at LA (Nov 2)","2025-11-02","2025-11","2025_09_NO_LA","REG","2025-11-02T21:05:00Z",FALSE,"historical",32,32,0,9,9,13
"KXNFLREC","KXNFLREC-25NOV02JACLV","JAC at LV (Nov 2)","2025-11-02","2025-11","2025_09_JAX_LV","REG","2025-11-02T21:05:00Z",FALSE,"historical",38,38,0,10,10,22
"KXNFLREC","KXNFLREC-25NOV02SFNYG","SF at NYG (Nov 2)","2025-11-02","2025-11","2025_09_SF_NYG","REG","2025-11-02T18:00:00Z",FALSE,"historical",38,38,0,10,10,10
"KXNFLREC","KXNFLREC-25NOV02MINDET","MIN at DET (Nov 2)","2025-11-02","2025-11","2025_09_MIN_DET","REG","2025-11-02T18:00:00Z",FALSE,"historical",44,44,0,12,12,8
"KXNFLREC","KXNFLREC-25NOV02LACTEN","LAC at TEN (Nov 2)","2025-11-02","2025-11","2025_09_LAC_TEN","REG","2025-11-02T18:00:00Z",FALSE,"historical",50,50,0,13,13,5
"KXNFLREC","KXNFLREC-25NOV02INDPIT","IND at PIT (Nov 2)","2025-11-02","2025-11","2025_09_IND_PIT","REG","2025-11-02T18:00:00Z",FALSE,"historical",50,50,0,13,13,12
"KXNFLREC","KXNFLREC-25NOV02DENHOU","DEN at HOU (Nov 2)","2025-11-02","2025-11","2025_09_DEN_HOU","REG","2025-11-02T18:00:00Z",FALSE,"historical",46,46,0,13,13,15
"KXNFLREC","KXNFLREC-25NOV02CHICIN","CHI at CIN (Nov 2)","2025-11-02","2025-11","2025_09_CHI_CIN","REG","2025-11-02T18:00:00Z",FALSE,"historical",49,49,0,13,13,14
"KXNFLREC","KXNFLREC-25NOV02CARGB","CAR at GB (Nov 2)","2025-11-02","2025-11","2025_09_CAR_GB","REG","2025-11-02T18:00:00Z",FALSE,"historical",52,52,0,14,14,6
"KXNFLREC","KXNFLREC-25NOV02ATLNE","ATL at NE (Nov 2)","2025-11-02","2025-11","2025_09_ATL_NE","REG","2025-11-02T18:00:00Z",FALSE,"historical",45,45,0,12,12,13
"KXNFLREC","KXNFLREC-25OCT30BALMIA","BAL at MIA (Oct 30)","2025-10-30","2025-10","2025_09_BAL_MIA","REG","2025-10-31T00:15:00Z",TRUE,"historical",38,38,0,10,10,34
"KXNFLREC","KXNFLREC-25OCT27WASKC","WAS at KC (Oct 27)","2025-10-27","2025-10","2025_08_WAS_KC","REG","2025-10-28T00:15:00Z",TRUE,"historical",26,26,0,7,7,24
"KXNFLGAME","KXNFLGAME-26SEP28PHICHI","PHI vs CHI (Sep 28)","2026-09-28","2026-09","2026_03_PHI_CHI","REG","2026-09-29T00:15:00Z",FALSE,NA,NA,NA,NA,NA,NA,NA
"KXNFLGAME","KXNFLGAME-26SEP27LARDEN","LAR vs DEN (Sep 27)","2026-09-27","2026-09","2026_03_LA_DEN","REG","2026-09-28T00:20:00Z",FALSE,NA,NA,NA,NA,NA,NA,NA
"KXNFLGAME","KXNFLGAME-26SEP27LVNO","LV vs NO (Sep 27)","2026-09-27","2026-09","2026_03_LV_NO","REG","2026-09-27T20:25:00Z",FALSE,NA,NA,NA,NA,NA,NA,NA
"KXNFLGAME","KXNFLGAME-26SEP27BALDAL","BAL vs DAL (Sep 27)","2026-09-27","2026-09","2026_03_BAL_DAL","REG","2026-09-27T20:25:00Z",FALSE,NA,NA,NA,NA,NA,NA,NA
"KXNFLGAME","KXNFLGAME-26SEP27MINTB","MIN vs TB (Sep 27)","2026-09-27","2026-09","2026_03_MIN_TB","REG","2026-09-27T20:05:00Z",FALSE,NA,NA,NA,NA,NA,NA,NA
"KXNFLGAME","KXNFLGAME-26SEP27ARISF","ARI vs SF (Sep 27)","2026-09-27","2026-09","2026_03_ARI_SF","REG","2026-09-27T20:05:00Z",FALSE,NA,NA,NA,NA,NA,NA,NA
"KXNFLGAME","KXNFLGAME-26SEP27TENNYG","TEN vs NYG (Sep 27)","2026-09-27","2026-09","2026_03_TEN_NYG","REG","2026-09-27T17:00:00Z",FALSE,NA,NA,NA,NA,NA,NA,NA
"KXNFLGAME","KXNFLGAME-26SEP27SEAWAS","SEA vs WAS (Sep 27)","2026-09-27","2026-09","2026_03_SEA_WAS","REG","2026-09-27T17:00:00Z",FALSE,NA,NA,NA,NA,NA,NA,NA
"KXNFLGAME","KXNFLGAME-26SEP27NYJDET","NYJ vs DET (Sep 27)","2026-09-27","2026-09","2026_03_NYJ_DET","REG","2026-09-27T17:00:00Z",FALSE,NA,NA,NA,NA,NA,NA,NA
"KXNFLGAME","KXNFLGAME-26SEP27NEJAC","NE vs JAC (Sep 27)","2026-09-27","2026-09","2026_03_NE_JAX","REG","2026-09-27T17:00:00Z",FALSE,NA,NA,NA,NA,NA,NA,NA
"KXNFLGAME","KXNFLGAME-26SEP27LACBUF","LAC vs BUF (Sep 27)","2026-09-27","2026-09","2026_03_LAC_BUF","REG","2026-09-27T17:00:00Z",FALSE,NA,NA,NA,NA,NA,NA,NA
"KXNFLGAME","KXNFLGAME-26SEP27KCMIA","KC vs MIA (Sep 27)","2026-09-27","2026-09","2026_03_KC_MIA","REG","2026-09-27T17:00:00Z",FALSE,NA,NA,NA,NA,NA,NA,NA
"KXNFLGAME","KXNFLGAME-26SEP27HOUIND","HOU vs IND (Sep 27)","2026-09-27","2026-09","2026_03_HOU_IND","REG","2026-09-27T17:00:00Z",TRUE,"live",2,2,0,NA,NA,2
"KXNFLGAME","KXNFLGAME-26SEP27CINPIT","CIN vs PIT (Sep 27)","2026-09-27","2026-09","2026_03_CIN_PIT","REG","2026-09-27T17:00:00Z",FALSE,NA,NA,NA,NA,NA,NA,NA
"KXNFLGAME","KXNFLGAME-26SEP27CARCLE","CAR vs CLE (Sep 27)","2026-09-27","2026-09","2026_03_CAR_CLE","REG","2026-09-27T17:00:00Z",FALSE,NA,NA,NA,NA,NA,NA,NA
"KXNFLGAME","KXNFLGAME-26SEP24ATLGB","ATL vs GB (Sep 24)","2026-09-24","2026-09","2026_03_ATL_GB","REG","2026-09-25T00:15:00Z",FALSE,NA,NA,NA,NA,NA,NA,NA
"KXNFLGAME","KXNFLGAME-26SEP21NYGLAR","NYG vs LAR (Sep 21)","2026-09-21","2026-09","2026_02_NYG_LA","REG","2026-09-22T00:15:00Z",FALSE,NA,NA,NA,NA,NA,NA,NA
"KXNFLGAME","KXNFLGAME-26SEP20INDKC","IND vs KC (Sep 20)","2026-09-20","2026-09","2026_02_IND_KC","REG","2026-09-21T00:20:00Z",FALSE,NA,NA,NA,NA,NA,NA,NA
"KXNFLGAME","KXNFLGAME-26SEP20WASDAL","WAS vs DAL (Sep 20)","2026-09-20","2026-09","2026_02_WAS_DAL","REG","2026-09-20T20:25:00Z",FALSE,NA,NA,NA,NA,NA,NA,NA
"KXNFLGAME","KXNFLGAME-26SEP20SEAARI","SEA vs ARI (Sep 20)","2026-09-20","2026-09","2026_02_SEA_ARI","REG","2026-09-20T20:25:00Z",FALSE,NA,NA,NA,NA,NA,NA,NA
"KXNFLGAME","KXNFLGAME-26SEP20MIASF","MIA vs SF (Sep 20)","2026-09-20","2026-09","2026_02_MIA_SF","REG","2026-09-20T20:25:00Z",FALSE,NA,NA,NA,NA,NA,NA,NA
"KXNFLGAME","KXNFLGAME-26SEP20LVLAC","LV vs LAC (Sep 20)","2026-09-20","2026-09","2026_02_LV_LAC","REG","2026-09-20T20:05:00Z",FALSE,NA,NA,NA,NA,NA,NA,NA
"KXNFLGAME","KXNFLGAME-26SEP20JACDEN","JAC vs DEN (Sep 20)","2026-09-20","2026-09","2026_02_JAX_DEN","REG","2026-09-20T20:05:00Z",TRUE,"live",2,2,0,NA,NA,2
"KXNFLGAME","KXNFLGAME-26SEP20PITNE","PIT vs NE (Sep 20)","2026-09-20","2026-09","2026_02_PIT_NE","REG","2026-09-20T17:00:00Z",FALSE,NA,NA,NA,NA,NA,NA,NA
"KXNFLGAME","KXNFLGAME-26SEP20PHITEN","PHI vs TEN (Sep 20)","2026-09-20","2026-09","2026_02_PHI_TEN","REG","2026-09-20T17:00:00Z",FALSE,NA,NA,NA,NA,NA,NA,NA
"KXNFLGAME","KXNFLGAME-26SEP20NOBAL","NO vs BAL (Sep 20)","2026-09-20","2026-09","2026_02_NO_BAL","REG","2026-09-20T17:00:00Z",FALSE,NA,NA,NA,NA,NA,NA,NA
"KXNFLGAME","KXNFLGAME-26SEP20MINCHI","MIN vs CHI (Sep 20)","2026-09-20","2026-09","2026_02_MIN_CHI","REG","2026-09-20T17:00:00Z",FALSE,NA,NA,NA,NA,NA,NA,NA
"KXNFLGAME","KXNFLGAME-26SEP20GBNYJ","GB vs NYJ (Sep 20)","2026-09-20","2026-09","2026_02_GB_NYJ","REG","2026-09-20T17:00:00Z",FALSE,NA,NA,NA,NA,NA,NA,NA
"KXNFLGAME","KXNFLGAME-26SEP20CLETB","CLE vs TB (Sep 20)","2026-09-20","2026-09","2026_02_CLE_TB","REG","2026-09-20T17:00:00Z",FALSE,NA,NA,NA,NA,NA,NA,NA
"KXNFLGAME","KXNFLGAME-26SEP20CINHOU","CIN vs HOU (Sep 20)","2026-09-20","2026-09","2026_02_CIN_HOU","REG","2026-09-20T17:00:00Z",FALSE,NA,NA,NA,NA,NA,NA,NA
"KXNFLGAME","KXNFLGAME-26SEP20CARATL","CAR vs ATL (Sep 20)","2026-09-20","2026-09","2026_02_CAR_ATL","REG","2026-09-20T17:00:00Z",FALSE,NA,NA,NA,NA,NA,NA,NA
"KXNFLGAME","KXNFLGAME-26SEP17DETBUF","DET vs BUF (Sep 17)","2026-09-17","2026-09","2026_02_DET_BUF","REG","2026-09-18T00:15:00Z",FALSE,NA,NA,NA,NA,NA,NA,NA
"KXNFLGAME","KXNFLGAME-26SEP14DENKC","DEN vs KC (Sep 14)","2026-09-14","2026-09","2026_01_DEN_KC","REG","2026-09-15T00:15:00Z",TRUE,"live",2,2,0,NA,NA,2
"KXNFLGAME","KXNFLGAME-26SEP13DALNYG","DAL vs NYG (Sep 13)","2026-09-13","2026-09","2026_01_DAL_NYG","REG","2026-09-14T00:20:00Z",FALSE,NA,NA,NA,NA,NA,NA,NA
"KXNFLGAME","KXNFLGAME-26SEP13WASPHI","WAS vs PHI (Sep 13)","2026-09-13","2026-09","2026_01_WAS_PHI","REG","2026-09-13T20:25:00Z",FALSE,NA,NA,NA,NA,NA,NA,NA
"KXNFLGAME","KXNFLGAME-26SEP13MIALV","MIA vs LV (Sep 13)","2026-09-13","2026-09","2026_01_MIA_LV","REG","2026-09-13T20:25:00Z",FALSE,NA,NA,NA,NA,NA,NA,NA
"KXNFLGAME","KXNFLGAME-26SEP13GBMIN","GB vs MIN (Sep 13)","2026-09-13","2026-09","2026_01_GB_MIN","REG","2026-09-13T20:25:00Z",FALSE,NA,NA,NA,NA,NA,NA,NA
"KXNFLGAME","KXNFLGAME-26SEP13ARILAC","ARI vs LAC (Sep 13)","2026-09-13","2026-09","2026_01_ARI_LAC","REG","2026-09-13T20:25:00Z",FALSE,NA,NA,NA,NA,NA,NA,NA
"KXNFLGAME","KXNFLGAME-26SEP13TBCIN","TB vs CIN (Sep 13)","2026-09-13","2026-09","2026_01_TB_CIN","REG","2026-09-13T17:00:00Z",FALSE,NA,NA,NA,NA,NA,NA,NA
"KXNFLGAME","KXNFLGAME-26SEP13NYJTEN","NYJ vs TEN (Sep 13)","2026-09-13","2026-09","2026_01_NYJ_TEN","REG","2026-09-13T17:00:00Z",FALSE,NA,NA,NA,NA,NA,NA,NA
"KXNFLGAME","KXNFLGAME-26SEP13NODET","NO vs DET (Sep 13)","2026-09-13","2026-09","2026_01_NO_DET","REG","2026-09-13T17:00:00Z",FALSE,NA,NA,NA,NA,NA,NA,NA
"KXNFLGAME","KXNFLGAME-26SEP13CLEJAC","CLE vs JAC (Sep 13)","2026-09-13","2026-09","2026_01_CLE_JAX","REG","2026-09-13T17:00:00Z",FALSE,NA,NA,NA,NA,NA,NA,NA
"KXNFLGAME","KXNFLGAME-26SEP13CHICAR","CHI vs CAR (Sep 13)","2026-09-13","2026-09","2026_01_CHI_CAR","REG","2026-09-13T17:00:00Z",FALSE,NA,NA,NA,NA,NA,NA,NA
"KXNFLGAME","KXNFLGAME-26SEP13BUFHOU","BUF vs HOU (Sep 13)","2026-09-13","2026-09","2026_01_BUF_HOU","REG","2026-09-13T17:00:00Z",FALSE,NA,NA,NA,NA,NA,NA,NA
"KXNFLGAME","KXNFLGAME-26SEP13BALIND","BAL vs IND (Sep 13)","2026-09-13","2026-09","2026_01_BAL_IND","REG","2026-09-13T17:00:00Z",FALSE,NA,NA,NA,NA,NA,NA,NA
"KXNFLGAME","KXNFLGAME-26SEP13ATLPIT","ATL vs PIT (Sep 13)","2026-09-13","2026-09","2026_01_ATL_PIT","REG","2026-09-13T17:00:00Z",FALSE,NA,NA,NA,NA,NA,NA,NA
"KXNFLGAME","KXNFLGAME-26SEP10SFLAR","SF vs LAR (Sep 10)","2026-09-10","2026-09","2026_01_SF_LA","REG","2026-09-11T00:35:00Z",FALSE,NA,NA,NA,NA,NA,NA,NA
"KXNFLGAME","KXNFLGAME-26SEP09NESEA","NE vs SEA (Sep 9)","2026-09-09","2026-09","2026_01_NE_SEA","REG","2026-09-10T00:20:00Z",FALSE,NA,NA,NA,NA,NA,NA,NA
"KXNFLGAME","KXNFLGAME-26AUG29CHITEN","CHI vs TEN (Aug 29)","2026-08-29","2026-08",NA,NA,NA,FALSE,NA,NA,NA,NA,NA,NA,NA
"KXNFLGAME","KXNFLGAME-26AUG29DETIND","DET vs IND (Aug 29)","2026-08-29","2026-08",NA,NA,NA,FALSE,NA,NA,NA,NA,NA,NA,NA
"KXNFLGAME","KXNFLGAME-26AUG28MINDEN","MIN vs DEN (Aug 28)","2026-08-28","2026-08",NA,NA,NA,FALSE,NA,NA,NA,NA,NA,NA,NA
"KXNFLGAME","KXNFLGAME-26AUG28SEAKC","SEA vs KC (Aug 28)","2026-08-28","2026-08",NA,NA,NA,FALSE,NA,NA,NA,NA,NA,NA,NA
"KXNFLGAME","KXNFLGAME-26AUG28NODAL","NO vs DAL (Aug 28)","2026-08-28","2026-08",NA,NA,NA,FALSE,NA,NA,NA,NA,NA,NA,NA
"KXNFLGAME","KXNFLGAME-26AUG28CINPHI","CIN vs PHI (Aug 28)","2026-08-28","2026-08",NA,NA,NA,FALSE,NA,NA,NA,NA,NA,NA,NA
"KXNFLGAME","KXNFLGAME-26AUG28ARIGB","ARI vs GB (Aug 28)","2026-08-28","2026-08",NA,NA,NA,FALSE,NA,NA,NA,NA,NA,NA,NA
"KXNFLGAME","KXNFLGAME-26AUG28TBJAC","TB vs JAC (Aug 28)","2026-08-28","2026-08",NA,NA,NA,FALSE,NA,NA,NA,NA,NA,NA,NA
"KXNFLGAME","KXNFLGAME-26AUG28NYGNYJ","NYG vs NYJ (Aug 28)","2026-08-28","2026-08",NA,NA,NA,FALSE,NA,NA,NA,NA,NA,NA,NA
"KXNFLGAME","KXNFLGAME-26AUG28HOUCAR","HOU vs CAR (Aug 28)","2026-08-28","2026-08",NA,NA,NA,FALSE,NA,NA,NA,NA,NA,NA,NA
"KXNFLGAME","KXNFLGAME-26AUG28ATLMIA","ATL vs MIA (Aug 28)","2026-08-28","2026-08",NA,NA,NA,FALSE,NA,NA,NA,NA,NA,NA,NA
"KXNFLGAME","KXNFLGAME-26AUG28WASBAL","WAS vs BAL (Aug 28)","2026-08-28","2026-08",NA,NA,NA,FALSE,NA,NA,NA,NA,NA,NA,NA
"KXNFLGAME","KXNFLGAME-26AUG27LARLAC","LAR vs LAC (Aug 27)","2026-08-27","2026-08",NA,NA,NA,FALSE,NA,NA,NA,NA,NA,NA,NA
"KXNFLGAME","KXNFLGAME-26AUG27SFLV","SF vs LV (Aug 27)","2026-08-27","2026-08",NA,NA,NA,FALSE,NA,NA,NA,NA,NA,NA,NA
"KXNFLGAME","KXNFLGAME-26AUG27NECLE","NE vs CLE (Aug 27)","2026-08-27","2026-08",NA,NA,NA,FALSE,NA,NA,NA,NA,NA,NA,NA
"KXNFLGAME","KXNFLGAME-26AUG27PITBUF","PIT vs BUF (Aug 27)","2026-08-27","2026-08",NA,NA,NA,FALSE,NA,NA,NA,NA,NA,NA,NA
"KXNFLGAME","KXNFLGAME-26AUG23SEATEN","SEA vs TEN (Aug 23)","2026-08-23","2026-08",NA,NA,NA,FALSE,NA,NA,NA,NA,NA,NA,NA
"KXNFLGAME","KXNFLGAME-26AUG22DALARI","DAL vs ARI (Aug 22)","2026-08-22","2026-08",NA,NA,NA,FALSE,NA,NA,NA,NA,NA,NA,NA
"KXNFLGAME","KXNFLGAME-26AUG22KCTB","KC vs TB (Aug 22)","2026-08-22","2026-08",NA,NA,NA,FALSE,NA,NA,NA,NA,NA,NA,NA
"KXNFLGAME","KXNFLGAME-26AUG22PHINE","PHI vs NE (Aug 22)","2026-08-22","2026-08",NA,NA,NA,FALSE,NA,NA,NA,NA,NA,NA,NA
"KXNFLGAME","KXNFLGAME-26AUG22CHICIN","CHI vs CIN (Aug 22)","2026-08-22","2026-08",NA,NA,NA,FALSE,NA,NA,NA,NA,NA,NA,NA
"KXNFLGAME","KXNFLGAME-26AUG22NYGMIA","NYG vs MIA (Aug 22)","2026-08-22","2026-08",NA,NA,NA,FALSE,NA,NA,NA,NA,NA,NA,NA
"KXNFLGAME","KXNFLGAME-26AUG22NOLAR","NO vs LAR (Aug 22)","2026-08-22","2026-08",NA,NA,NA,FALSE,NA,NA,NA,NA,NA,NA,NA
"KXNFLGAME","KXNFLGAME-26AUG22BUFCLE","BUF vs CLE (Aug 22)","2026-08-22","2026-08",NA,NA,NA,FALSE,NA,NA,NA,NA,NA,NA,NA
"KXNFLGAME","KXNFLGAME-26AUG22BALMIN","BAL vs MIN (Aug 22)","2026-08-22","2026-08",NA,NA,NA,FALSE,NA,NA,NA,NA,NA,NA,NA
"KXNFLGAME","KXNFLGAME-26AUG22ATLIND","ATL vs IND (Aug 22)","2026-08-22","2026-08",NA,NA,NA,FALSE,NA,NA,NA,NA,NA,NA,NA
"KXNFLGAME","KXNFLGAME-26AUG22WASDET","WAS vs DET (Aug 22)","2026-08-22","2026-08",NA,NA,NA,FALSE,NA,NA,NA,NA,NA,NA,NA
"KXNFLGAME","KXNFLGAME-26AUG21GBDEN","GB vs DEN (Aug 21)","2026-08-21","2026-08",NA,NA,NA,FALSE,NA,NA,NA,NA,NA,NA,NA
"KXNFLGAME","KXNFLGAME-26AUG21CARJAC","CAR vs JAC (Aug 21)","2026-08-21","2026-08",NA,NA,NA,FALSE,NA,NA,NA,NA,NA,NA,NA
"KXNFLGAME","KXNFLGAME-26AUG21NYJPIT","NYJ vs PIT (Aug 21)","2026-08-21","2026-08",NA,NA,NA,FALSE,NA,NA,NA,NA,NA,NA,NA
"KXNFLGAME","KXNFLGAME-26AUG20SFLAC","SF vs LAC (Aug 20)","2026-08-20","2026-08",NA,NA,NA,FALSE,NA,NA,NA,NA,NA,NA,NA
"KXNFLGAME","KXNFLGAME-26AUG20LVHOU","LV vs HOU (Aug 20)","2026-08-20","2026-08",NA,NA,NA,FALSE,NA,NA,NA,NA,NA,NA,NA
"KXNFLGAME","KXNFLGAME-26AUG15DALSEA","DAL vs SEA (Aug 15)","2026-08-15","2026-08",NA,NA,NA,FALSE,NA,NA,NA,NA,NA,NA,NA
"KXNFLGAME","KXNFLGAME-26AUG15PHIBAL","PHI vs BAL (Aug 15)","2026-08-15","2026-08",NA,NA,NA,FALSE,NA,NA,NA,NA,NA,NA,NA
"KXNFLGAME","KXNFLGAME-26AUG15LARKC","LAR vs KC (Aug 15)","2026-08-15","2026-08",NA,NA,NA,FALSE,NA,NA,NA,NA,NA,NA,NA
"KXNFLGAME","KXNFLGAME-26AUG15JACNO","JAC vs NO (Aug 15)","2026-08-15","2026-08",NA,NA,NA,FALSE,NA,NA,NA,NA,NA,NA,NA
"KXNFLGAME","KXNFLGAME-26AUG15MINNYG","MIN vs NYG (Aug 15)","2026-08-15","2026-08",NA,NA,NA,FALSE,NA,NA,NA,NA,NA,NA,NA
"KXNFLGAME","KXNFLGAME-26AUG15CLECHI","CLE vs CHI (Aug 15)","2026-08-15","2026-08",NA,NA,NA,FALSE,NA,NA,NA,NA,NA,NA,NA
"KXNFLGAME","KXNFLGAME-26AUG15CARBUF","CAR vs BUF (Aug 15)","2026-08-15","2026-08",NA,NA,NA,FALSE,NA,NA,NA,NA,NA,NA,NA
"KXNFLGAME","KXNFLGAME-26AUG14TBNYJ","TB vs NYJ (Aug 14)","2026-08-14","2026-08",NA,NA,NA,FALSE,NA,NA,NA,NA,NA,NA,NA
"KXNFLGAME","KXNFLGAME-26AUG14MIAWAS","MIA vs WAS (Aug 14)","2026-08-14","2026-08",NA,NA,NA,FALSE,NA,NA,NA,NA,NA,NA,NA
"KXNFLGAME","KXNFLGAME-26AUG14DENATL","DEN vs ATL (Aug 14)","2026-08-14","2026-08",NA,NA,NA,FALSE,NA,NA,NA,NA,NA,NA,NA
"KXNFLGAME","KXNFLGAME-26AUG13TENSF","TEN vs SF (Aug 13)","2026-08-13","2026-08",NA,NA,NA,FALSE,NA,NA,NA,NA,NA,NA,NA
"KXNFLGAME","KXNFLGAME-26AUG13LACHOU","LAC vs HOU (Aug 13)","2026-08-13","2026-08",NA,NA,NA,FALSE,NA,NA,NA,NA,NA,NA,NA
"KXNFLGAME","KXNFLGAME-26AUG13ARILV","ARI vs LV (Aug 13)","2026-08-13","2026-08",NA,NA,NA,FALSE,NA,NA,NA,NA,NA,NA,NA
"KXNFLGAME","KXNFLGAME-26AUG13INDNE","IND vs NE (Aug 13)","2026-08-13","2026-08",NA,NA,NA,FALSE,NA,NA,NA,NA,NA,NA,NA
"KXNFLGAME","KXNFLGAME-26AUG13GBPIT","GB vs PIT (Aug 13)","2026-08-13","2026-08",NA,NA,NA,FALSE,NA,NA,NA,NA,NA,NA,NA
"KXNFLGAME","KXNFLGAME-26AUG13DETCIN","DET vs CIN (Aug 13)","2026-08-13","2026-08",NA,NA,NA,FALSE,NA,NA,NA,NA,NA,NA,NA
"KXNFLGAME","KXNFLGAME-26AUG06CARARI","CAR vs ARI (Aug 6)","2026-08-06","2026-08",NA,NA,NA,FALSE,NA,NA,NA,NA,NA,NA,NA
"KXNFLGAME","KXNFLGAME-26JAN25LASEA","LA at SEA (Jan 25)","2026-01-25","2026-01","2025_21_LA_SEA","CON","2026-01-25T23:30:00Z",FALSE,NA,NA,NA,NA,NA,NA,NA
"KXNFLGAME","KXNFLGAME-26JAN18HOUNE","HOU at NE (Jan 18)","2026-01-18","2026-01","2025_20_HOU_NE","DIV","2026-01-18T20:00:00Z",FALSE,NA,NA,NA,NA,NA,NA,NA
"KXNFLGAME","KXNFLGAME-26JAN18SFSEA","SF at SEA (Jan 18)","2026-01-18","2026-01","2025_20_SF_SEA","DIV","2026-01-18T01:00:00Z",FALSE,NA,NA,NA,NA,NA,NA,NA
"KXNFLGAME","KXNFLGAME-26JAN18LACHI","LA at CHI (Jan 18)","2026-01-18","2026-01","2025_20_LA_CHI","DIV","2026-01-18T23:30:00Z",TRUE,"historical",2,2,0,NA,NA,2
"KXNFLGAME","KXNFLGAME-26JAN17BUFDEN","BUF at DEN (Jan 17)","2026-01-17","2026-01","2025_20_BUF_DEN","DIV","2026-01-17T21:30:00Z",FALSE,NA,NA,NA,NA,NA,NA,NA
"KXNFLGAME","KXNFLGAME-26JAN12HOUPIT","HOU at PIT (Jan 12)","2026-01-12","2026-01","2025_19_HOU_PIT","WC","2026-01-13T01:00:00Z",FALSE,NA,NA,NA,NA,NA,NA,NA
"KXNFLGAME","KXNFLGAME-26JAN11LACNE","LAC at NE (Jan 11)","2026-01-11","2026-01","2025_19_LAC_NE","WC","2026-01-12T01:00:00Z",FALSE,NA,NA,NA,NA,NA,NA,NA
"KXNFLGAME","KXNFLGAME-26JAN11SFPHI","SF at PHI (Jan 11)","2026-01-11","2026-01","2025_19_SF_PHI","WC","2026-01-11T21:30:00Z",FALSE,NA,NA,NA,NA,NA,NA,NA
"KXNFLGAME","KXNFLGAME-26JAN11BUFJAC","BUF at JAC (Jan 11)","2026-01-11","2026-01","2025_19_BUF_JAX","WC","2026-01-11T18:00:00Z",FALSE,NA,NA,NA,NA,NA,NA,NA
"KXNFLGAME","KXNFLGAME-26JAN10GBCHI","GB at CHI (Jan 10)","2026-01-10","2026-01","2025_19_GB_CHI","WC","2026-01-11T01:00:00Z",FALSE,NA,NA,NA,NA,NA,NA,NA
"KXNFLGAME","KXNFLGAME-26JAN10LACAR","LA at CAR (Jan 10)","2026-01-10","2026-01","2025_19_LA_CAR","WC","2026-01-10T21:30:00Z",FALSE,NA,NA,NA,NA,NA,NA,NA
"KXNFLGAME","KXNFLGAME-26JAN04WASPHI","WAS at PHI (Jan 4)","2026-01-04","2026-01","2025_18_WAS_PHI","REG","2026-01-04T21:25:00Z",FALSE,NA,NA,NA,NA,NA,NA,NA
"KXNFLGAME","KXNFLGAME-26JAN04TENJAC","TEN at JAC (Jan 4)","2026-01-04","2026-01","2025_18_TEN_JAX","REG","2026-01-04T18:00:00Z",FALSE,NA,NA,NA,NA,NA,NA,NA
"KXNFLGAME","KXNFLGAME-26JAN04SEASF","SEA at SF (Jan 3)","2026-01-04","2026-01","2025_18_SEA_SF","REG","2026-01-04T01:00:00Z",FALSE,NA,NA,NA,NA,NA,NA,NA
"KXNFLGAME","KXNFLGAME-26JAN04NYJBUF","NYJ at BUF (Jan 4)","2026-01-04","2026-01","2025_18_NYJ_BUF","REG","2026-01-04T21:25:00Z",FALSE,NA,NA,NA,NA,NA,NA,NA
"KXNFLGAME","KXNFLGAME-26JAN04NOATL","NO at ATL (Jan 4)","2026-01-04","2026-01","2025_18_NO_ATL","REG","2026-01-04T18:00:00Z",FALSE,NA,NA,NA,NA,NA,NA,NA
"KXNFLGAME","KXNFLGAME-26JAN04MIANE","MIA at NE (Jan 4)","2026-01-04","2026-01","2025_18_MIA_NE","REG","2026-01-04T21:25:00Z",FALSE,NA,NA,NA,NA,NA,NA,NA
"KXNFLGAME","KXNFLGAME-26JAN04LACDEN","LAC at DEN (Jan 4)","2026-01-04","2026-01","2025_18_LAC_DEN","REG","2026-01-04T21:25:00Z",TRUE,"historical",2,2,0,NA,NA,2
"KXNFLGAME","KXNFLGAME-26JAN04KCLV","KC at LV (Jan 4)","2026-01-04","2026-01","2025_18_KC_LV","REG","2026-01-04T21:25:00Z",FALSE,NA,NA,NA,NA,NA,NA,NA
"KXNFLGAME","KXNFLGAME-26JAN04INDHOU","IND at HOU (Jan 4)","2026-01-04","2026-01","2025_18_IND_HOU","REG","2026-01-04T18:00:00Z",FALSE,NA,NA,NA,NA,NA,NA,NA
"KXNFLGAME","KXNFLGAME-26JAN04GBMIN","GB at MIN (Jan 4)","2026-01-04","2026-01","2025_18_GB_MIN","REG","2026-01-04T18:00:00Z",FALSE,NA,NA,NA,NA,NA,NA,NA
"KXNFLGAME","KXNFLGAME-26JAN04DETCHI","DET at CHI (Jan 4)","2026-01-04","2026-01","2025_18_DET_CHI","REG","2026-01-04T21:25:00Z",FALSE,NA,NA,NA,NA,NA,NA,NA
"KXNFLGAME","KXNFLGAME-26JAN04DALNYG","DAL at NYG (Jan 4)","2026-01-04","2026-01","2025_18_DAL_NYG","REG","2026-01-04T18:00:00Z",TRUE,"historical",2,2,0,NA,NA,2
"KXNFLGAME","KXNFLGAME-26JAN04CLECIN","CLE at CIN (Jan 4)","2026-01-04","2026-01","2025_18_CLE_CIN","REG","2026-01-04T18:00:00Z",FALSE,NA,NA,NA,NA,NA,NA,NA
"KXNFLGAME","KXNFLGAME-26JAN04CARTB","CAR at TB (Jan 3)","2026-01-04","2026-01","2025_18_CAR_TB","REG","2026-01-03T21:30:00Z",FALSE,NA,NA,NA,NA,NA,NA,NA
"KXNFLGAME","KXNFLGAME-26JAN04BALPIT","BAL at PIT (Jan 4)","2026-01-04","2026-01","2025_18_BAL_PIT","REG","2026-01-05T01:20:00Z",FALSE,NA,NA,NA,NA,NA,NA,NA
"KXNFLGAME","KXNFLGAME-26JAN04ARILA","ARI at LA (Jan 4)","2026-01-04","2026-01","2025_18_ARI_LA","REG","2026-01-04T21:25:00Z",FALSE,NA,NA,NA,NA,NA,NA,NA
"KXNFLGAME","KXNFLGAME-25DEC29LAATL","LA at ATL (Dec 29)","2025-12-29","2025-12","2025_17_LA_ATL","REG","2025-12-30T01:15:00Z",FALSE,NA,NA,NA,NA,NA,NA,NA
"KXNFLGAME","KXNFLGAME-25DEC28CHISF","CHI at SF (Dec 28)","2025-12-28","2025-12","2025_17_CHI_SF","REG","2025-12-29T01:20:00Z",FALSE,NA,NA,NA,NA,NA,NA,NA
"KXNFLGAME","KXNFLGAME-25DEC28PHIBUF","PHI at BUF (Dec 28)","2025-12-28","2025-12","2025_17_PHI_BUF","REG","2025-12-28T21:25:00Z",FALSE,NA,NA,NA,NA,NA,NA,NA
"KXNFLGAME","KXNFLGAME-25DEC28NYGLV","NYG at LV (Dec 28)","2025-12-28","2025-12","2025_17_NYG_LV","REG","2025-12-28T21:05:00Z",FALSE,NA,NA,NA,NA,NA,NA,NA
"KXNFLGAME","KXNFLGAME-25DEC28TBMIA","TB at MIA (Dec 28)","2025-12-28","2025-12","2025_17_TB_MIA","REG","2025-12-28T18:00:00Z",FALSE,NA,NA,NA,NA,NA,NA,NA
"KXNFLGAME","KXNFLGAME-25DEC28SEACAR","SEA at CAR (Dec 28)","2025-12-28","2025-12","2025_17_SEA_CAR","REG","2025-12-28T18:00:00Z",FALSE,NA,NA,NA,NA,NA,NA,NA
"KXNFLGAME","KXNFLGAME-25DEC28PITCLE","PIT at CLE (Dec 28)","2025-12-28","2025-12","2025_17_PIT_CLE","REG","2025-12-28T18:00:00Z",FALSE,NA,NA,NA,NA,NA,NA,NA
"KXNFLGAME","KXNFLGAME-25DEC28NOTEN","NO at TEN (Dec 28)","2025-12-28","2025-12","2025_17_NO_TEN","REG","2025-12-28T18:00:00Z",FALSE,NA,NA,NA,NA,NA,NA,NA
"KXNFLGAME","KXNFLGAME-25DEC28NENYJ","NE at NYJ (Dec 28)","2025-12-28","2025-12","2025_17_NE_NYJ","REG","2025-12-28T18:00:00Z",FALSE,NA,NA,NA,NA,NA,NA,NA
"KXNFLGAME","KXNFLGAME-25DEC28JACIND","JAC at IND (Dec 28)","2025-12-28","2025-12","2025_17_JAX_IND","REG","2025-12-28T18:00:00Z",FALSE,NA,NA,NA,NA,NA,NA,NA
"KXNFLGAME","KXNFLGAME-25DEC28ARICIN","ARI at CIN (Dec 28)","2025-12-28","2025-12","2025_17_ARI_CIN","REG","2025-12-28T18:00:00Z",FALSE,NA,NA,NA,NA,NA,NA,NA
"KXNFLGAME","KXNFLGAME-25DEC27BALGB","BAL at GB (Dec 27)","2025-12-27","2025-12","2025_17_BAL_GB","REG","2025-12-28T01:00:00Z",FALSE,NA,NA,NA,NA,NA,NA,NA
"KXNFLGAME","KXNFLGAME-25DEC27HOULAC","HOU at LAC (Dec 27)","2025-12-27","2025-12","2025_17_HOU_LAC","REG","2025-12-27T21:30:00Z",FALSE,NA,NA,NA,NA,NA,NA,NA
"KXNFLGAME","KXNFLGAME-25DEC25DENKC","DEN at KC (Dec 25)","2025-12-25","2025-12","2025_17_DEN_KC","REG","2025-12-26T01:15:00Z",TRUE,"historical",2,2,0,NA,NA,2
"KXNFLGAME","KXNFLGAME-25DEC25DETMIN","DET at MIN (Dec 25)","2025-12-25","2025-12","2025_17_DET_MIN","REG","2025-12-25T21:30:00Z",FALSE,NA,NA,NA,NA,NA,NA,NA
"KXNFLGAME","KXNFLGAME-25DEC25DALWAS","DAL at WAS (Dec 25)","2025-12-25","2025-12","2025_17_DAL_WAS","REG","2025-12-25T18:00:00Z",TRUE,"historical",2,2,0,NA,NA,2
"KXNFLGAME","KXNFLGAME-25DEC22SFIND","SF at IND (Dec 22)","2025-12-22","2025-12","2025_16_SF_IND","REG","2025-12-23T01:15:00Z",FALSE,NA,NA,NA,NA,NA,NA,NA
"KXNFLGAME","KXNFLGAME-25DEC21NEBAL","NE at BAL (Dec 21)","2025-12-21","2025-12","2025_16_NE_BAL","REG","2025-12-22T01:20:00Z",FALSE,NA,NA,NA,NA,NA,NA,NA
"KXNFLGAME","KXNFLGAME-25DEC21PITDET","PIT at DET (Dec 21)","2025-12-21","2025-12","2025_16_PIT_DET","REG","2025-12-21T21:25:00Z",FALSE,NA,NA,NA,NA,NA,NA,NA
"KXNFLGAME","KXNFLGAME-25DEC21LVHOU","LV at HOU (Dec 21)","2025-12-21","2025-12","2025_16_LV_HOU","REG","2025-12-21T21:25:00Z",FALSE,NA,NA,NA,NA,NA,NA,NA
"KXNFLGAME","KXNFLGAME-25DEC21JACDEN","JAC at DEN (Dec 21)","2025-12-21","2025-12","2025_16_JAX_DEN","REG","2025-12-21T21:05:00Z",FALSE,NA,NA,NA,NA,NA,NA,NA
"KXNFLGAME","KXNFLGAME-25DEC21ATLARI","ATL at ARI (Dec 21)","2025-12-21","2025-12","2025_16_ATL_ARI","REG","2025-12-21T21:05:00Z",FALSE,NA,NA,NA,NA,NA,NA,NA
"KXNFLGAME","KXNFLGAME-25DEC21TBCAR","TB at CAR (Dec 21)","2025-12-21","2025-12","2025_16_TB_CAR","REG","2025-12-21T18:00:00Z",FALSE,NA,NA,NA,NA,NA,NA,NA
"KXNFLGAME","KXNFLGAME-25DEC21NYJNO","NYJ at NO (Dec 21)","2025-12-21","2025-12","2025_16_NYJ_NO","REG","2025-12-21T18:00:00Z",FALSE,NA,NA,NA,NA,NA,NA,NA
"KXNFLGAME","KXNFLGAME-25DEC21MINNYG","MIN at NYG (Dec 21)","2025-12-21","2025-12","2025_16_MIN_NYG","REG","2025-12-21T18:00:00Z",FALSE,NA,NA,NA,NA,NA,NA,NA
"KXNFLGAME","KXNFLGAME-25DEC21LACDAL","LAC at DAL (Dec 21)","2025-12-21","2025-12","2025_16_LAC_DAL","REG","2025-12-21T18:00:00Z",FALSE,NA,NA,NA,NA,NA,NA,NA
"KXNFLGAME","KXNFLGAME-25DEC21KCTEN","KC at TEN (Dec 21)","2025-12-21","2025-12","2025_16_KC_TEN","REG","2025-12-21T18:00:00Z",FALSE,NA,NA,NA,NA,NA,NA,NA
"KXNFLGAME","KXNFLGAME-25DEC21CINMIA","CIN at MIA (Dec 21)","2025-12-21","2025-12","2025_16_CIN_MIA","REG","2025-12-21T18:00:00Z",FALSE,NA,NA,NA,NA,NA,NA,NA
"KXNFLGAME","KXNFLGAME-25DEC21BUFCLE","BUF at CLE (Dec 21)","2025-12-21","2025-12","2025_16_BUF_CLE","REG","2025-12-21T18:00:00Z",FALSE,NA,NA,NA,NA,NA,NA,NA
"KXNFLGAME","KXNFLGAME-25DEC20GBCHI","GB at CHI (Dec 20)","2025-12-20","2025-12","2025_16_GB_CHI","REG","2025-12-21T01:20:00Z",FALSE,NA,NA,NA,NA,NA,NA,NA
"KXNFLGAME","KXNFLGAME-25DEC20PHIWAS","PHI at WAS (Dec 20)","2025-12-20","2025-12","2025_16_PHI_WAS","REG","2025-12-20T22:00:00Z",FALSE,NA,NA,NA,NA,NA,NA,NA
"KXNFLGAME","KXNFLGAME-25DEC18LASEA","LA at SEA (Dec 18)","2025-12-18","2025-12","2025_16_LA_SEA","REG","2025-12-19T01:15:00Z",FALSE,NA,NA,NA,NA,NA,NA,NA
"KXNFLGAME","KXNFLGAME-25DEC15MIAPIT","MIA at PIT (Dec 15)","2025-12-15","2025-12","2025_15_MIA_PIT","REG","2025-12-16T01:15:00Z",FALSE,NA,NA,NA,NA,NA,NA,NA
"KXNFLGAME","KXNFLGAME-25DEC14MINDAL","MIN at DAL (Dec 14)","2025-12-14","2025-12","2025_15_MIN_DAL","REG","2025-12-15T01:20:00Z",FALSE,NA,NA,NA,NA,NA,NA,NA
"KXNFLGAME","KXNFLGAME-25DEC14TENSF","TEN at SF (Dec 14)","2025-12-14","2025-12","2025_15_TEN_SF","REG","2025-12-14T21:25:00Z",FALSE,NA,NA,NA,NA,NA,NA,NA
"KXNFLGAME","KXNFLGAME-25DEC14INDSEA","IND at SEA (Dec 14)","2025-12-14","2025-12","2025_15_IND_SEA","REG","2025-12-14T21:25:00Z",FALSE,NA,NA,NA,NA,NA,NA,NA
"KXNFLGAME","KXNFLGAME-25DEC14GBDEN","GB at DEN (Dec 14)","2025-12-14","2025-12","2025_15_GB_DEN","REG","2025-12-14T21:25:00Z",FALSE,NA,NA,NA,NA,NA,NA,NA
"KXNFLGAME","KXNFLGAME-25DEC14DETLA","DET at LA (Dec 14)","2025-12-14","2025-12","2025_15_DET_LA","REG","2025-12-14T21:25:00Z",FALSE,NA,NA,NA,NA,NA,NA,NA
"KXNFLGAME","KXNFLGAME-25DEC14CARNO","CAR at NO (Dec 14)","2025-12-14","2025-12","2025_15_CAR_NO","REG","2025-12-14T21:25:00Z",FALSE,NA,NA,NA,NA,NA,NA,NA
"KXNFLGAME","KXNFLGAME-25DEC14WASNYG","WAS at NYG (Dec 14)","2025-12-14","2025-12","2025_15_WAS_NYG","REG","2025-12-14T18:00:00Z",FALSE,NA,NA,NA,NA,NA,NA,NA
"KXNFLGAME","KXNFLGAME-25DEC14NYJJAC","NYJ at JAC (Dec 14)","2025-12-14","2025-12","2025_15_NYJ_JAX","REG","2025-12-14T18:00:00Z",FALSE,NA,NA,NA,NA,NA,NA,NA
"KXNFLGAME","KXNFLGAME-25DEC14LVPHI","LV at PHI (Dec 14)","2025-12-14","2025-12","2025_15_LV_PHI","REG","2025-12-14T18:00:00Z",FALSE,NA,NA,NA,NA,NA,NA,NA
"KXNFLGAME","KXNFLGAME-25DEC14LACKC","LAC at KC (Dec 14)","2025-12-14","2025-12","2025_15_LAC_KC","REG","2025-12-14T18:00:00Z",FALSE,NA,NA,NA,NA,NA,NA,NA
"KXNFLGAME","KXNFLGAME-25DEC14CLECHI","CLE at CHI (Dec 14)","2025-12-14","2025-12","2025_15_CLE_CHI","REG","2025-12-14T18:00:00Z",FALSE,NA,NA,NA,NA,NA,NA,NA
"KXNFLGAME","KXNFLGAME-25DEC14BUFNE","BUF at NE (Dec 14)","2025-12-14","2025-12","2025_15_BUF_NE","REG","2025-12-14T18:00:00Z",FALSE,NA,NA,NA,NA,NA,NA,NA
"KXNFLGAME","KXNFLGAME-25DEC14BALCIN","BAL at CIN (Dec 14)","2025-12-14","2025-12","2025_15_BAL_CIN","REG","2025-12-14T18:00:00Z",FALSE,NA,NA,NA,NA,NA,NA,NA
"KXNFLGAME","KXNFLGAME-25DEC14ARIHOU","ARI at HOU (Dec 14)","2025-12-14","2025-12","2025_15_ARI_HOU","REG","2025-12-14T18:00:00Z",FALSE,NA,NA,NA,NA,NA,NA,NA
"KXNFLGAME","KXNFLGAME-25DEC11ATLTB","ATL at TB (Dec 11)","2025-12-11","2025-12","2025_15_ATL_TB","REG","2025-12-12T01:15:00Z",TRUE,"historical",2,2,0,NA,NA,2
"KXNFLGAME","KXNFLGAME-25DEC08PHILAC","PHI at LAC (Dec 8)","2025-12-08","2025-12","2025_14_PHI_LAC","REG","2025-12-09T01:15:00Z",FALSE,NA,NA,NA,NA,NA,NA,NA
"KXNFLGAME","KXNFLGAME-25DEC07HOUKC","HOU at KC (Dec 7)","2025-12-07","2025-12","2025_14_HOU_KC","REG","2025-12-08T01:20:00Z",FALSE,NA,NA,NA,NA,NA,NA,NA
"KXNFLGAME","KXNFLGAME-25DEC07LAARI","LA at ARI (Dec 7)","2025-12-07","2025-12","2025_14_LA_ARI","REG","2025-12-07T21:25:00Z",FALSE,NA,NA,NA,NA,NA,NA,NA
"KXNFLGAME","KXNFLGAME-25DEC07CHIGB","CHI at GB (Dec 7)","2025-12-07","2025-12","2025_14_CHI_GB","REG","2025-12-07T21:25:00Z",FALSE,NA,NA,NA,NA,NA,NA,NA
"KXNFLGAME","KXNFLGAME-25DEC07DENLV","DEN at LV (Dec 7)","2025-12-07","2025-12","2025_14_DEN_LV","REG","2025-12-07T21:05:00Z",FALSE,NA,NA,NA,NA,NA,NA,NA
"KXNFLGAME","KXNFLGAME-25DEC07WASMIN","WAS at MIN (Dec 7)","2025-12-07","2025-12","2025_14_WAS_MIN","REG","2025-12-07T18:00:00Z",FALSE,NA,NA,NA,NA,NA,NA,NA
"KXNFLGAME","KXNFLGAME-25DEC07TENCLE","TEN at CLE (Dec 7)","2025-12-07","2025-12","2025_14_TEN_CLE","REG","2025-12-07T18:00:00Z",FALSE,NA,NA,NA,NA,NA,NA,NA
"KXNFLGAME","KXNFLGAME-25DEC07SEAATL","SEA at ATL (Dec 7)","2025-12-07","2025-12","2025_14_SEA_ATL","REG","2025-12-07T18:00:00Z",FALSE,NA,NA,NA,NA,NA,NA,NA
"KXNFLGAME","KXNFLGAME-25DEC07PITBAL","PIT at BAL (Dec 7)","2025-12-07","2025-12","2025_14_PIT_BAL","REG","2025-12-07T18:00:00Z",FALSE,NA,NA,NA,NA,NA,NA,NA
"KXNFLGAME","KXNFLGAME-25DEC07NOTB","NO at TB (Dec 7)","2025-12-07","2025-12","2025_14_NO_TB","REG","2025-12-07T18:00:00Z",FALSE,NA,NA,NA,NA,NA,NA,NA
"KXNFLGAME","KXNFLGAME-25DEC07MIANYJ","MIA at NYJ (Dec 7)","2025-12-07","2025-12","2025_14_MIA_NYJ","REG","2025-12-07T18:00:00Z",FALSE,NA,NA,NA,NA,NA,NA,NA
"KXNFLGAME","KXNFLGAME-25DEC07INDJAC","IND at JAC (Dec 7)","2025-12-07","2025-12","2025_14_IND_JAX","REG","2025-12-07T18:00:00Z",FALSE,NA,NA,NA,NA,NA,NA,NA
"KXNFLGAME","KXNFLGAME-25DEC07CINBUF","CIN at BUF (Dec 7)","2025-12-07","2025-12","2025_14_CIN_BUF","REG","2025-12-07T18:00:00Z",FALSE,NA,NA,NA,NA,NA,NA,NA
"KXNFLGAME","KXNFLGAME-25DEC04DALDET","DAL at DET (Dec 4)","2025-12-04","2025-12","2025_14_DAL_DET","REG","2025-12-05T01:15:00Z",FALSE,NA,NA,NA,NA,NA,NA,NA
"KXNFLGAME","KXNFLGAME-25DEC01NYGNE","NYG at NE (Dec 1)","2025-12-01","2025-12","2025_13_NYG_NE","REG","2025-12-02T01:15:00Z",FALSE,NA,NA,NA,NA,NA,NA,NA
"KXNFLGAME","KXNFLGAME-25NOV30DENWAS","DEN at WAS (Nov 30)","2025-11-30","2025-11","2025_13_DEN_WAS","REG","2025-12-01T01:20:00Z",FALSE,NA,NA,NA,NA,NA,NA,NA
"KXNFLGAME","KXNFLGAME-25NOV30LVLAC","LV at LAC (Nov 30)","2025-11-30","2025-11","2025_13_LV_LAC","REG","2025-11-30T21:25:00Z",FALSE,NA,NA,NA,NA,NA,NA,NA
"KXNFLGAME","KXNFLGAME-25NOV30BUFPIT","BUF at PIT (Nov 30)","2025-11-30","2025-11","2025_13_BUF_PIT","REG","2025-11-30T21:25:00Z",FALSE,NA,NA,NA,NA,NA,NA,NA
"KXNFLGAME","KXNFLGAME-25NOV30MINSEA","MIN at SEA (Nov 30)","2025-11-30","2025-11","2025_13_MIN_SEA","REG","2025-11-30T21:05:00Z",FALSE,NA,NA,NA,NA,NA,NA,NA
"KXNFLGAME","KXNFLGAME-25NOV30SFCLE","SF at CLE (Nov 30)","2025-11-30","2025-11","2025_13_SF_CLE","REG","2025-11-30T18:00:00Z",FALSE,NA,NA,NA,NA,NA,NA,NA
"KXNFLGAME","KXNFLGAME-25NOV30NOMIA","NO at MIA (Nov 30)","2025-11-30","2025-11","2025_13_NO_MIA","REG","2025-11-30T18:00:00Z",FALSE,NA,NA,NA,NA,NA,NA,NA
"KXNFLGAME","KXNFLGAME-25NOV30LACAR","LA at CAR (Nov 30)","2025-11-30","2025-11","2025_13_LA_CAR","REG","2025-11-30T18:00:00Z",TRUE,"historical",2,2,0,NA,NA,2
"KXNFLGAME","KXNFLGAME-25NOV30JACTEN","JAC at TEN (Nov 30)","2025-11-30","2025-11","2025_13_JAX_TEN","REG","2025-11-30T18:00:00Z",FALSE,NA,NA,NA,NA,NA,NA,NA
"KXNFLGAME","KXNFLGAME-25NOV30HOUIND","HOU at IND (Nov 30)","2025-11-30","2025-11","2025_13_HOU_IND","REG","2025-11-30T18:00:00Z",FALSE,NA,NA,NA,NA,NA,NA,NA
"KXNFLGAME","KXNFLGAME-25NOV30ATLNYJ","ATL at NYJ (Nov 30)","2025-11-30","2025-11","2025_13_ATL_NYJ","REG","2025-11-30T18:00:00Z",FALSE,NA,NA,NA,NA,NA,NA,NA
"KXNFLGAME","KXNFLGAME-25NOV30ARITB","ARI at TB (Nov 30)","2025-11-30","2025-11","2025_13_ARI_TB","REG","2025-11-30T18:00:00Z",FALSE,NA,NA,NA,NA,NA,NA,NA
"KXNFLGAME","KXNFLGAME-25NOV28CHIPHI","CHI at PHI (Nov 28)","2025-11-28","2025-11","2025_13_CHI_PHI","REG","2025-11-28T20:00:00Z",FALSE,NA,NA,NA,NA,NA,NA,NA
"KXNFLGAME","KXNFLGAME-25NOV27CINBAL","CIN at BAL (Nov 27)","2025-11-27","2025-11","2025_13_CIN_BAL","REG","2025-11-28T01:20:00Z",FALSE,NA,NA,NA,NA,NA,NA,NA
"KXNFLGAME","KXNFLGAME-25NOV27KCDAL","KC at DAL (Nov 27)","2025-11-27","2025-11","2025_13_KC_DAL","REG","2025-11-27T21:30:00Z",FALSE,NA,NA,NA,NA,NA,NA,NA
"KXNFLGAME","KXNFLGAME-25NOV27GBDET","GB at DET (Nov 27)","2025-11-27","2025-11","2025_13_GB_DET","REG","2025-11-27T18:00:00Z",FALSE,NA,NA,NA,NA,NA,NA,NA
"KXNFLGAME","KXNFLGAME-25NOV24CARSF","CAR at SF (Nov 24)","2025-11-24","2025-11","2025_12_CAR_SF","REG","2025-11-25T01:15:00Z",FALSE,NA,NA,NA,NA,NA,NA,NA
"KXNFLGAME","KXNFLGAME-25NOV23TBLA","TB at LA (Nov 23)","2025-11-23","2025-11","2025_12_TB_LA","REG","2025-11-24T01:20:00Z",FALSE,NA,NA,NA,NA,NA,NA,NA
"KXNFLGAME","KXNFLGAME-25NOV23PHIDAL","PHI at DAL (Nov 23)","2025-11-23","2025-11","2025_12_PHI_DAL","REG","2025-11-23T21:25:00Z",FALSE,NA,NA,NA,NA,NA,NA,NA
"KXNFLGAME","KXNFLGAME-25NOV23ATLNO","ATL at NO (Nov 23)","2025-11-23","2025-11","2025_12_ATL_NO","REG","2025-11-23T21:25:00Z",FALSE,NA,NA,NA,NA,NA,NA,NA
"KXNFLGAME","KXNFLGAME-25NOV23JACARI","JAC at ARI (Nov 23)","2025-11-23","2025-11","2025_12_JAX_ARI","REG","2025-11-23T21:05:00Z",TRUE,"historical",2,2,0,NA,NA,2
"KXNFLGAME","KXNFLGAME-25NOV23CLELV","CLE at LV (Nov 23)","2025-11-23","2025-11","2025_12_CLE_LV","REG","2025-11-23T21:05:00Z",FALSE,NA,NA,NA,NA,NA,NA,NA
"KXNFLGAME","KXNFLGAME-25NOV23SEATEN","SEA at TEN (Nov 23)","2025-11-23","2025-11","2025_12_SEA_TEN","REG","2025-11-23T18:00:00Z",FALSE,NA,NA,NA,NA,NA,NA,NA
"KXNFLGAME","KXNFLGAME-25NOV23PITCHI","PIT at CHI (Nov 23)","2025-11-23","2025-11","2025_12_PIT_CHI","REG","2025-11-23T18:00:00Z",FALSE,NA,NA,NA,NA,NA,NA,NA
"KXNFLGAME","KXNFLGAME-25NOV23NYJBAL","NYJ at BAL (Nov 23)","2025-11-23","2025-11","2025_12_NYJ_BAL","REG","2025-11-23T18:00:00Z",FALSE,NA,NA,NA,NA,NA,NA,NA
"KXNFLGAME","KXNFLGAME-25NOV23NYGDET","NYG at DET (Nov 23)","2025-11-23","2025-11","2025_12_NYG_DET","REG","2025-11-23T18:00:00Z",FALSE,NA,NA,NA,NA,NA,NA,NA
"KXNFLGAME","KXNFLGAME-25NOV23NECIN","NE at CIN (Nov 23)","2025-11-23","2025-11","2025_12_NE_CIN","REG","2025-11-23T18:00:00Z",FALSE,NA,NA,NA,NA,NA,NA,NA
"KXNFLGAME","KXNFLGAME-25NOV23MINGB","MIN at GB (Nov 23)","2025-11-23","2025-11","2025_12_MIN_GB","REG","2025-11-23T18:00:00Z",FALSE,NA,NA,NA,NA,NA,NA,NA
"KXNFLGAME","KXNFLGAME-25NOV23INDKC","IND at KC (Nov 23)","2025-11-23","2025-11","2025_12_IND_KC","REG","2025-11-23T18:00:00Z",FALSE,NA,NA,NA,NA,NA,NA,NA
"KXNFLGAME","KXNFLGAME-25NOV20BUFHOU","BUF at HOU (Nov 20)","2025-11-20","2025-11","2025_12_BUF_HOU","REG","2025-11-21T01:15:00Z",FALSE,NA,NA,NA,NA,NA,NA,NA
"KXNFLGAME","KXNFLGAME-25NOV17DALLV","DAL at LV (Nov 17)","2025-11-17","2025-11","2025_11_DAL_LV","REG","2025-11-18T01:15:00Z",FALSE,NA,NA,NA,NA,NA,NA,NA
"KXNFLGAME","KXNFLGAME-25NOV16DETPHI","DET at PHI (Nov 16)","2025-11-16","2025-11","2025_11_DET_PHI","REG","2025-11-17T01:20:00Z",FALSE,NA,NA,NA,NA,NA,NA,NA
"KXNFLGAME","KXNFLGAME-25NOV16KCDEN","KC at DEN (Nov 16)","2025-11-16","2025-11","2025_11_KC_DEN","REG","2025-11-16T21:25:00Z",FALSE,NA,NA,NA,NA,NA,NA,NA
"KXNFLGAME","KXNFLGAME-25NOV16BALCLE","BAL at CLE (Nov 16)","2025-11-16","2025-11","2025_11_BAL_CLE","REG","2025-11-16T21:25:00Z",FALSE,NA,NA,NA,NA,NA,NA,NA
"KXNFLGAME","KXNFLGAME-25NOV16SFARI","SF at ARI (Nov 16)","2025-11-16","2025-11","2025_11_SF_ARI","REG","2025-11-16T21:05:00Z",FALSE,NA,NA,NA,NA,NA,NA,NA
"KXNFLGAME","KXNFLGAME-25NOV16SEALA","SEA at LA (Nov 16)","2025-11-16","2025-11","2025_11_SEA_LA","REG","2025-11-16T21:05:00Z",FALSE,NA,NA,NA,NA,NA,NA,NA
"KXNFLGAME","KXNFLGAME-25NOV16TBBUF","TB at BUF (Nov 16)","2025-11-16","2025-11","2025_11_TB_BUF","REG","2025-11-16T18:00:00Z",FALSE,NA,NA,NA,NA,NA,NA,NA
"KXNFLGAME","KXNFLGAME-25NOV16LACJAC","LAC at JAC (Nov 16)","2025-11-16","2025-11","2025_11_LAC_JAX","REG","2025-11-16T18:00:00Z",FALSE,NA,NA,NA,NA,NA,NA,NA
"KXNFLGAME","KXNFLGAME-25NOV16HOUTEN","HOU at TEN (Nov 16)","2025-11-16","2025-11","2025_11_HOU_TEN","REG","2025-11-16T18:00:00Z",FALSE,NA,NA,NA,NA,NA,NA,NA
"KXNFLGAME","KXNFLGAME-25NOV16GBNYG","GB at NYG (Nov 16)","2025-11-16","2025-11","2025_11_GB_NYG","REG","2025-11-16T18:00:00Z",FALSE,NA,NA,NA,NA,NA,NA,NA
"KXNFLGAME","KXNFLGAME-25NOV16CINPIT","CIN at PIT (Nov 16)","2025-11-16","2025-11","2025_11_CIN_PIT","REG","2025-11-16T18:00:00Z",FALSE,NA,NA,NA,NA,NA,NA,NA
"KXNFLGAME","KXNFLGAME-25NOV16CHIMIN","CHI at MIN (Nov 16)","2025-11-16","2025-11","2025_11_CHI_MIN","REG","2025-11-16T18:00:00Z",FALSE,NA,NA,NA,NA,NA,NA,NA
"KXNFLGAME","KXNFLGAME-25NOV16CARATL","CAR at ATL (Nov 16)","2025-11-16","2025-11","2025_11_CAR_ATL","REG","2025-11-16T18:00:00Z",FALSE,NA,NA,NA,NA,NA,NA,NA
"KXNFLGAME","KXNFLGAME-25NOV16WASMIA","WAS at MIA (Nov 16)","2025-11-16","2025-11","2025_11_WAS_MIA","REG","2025-11-16T14:30:00Z",FALSE,NA,NA,NA,NA,NA,NA,NA
"KXNFLGAME","KXNFLGAME-25NOV13NYJNE","NYJ at NE (Nov 13)","2025-11-13","2025-11","2025_11_NYJ_NE","REG","2025-11-14T01:15:00Z",FALSE,NA,NA,NA,NA,NA,NA,NA
"KXNFLGAME","KXNFLGAME-25NOV10PHIGB","PHI at GB (Nov 10)","2025-11-10","2025-11","2025_10_PHI_GB","REG","2025-11-11T01:15:00Z",FALSE,NA,NA,NA,NA,NA,NA,NA
"KXNFLGAME","KXNFLGAME-25NOV09PITLAC","PIT at LAC (Nov 9)","2025-11-09","2025-11","2025_10_PIT_LAC","REG","2025-11-10T01:20:00Z",TRUE,"historical",2,2,0,NA,NA,2
"KXNFLGAME","KXNFLGAME-25NOV09LASF","LA at SF (Nov 9)","2025-11-09","2025-11","2025_10_LA_SF","REG","2025-11-09T21:25:00Z",FALSE,NA,NA,NA,NA,NA,NA,NA
"KXNFLGAME","KXNFLGAME-25NOV09DETWAS","DET at WAS (Nov 9)","2025-11-09","2025-11","2025_10_DET_WAS","REG","2025-11-09T21:25:00Z",FALSE,NA,NA,NA,NA,NA,NA,NA
"KXNFLGAME","KXNFLGAME-25NOV09ARISEA","ARI at SEA (Nov 9)","2025-11-09","2025-11","2025_10_ARI_SEA","REG","2025-11-09T21:05:00Z",FALSE,NA,NA,NA,NA,NA,NA,NA
"KXNFLGAME","KXNFLGAME-25NOV09NYGCHI","NYG at CHI (Nov 9)","2025-11-09","2025-11","2025_10_NYG_CHI","REG","2025-11-09T18:00:00Z",FALSE,NA,NA,NA,NA,NA,NA,NA
"KXNFLGAME","KXNFLGAME-25NOV09NOCAR","NO at CAR (Nov 9)","2025-11-09","2025-11","2025_10_NO_CAR","REG","2025-11-09T18:00:00Z",FALSE,NA,NA,NA,NA,NA,NA,NA
"KXNFLGAME","KXNFLGAME-25NOV09NETB","NE at TB (Nov 9)","2025-11-09","2025-11","2025_10_NE_TB","REG","2025-11-09T18:00:00Z",FALSE,NA,NA,NA,NA,NA,NA,NA
"KXNFLGAME","KXNFLGAME-25NOV09JACHOU","JAC at HOU (Nov 9)","2025-11-09","2025-11","2025_10_JAX_HOU","REG","2025-11-09T18:00:00Z",FALSE,NA,NA,NA,NA,NA,NA,NA
"KXNFLGAME","KXNFLGAME-25NOV09CLENYJ","CLE at NYJ (Nov 9)","2025-11-09","2025-11","2025_10_CLE_NYJ","REG","2025-11-09T18:00:00Z",FALSE,NA,NA,NA,NA,NA,NA,NA
"KXNFLGAME","KXNFLGAME-25NOV09BUFMIA","BUF at MIA (Nov 9)","2025-11-09","2025-11","2025_10_BUF_MIA","REG","2025-11-09T18:00:00Z",FALSE,NA,NA,NA,NA,NA,NA,NA
"KXNFLGAME","KXNFLGAME-25NOV09BALMIN","BAL at MIN (Nov 9)","2025-11-09","2025-11","2025_10_BAL_MIN","REG","2025-11-09T18:00:00Z",FALSE,NA,NA,NA,NA,NA,NA,NA
"KXNFLGAME","KXNFLGAME-25NOV09ATLIND","ATL at IND (Nov 9)","2025-11-09","2025-11","2025_10_ATL_IND","REG","2025-11-09T14:30:00Z",FALSE,NA,NA,NA,NA,NA,NA,NA
"KXNFLGAME","KXNFLGAME-25NOV06LVDEN","LV at DEN (Nov 6)","2025-11-06","2025-11","2025_10_LV_DEN","REG","2025-11-07T01:15:00Z",FALSE,NA,NA,NA,NA,NA,NA,NA
"KXNFLGAME","KXNFLGAME-25NOV03ARIDAL","ARI at DAL (Nov 3)","2025-11-03","2025-11","2025_09_ARI_DAL","REG","2025-11-04T01:15:00Z",FALSE,NA,NA,NA,NA,NA,NA,NA
"KXNFLGAME","KXNFLGAME-25NOV02SEAWAS","SEA at WAS (Nov 2)","2025-11-02","2025-11","2025_09_SEA_WAS","REG","2025-11-03T01:20:00Z",FALSE,NA,NA,NA,NA,NA,NA,NA
"KXNFLGAME","KXNFLGAME-25NOV02KCBUF","KC at BUF (Nov 2)","2025-11-02","2025-11","2025_09_KC_BUF","REG","2025-11-02T21:25:00Z",FALSE,NA,NA,NA,NA,NA,NA,NA
"KXNFLGAME","KXNFLGAME-25NOV02NOLA","NO at LA (Nov 2)","2025-11-02","2025-11","2025_09_NO_LA","REG","2025-11-02T21:05:00Z",FALSE,NA,NA,NA,NA,NA,NA,NA
"KXNFLGAME","KXNFLGAME-25NOV02JACLV","JAC at LV (Nov 2)","2025-11-02","2025-11","2025_09_JAX_LV","REG","2025-11-02T21:05:00Z",FALSE,NA,NA,NA,NA,NA,NA,NA
"KXNFLGAME","KXNFLGAME-25NOV02SFNYG","SF at NYG (Nov 2)","2025-11-02","2025-11","2025_09_SF_NYG","REG","2025-11-02T18:00:00Z",FALSE,NA,NA,NA,NA,NA,NA,NA
"KXNFLGAME","KXNFLGAME-25NOV02MINDET","MIN at DET (Nov 2)","2025-11-02","2025-11","2025_09_MIN_DET","REG","2025-11-02T18:00:00Z",FALSE,NA,NA,NA,NA,NA,NA,NA
"KXNFLGAME","KXNFLGAME-25NOV02LACTEN","LAC at TEN (Nov 2)","2025-11-02","2025-11","2025_09_LAC_TEN","REG","2025-11-02T18:00:00Z",FALSE,NA,NA,NA,NA,NA,NA,NA
"KXNFLGAME","KXNFLGAME-25NOV02INDPIT","IND at PIT (Nov 2)","2025-11-02","2025-11","2025_09_IND_PIT","REG","2025-11-02T18:00:00Z",FALSE,NA,NA,NA,NA,NA,NA,NA
"KXNFLGAME","KXNFLGAME-25NOV02DENHOU","DEN at HOU (Nov 2)","2025-11-02","2025-11","2025_09_DEN_HOU","REG","2025-11-02T18:00:00Z",FALSE,NA,NA,NA,NA,NA,NA,NA
"KXNFLGAME","KXNFLGAME-25NOV02CHICIN","CHI at CIN (Nov 2)","2025-11-02","2025-11","2025_09_CHI_CIN","REG","2025-11-02T18:00:00Z",FALSE,NA,NA,NA,NA,NA,NA,NA
"KXNFLGAME","KXNFLGAME-25NOV02CARGB","CAR at GB (Nov 2)","2025-11-02","2025-11","2025_09_CAR_GB","REG","2025-11-02T18:00:00Z",FALSE,NA,NA,NA,NA,NA,NA,NA
"KXNFLGAME","KXNFLGAME-25NOV02ATLNE","ATL at NE (Nov 2)","2025-11-02","2025-11","2025_09_ATL_NE","REG","2025-11-02T18:00:00Z",FALSE,NA,NA,NA,NA,NA,NA,NA
"KXNFLGAME","KXNFLGAME-25OCT30BALMIA","BAL at MIA (Oct 30)","2025-10-30","2025-10","2025_09_BAL_MIA","REG","2025-10-31T00:15:00Z",FALSE,NA,NA,NA,NA,NA,NA,NA
"KXNFLGAME","KXNFLGAME-25OCT27WASKC","WAS at KC (Oct 27)","2025-10-27","2025-10","2025_08_WAS_KC","REG","2025-10-28T00:15:00Z",FALSE,NA,NA,NA,NA,NA,NA,NA
"KXNFLGAME","KXNFLGAME-25OCT26GBPIT","GB at PIT (Oct 26)","2025-10-26","2025-10","2025_08_GB_PIT","REG","2025-10-27T00:20:00Z",FALSE,NA,NA,NA,NA,NA,NA,NA
"KXNFLGAME","KXNFLGAME-25OCT26TENIND","TEN at IND (Oct 26)","2025-10-26","2025-10","2025_08_TEN_IND","REG","2025-10-26T20:25:00Z",FALSE,NA,NA,NA,NA,NA,NA,NA
"KXNFLGAME","KXNFLGAME-25OCT26DALDEN","DAL at DEN (Oct 26)","2025-10-26","2025-10","2025_08_DAL_DEN","REG","2025-10-26T20:25:00Z",FALSE,NA,NA,NA,NA,NA,NA,NA
"KXNFLGAME","KXNFLGAME-25OCT26TBNO","TB at NO (Oct 26)","2025-10-26","2025-10","2025_08_TB_NO","REG","2025-10-26T20:05:00Z",FALSE,NA,NA,NA,NA,NA,NA,NA
"KXNFLGAME","KXNFLGAME-25OCT26SFHOU","SF at HOU (Oct 26)","2025-10-26","2025-10","2025_08_SF_HOU","REG","2025-10-26T17:00:00Z",FALSE,NA,NA,NA,NA,NA,NA,NA
"KXNFLGAME","KXNFLGAME-25OCT26NYJCIN","NYJ at CIN (Oct 26)","2025-10-26","2025-10","2025_08_NYJ_CIN","REG","2025-10-26T17:00:00Z",FALSE,NA,NA,NA,NA,NA,NA,NA
"KXNFLGAME","KXNFLGAME-25OCT26NYGPHI","NYG at PHI (Oct 26)","2025-10-26","2025-10","2025_08_NYG_PHI","REG","2025-10-26T17:00:00Z",FALSE,NA,NA,NA,NA,NA,NA,NA
"KXNFLGAME","KXNFLGAME-25OCT26MIAATL","MIA at ATL (Oct 26)","2025-10-26","2025-10","2025_08_MIA_ATL","REG","2025-10-26T17:00:00Z",FALSE,NA,NA,NA,NA,NA,NA,NA
"KXNFLGAME","KXNFLGAME-25OCT26CLENE","CLE at NE (Oct 26)","2025-10-26","2025-10","2025_08_CLE_NE","REG","2025-10-26T17:00:00Z",FALSE,NA,NA,NA,NA,NA,NA,NA
"KXNFLGAME","KXNFLGAME-25OCT26CHIBAL","CHI at BAL (Oct 26)","2025-10-26","2025-10","2025_08_CHI_BAL","REG","2025-10-26T17:00:00Z",FALSE,NA,NA,NA,NA,NA,NA,NA
"KXNFLGAME","KXNFLGAME-25OCT26BUFCAR","BUF at CAR (Oct 26)","2025-10-26","2025-10","2025_08_BUF_CAR","REG","2025-10-26T17:00:00Z",FALSE,NA,NA,NA,NA,NA,NA,NA
"KXNFLGAME","KXNFLGAME-25OCT23MINLAC","MIN at LAC (Oct 23)","2025-10-23","2025-10","2025_08_MIN_LAC","REG","2025-10-24T00:15:00Z",FALSE,NA,NA,NA,NA,NA,NA,NA
"KXNFLGAME","KXNFLGAME-25OCT20HOUSEA","HOU at SEA (Oct 20)","2025-10-20","2025-10","2025_07_HOU_SEA","REG","2025-10-21T02:00:00Z",FALSE,NA,NA,NA,NA,NA,NA,NA
"KXNFLGAME","KXNFLGAME-25OCT20TBDET","TB at DET (Oct 20)","2025-10-20","2025-10","2025_07_TB_DET","REG","2025-10-20T23:00:00Z",FALSE,NA,NA,NA,NA,NA,NA,NA
"KXNFLGAME","KXNFLGAME-25OCT19ATLSF","ATL at SF (Oct 19)","2025-10-19","2025-10","2025_07_ATL_SF","REG","2025-10-20T00:20:00Z",FALSE,NA,NA,NA,NA,NA,NA,NA
"KXNFLGAME","KXNFLGAME-25OCT19WASDAL","WAS at DAL (Oct 19)","2025-10-19","2025-10","2025_07_WAS_DAL","REG","2025-10-19T20:25:00Z",FALSE,NA,NA,NA,NA,NA,NA,NA
"KXNFLGAME","KXNFLGAME-25OCT19GBARI","GB at ARI (Oct 19)","2025-10-19","2025-10","2025_07_GB_ARI","REG","2025-10-19T20:25:00Z",FALSE,NA,NA,NA,NA,NA,NA,NA
"KXNFLGAME","KXNFLGAME-25OCT19NYGDEN","NYG at DEN (Oct 19)","2025-10-19","2025-10","2025_07_NYG_DEN","REG","2025-10-19T20:05:00Z",FALSE,NA,NA,NA,NA,NA,NA,NA
"KXNFLGAME","KXNFLGAME-25OCT19INDLAC","IND at LAC (Oct 19)","2025-10-19","2025-10","2025_07_IND_LAC","REG","2025-10-19T20:05:00Z",FALSE,NA,NA,NA,NA,NA,NA,NA
"KXNFLGAME","KXNFLGAME-25OCT19PHIMIN","PHI at MIN (Oct 19)","2025-10-19","2025-10","2025_07_PHI_MIN","REG","2025-10-19T17:00:00Z",FALSE,NA,NA,NA,NA,NA,NA,NA
"KXNFLGAME","KXNFLGAME-25OCT19NOCHI","NO at CHI (Oct 19)","2025-10-19","2025-10","2025_07_NO_CHI","REG","2025-10-19T17:00:00Z",FALSE,NA,NA,NA,NA,NA,NA,NA
"KXNFLGAME","KXNFLGAME-25OCT19NETEN","NE at TEN (Oct 19)","2025-10-19","2025-10","2025_07_NE_TEN","REG","2025-10-19T17:00:00Z",FALSE,NA,NA,NA,NA,NA,NA,NA
"KXNFLGAME","KXNFLGAME-25OCT19MIACLE","MIA at CLE (Oct 19)","2025-10-19","2025-10","2025_07_MIA_CLE","REG","2025-10-19T17:00:00Z",FALSE,NA,NA,NA,NA,NA,NA,NA
"KXNFLGAME","KXNFLGAME-25OCT19LVKC","LV at KC (Oct 19)","2025-10-19","2025-10","2025_07_LV_KC","REG","2025-10-19T17:00:00Z",FALSE,NA,NA,NA,NA,NA,NA,NA
"KXNFLGAME","KXNFLGAME-25OCT19CARNYJ","CAR at NYJ (Oct 19)","2025-10-19","2025-10","2025_07_CAR_NYJ","REG","2025-10-19T17:00:00Z",FALSE,NA,NA,NA,NA,NA,NA,NA
"KXNFLGAME","KXNFLGAME-25OCT19LAJAC","LA at JAC (Oct 19)","2025-10-19","2025-10","2025_07_LA_JAX","REG","2025-10-19T13:30:00Z",FALSE,NA,NA,NA,NA,NA,NA,NA
"KXNFLGAME","KXNFLGAME-25OCT16PITCIN","PIT at CIN (Oct 16)","2025-10-16","2025-10","2025_07_PIT_CIN","REG","2025-10-17T00:15:00Z",FALSE,NA,NA,NA,NA,NA,NA,NA
"KXNFLGAME","KXNFLGAME-25OCT13CHIWAS","CHI at WAS (Oct 13)","2025-10-13","2025-10","2025_06_CHI_WAS","REG","2025-10-14T00:15:00Z",FALSE,NA,NA,NA,NA,NA,NA,NA
"KXNFLGAME","KXNFLGAME-25OCT13BUFATL","BUF at ATL (Oct 13)","2025-10-13","2025-10","2025_06_BUF_ATL","REG","2025-10-13T23:15:00Z",TRUE,"historical",2,2,0,NA,NA,2
"KXNFLGAME","KXNFLGAME-25OCT12DETKC","DET at KC (Oct 12)","2025-10-12","2025-10","2025_06_DET_KC","REG","2025-10-13T00:20:00Z",TRUE,"historical",2,2,0,NA,NA,2
"KXNFLGAME","KXNFLGAME-25OCT12SFTB","SF at TB (Oct 12)","2025-10-12","2025-10","2025_06_SF_TB","REG","2025-10-12T20:25:00Z",FALSE,NA,NA,NA,NA,NA,NA,NA
"KXNFLGAME","KXNFLGAME-25OCT12CINGB","CIN at GB (Oct 12)","2025-10-12","2025-10","2025_06_CIN_GB","REG","2025-10-12T20:25:00Z",FALSE,NA,NA,NA,NA,NA,NA,NA
"KXNFLGAME","KXNFLGAME-25OCT12TENLV","TEN at LV (Oct 12)","2025-10-12","2025-10","2025_06_TEN_LV","REG","2025-10-12T20:05:00Z",FALSE,NA,NA,NA,NA,NA,NA,NA
"KXNFLGAME","KXNFLGAME-25OCT12SEAJAC","SEA at JAC (Oct 12)","2025-10-12","2025-10","2025_06_SEA_JAX","REG","2025-10-12T17:00:00Z",FALSE,NA,NA,NA,NA,NA,NA,NA
"KXNFLGAME","KXNFLGAME-25OCT12NENO","NE at NO (Oct 12)","2025-10-12","2025-10","2025_06_NE_NO","REG","2025-10-12T17:00:00Z",FALSE,NA,NA,NA,NA,NA,NA,NA
"KXNFLGAME","KXNFLGAME-25OCT12LACMIA","LAC at MIA (Oct 12)","2025-10-12","2025-10","2025_06_LAC_MIA","REG","2025-10-12T17:00:00Z",FALSE,NA,NA,NA,NA,NA,NA,NA
"KXNFLGAME","KXNFLGAME-25OCT12LABAL","LA at BAL (Oct 12)","2025-10-12","2025-10","2025_06_LA_BAL","REG","2025-10-12T17:00:00Z",FALSE,NA,NA,NA,NA,NA,NA,NA
"KXNFLGAME","KXNFLGAME-25OCT12DALCAR","DAL at CAR (Oct 12)","2025-10-12","2025-10","2025_06_DAL_CAR","REG","2025-10-12T17:00:00Z",FALSE,NA,NA,NA,NA,NA,NA,NA
"KXNFLGAME","KXNFLGAME-25OCT12CLEPIT","CLE at PIT (Oct 12)","2025-10-12","2025-10","2025_06_CLE_PIT","REG","2025-10-12T17:00:00Z",TRUE,"historical",2,2,0,NA,NA,2
"KXNFLGAME","KXNFLGAME-25OCT12ARIIND","ARI at IND (Oct 12)","2025-10-12","2025-10","2025_06_ARI_IND","REG","2025-10-12T17:00:00Z",FALSE,NA,NA,NA,NA,NA,NA,NA
"KXNFLGAME","KXNFLGAME-25OCT12DENNYJ","DEN at NYJ (Oct 12)","2025-10-12","2025-10","2025_06_DEN_NYJ","REG","2025-10-12T13:30:00Z",FALSE,NA,NA,NA,NA,NA,NA,NA
"KXNFLGAME","KXNFLGAME-25OCT09PHINYG","PHI at NYG (Oct 9)","2025-10-09","2025-10","2025_06_PHI_NYG","REG","2025-10-10T00:15:00Z",FALSE,NA,NA,NA,NA,NA,NA,NA
"KXNFLGAME","KXNFLGAME-25OCT06KCJAC","KC at JAC (Oct 6)","2025-10-06","2025-10","2025_05_KC_JAX","REG","2025-10-07T00:15:00Z",FALSE,NA,NA,NA,NA,NA,NA,NA
"KXNFLGAME","KXNFLGAME-25OCT05NEBUF","NE at BUF (Oct 5)","2025-10-05","2025-10","2025_05_NE_BUF","REG","2025-10-06T00:20:00Z",FALSE,NA,NA,NA,NA,NA,NA,NA
"KXNFLGAME","KXNFLGAME-25OCT05WASLAC","WAS at LAC (Oct 5)","2025-10-05","2025-10","2025_05_WAS_LAC","REG","2025-10-05T20:25:00Z",FALSE,NA,NA,NA,NA,NA,NA,NA
"KXNFLGAME","KXNFLGAME-25OCT05DETCIN","DET at CIN (Oct 5)","2025-10-05","2025-10","2025_05_DET_CIN","REG","2025-10-05T20:25:00Z",FALSE,NA,NA,NA,NA,NA,NA,NA
"KXNFLGAME","KXNFLGAME-25OCT05TENARI","TEN at ARI (Oct 5)","2025-10-05","2025-10","2025_05_TEN_ARI","REG","2025-10-05T20:05:00Z",FALSE,NA,NA,NA,NA,NA,NA,NA
"KXNFLGAME","KXNFLGAME-25OCT05TBSEA","TB at SEA (Oct 5)","2025-10-05","2025-10","2025_05_TB_SEA","REG","2025-10-05T20:05:00Z",FALSE,NA,NA,NA,NA,NA,NA,NA
"KXNFLGAME","KXNFLGAME-25OCT05NYGNO","NYG at NO (Oct 5)","2025-10-05","2025-10","2025_05_NYG_NO","REG","2025-10-05T17:00:00Z",FALSE,NA,NA,NA,NA,NA,NA,NA
"KXNFLGAME","KXNFLGAME-25OCT05MIACAR","MIA at CAR (Oct 5)","2025-10-05","2025-10","2025_05_MIA_CAR","REG","2025-10-05T17:00:00Z",FALSE,NA,NA,NA,NA,NA,NA,NA
"KXNFLGAME","KXNFLGAME-25OCT05LVIND","LV at IND (Oct 5)","2025-10-05","2025-10","2025_05_LV_IND","REG","2025-10-05T17:00:00Z",FALSE,NA,NA,NA,NA,NA,NA,NA
"KXNFLGAME","KXNFLGAME-25OCT05HOUBAL","HOU at BAL (Oct 5)","2025-10-05","2025-10","2025_05_HOU_BAL","REG","2025-10-05T17:00:00Z",FALSE,NA,NA,NA,NA,NA,NA,NA
"KXNFLGAME","KXNFLGAME-25OCT05DENPHI","DEN at PHI (Oct 5)","2025-10-05","2025-10","2025_05_DEN_PHI","REG","2025-10-05T17:00:00Z",FALSE,NA,NA,NA,NA,NA,NA,NA
"KXNFLGAME","KXNFLGAME-25OCT05DALNYJ","DAL at NYJ (Oct 5)","2025-10-05","2025-10","2025_05_DAL_NYJ","REG","2025-10-05T17:00:00Z",FALSE,NA,NA,NA,NA,NA,NA,NA
"KXNFLGAME","KXNFLGAME-25OCT05MINCLE","MIN at CLE (Oct 5)","2025-10-05","2025-10","2025_05_MIN_CLE","REG","2025-10-05T13:30:00Z",FALSE,NA,NA,NA,NA,NA,NA,NA
"KXNFLGAME","KXNFLGAME-25OCT02SFLA","SF at LA (Oct 2)","2025-10-02","2025-10","2025_05_SF_LA","REG","2025-10-03T00:15:00Z",FALSE,NA,NA,NA,NA,NA,NA,NA
"KXNFLGAME","KXNFLGAME-25SEP29CINDEN","CIN at DEN (Sep 29)","2025-09-29","2025-09","2025_04_CIN_DEN","REG","2025-09-30T00:15:00Z",FALSE,NA,NA,NA,NA,NA,NA,NA
"KXNFLGAME","KXNFLGAME-25SEP29NYJMIA","NYJ at MIA (Sep 29)","2025-09-29","2025-09","2025_04_NYJ_MIA","REG","2025-09-29T23:15:00Z",FALSE,NA,NA,NA,NA,NA,NA,NA
"KXNFLGAME","KXNFLGAME-25SEP28GBDAL","GB at DAL (Sep 28)","2025-09-28","2025-09","2025_04_GB_DAL","REG","2025-09-29T00:20:00Z",FALSE,NA,NA,NA,NA,NA,NA,NA
"KXNFLGAME","KXNFLGAME-25SEP28CHILV","CHI at LV (Sep 28)","2025-09-28","2025-09","2025_04_CHI_LV","REG","2025-09-28T20:25:00Z",FALSE,NA,NA,NA,NA,NA,NA,NA
"KXNFLGAME","KXNFLGAME-25SEP28BALKC","BAL at KC (Sep 28)","2025-09-28","2025-09","2025_04_BAL_KC","REG","2025-09-28T20:25:00Z",FALSE,NA,NA,NA,NA,NA,NA,NA
"KXNFLGAME","KXNFLGAME-25SEP28JACSF","JAC at SF (Sep 28)","2025-09-28","2025-09","2025_04_JAX_SF","REG","2025-09-28T20:05:00Z",FALSE,NA,NA,NA,NA,NA,NA,NA
"KXNFLGAME","KXNFLGAME-25SEP28INDLA","IND at LA (Sep 28)","2025-09-28","2025-09","2025_04_IND_LA","REG","2025-09-28T20:05:00Z",FALSE,NA,NA,NA,NA,NA,NA,NA
"KXNFLGAME","KXNFLGAME-25SEP28WASATL","WAS at ATL (Sep 28)","2025-09-28","2025-09","2025_04_WAS_ATL","REG","2025-09-28T17:00:00Z",TRUE,"historical",2,2,0,NA,NA,2
"KXNFLGAME","KXNFLGAME-25SEP28TENHOU","TEN at HOU (Sep 28)","2025-09-28","2025-09","2025_04_TEN_HOU","REG","2025-09-28T17:00:00Z",FALSE,NA,NA,NA,NA,NA,NA,NA
"KXNFLGAME","KXNFLGAME-25SEP28PHITB","PHI at TB (Sep 28)","2025-09-28","2025-09","2025_04_PHI_TB","REG","2025-09-28T17:00:00Z",FALSE,NA,NA,NA,NA,NA,NA,NA
"KXNFLGAME","KXNFLGAME-25SEP28NOBUF","NO at BUF (Sep 28)","2025-09-28","2025-09","2025_04_NO_BUF","REG","2025-09-28T17:00:00Z",FALSE,NA,NA,NA,NA,NA,NA,NA
"KXNFLGAME","KXNFLGAME-25SEP28LACNYG","LAC at NYG (Sep 28)","2025-09-28","2025-09","2025_04_LAC_NYG","REG","2025-09-28T17:00:00Z",FALSE,NA,NA,NA,NA,NA,NA,NA
"KXNFLGAME","KXNFLGAME-25SEP28CLEDET","CLE at DET (Sep 28)","2025-09-28","2025-09","2025_04_CLE_DET","REG","2025-09-28T17:00:00Z",FALSE,NA,NA,NA,NA,NA,NA,NA
"KXNFLGAME","KXNFLGAME-25SEP28CARNE","CAR at NE (Sep 28)","2025-09-28","2025-09","2025_04_CAR_NE","REG","2025-09-28T17:00:00Z",FALSE,NA,NA,NA,NA,NA,NA,NA
"KXNFLGAME","KXNFLGAME-25SEP28MINPIT","MIN at PIT (Sep 28)","2025-09-28","2025-09","2025_04_MIN_PIT","REG","2025-09-28T13:30:00Z",FALSE,NA,NA,NA,NA,NA,NA,NA
"KXNFLGAME","KXNFLGAME-25SEP25SEAARI","SEA at ARI (Sep 25)","2025-09-25","2025-09","2025_04_SEA_ARI","REG","2025-09-26T00:15:00Z",TRUE,"historical",2,2,0,NA,NA,2
"KXNFLGAME","KXNFLGAME-25SEP22DETBAL","DET at BAL (Sep 22)","2025-09-22","2025-09","2025_03_DET_BAL","REG","2025-09-23T00:15:00Z",FALSE,NA,NA,NA,NA,NA,NA,NA
"KXNFLGAME","KXNFLGAME-25SEP21KCNYG","KC at NYG (Sep 21)","2025-09-21","2025-09","2025_03_KC_NYG","REG","2025-09-22T00:20:00Z",FALSE,NA,NA,NA,NA,NA,NA,NA
"KXNFLGAME","KXNFLGAME-25SEP21DALCHI","DAL at CHI (Sep 21)","2025-09-21","2025-09","2025_03_DAL_CHI","REG","2025-09-21T20:25:00Z",TRUE,"historical",2,2,0,NA,NA,2
"KXNFLGAME","KXNFLGAME-25SEP21ARISF","ARI at SF (Sep 21)","2025-09-21","2025-09","2025_03_ARI_SF","REG","2025-09-21T20:25:00Z",FALSE,NA,NA,NA,NA,NA,NA,NA
"KXNFLGAME","KXNFLGAME-25SEP21NOSEA","NO at SEA (Sep 21)","2025-09-21","2025-09","2025_03_NO_SEA","REG","2025-09-21T20:05:00Z",FALSE,NA,NA,NA,NA,NA,NA,NA
"KXNFLGAME","KXNFLGAME-25SEP21DENLAC","DEN at LAC (Sep 21)","2025-09-21","2025-09","2025_03_DEN_LAC","REG","2025-09-21T20:05:00Z",FALSE,NA,NA,NA,NA,NA,NA,NA
"KXNFLGAME","KXNFLGAME-25SEP21PITNE","PIT at NE (Sep 21)","2025-09-21","2025-09","2025_03_PIT_NE","REG","2025-09-21T17:00:00Z",FALSE,NA,NA,NA,NA,NA,NA,NA
"KXNFLGAME","KXNFLGAME-25SEP21NYJTB","NYJ at TB (Sep 21)","2025-09-21","2025-09","2025_03_NYJ_TB","REG","2025-09-21T17:00:00Z",FALSE,NA,NA,NA,NA,NA,NA,NA
"KXNFLGAME","KXNFLGAME-25SEP21LVWAS","LV at WAS (Sep 21)","2025-09-21","2025-09","2025_03_LV_WAS","REG","2025-09-21T17:00:00Z",FALSE,NA,NA,NA,NA,NA,NA,NA
"KXNFLGAME","KXNFLGAME-25SEP21LAPHI","LA at PHI (Sep 21)","2025-09-21","2025-09","2025_03_LA_PHI","REG","2025-09-21T17:00:00Z",FALSE,NA,NA,NA,NA,NA,NA,NA
"KXNFLGAME","KXNFLGAME-25SEP21INDTEN","IND at TEN (Sep 21)","2025-09-21","2025-09","2025_03_IND_TEN","REG","2025-09-21T17:00:00Z",FALSE,NA,NA,NA,NA,NA,NA,NA
"KXNFLGAME","KXNFLGAME-25SEP21HOUJAC","HOU at JAC (Sep 21)","2025-09-21","2025-09","2025_03_HOU_JAX","REG","2025-09-21T17:00:00Z",FALSE,NA,NA,NA,NA,NA,NA,NA
"KXNFLGAME","KXNFLGAME-25SEP21GBCLE","GB at CLE (Sep 21)","2025-09-21","2025-09","2025_03_GB_CLE","REG","2025-09-21T17:00:00Z",FALSE,NA,NA,NA,NA,NA,NA,NA
"KXNFLGAME","KXNFLGAME-25SEP21CINMIN","CIN at MIN (Sep 21)","2025-09-21","2025-09","2025_03_CIN_MIN","REG","2025-09-21T17:00:00Z",FALSE,NA,NA,NA,NA,NA,NA,NA
"KXNFLGAME","KXNFLGAME-25SEP21ATLCAR","ATL at CAR (Sep 21)","2025-09-21","2025-09","2025_03_ATL_CAR","REG","2025-09-21T17:00:00Z",FALSE,NA,NA,NA,NA,NA,NA,NA
"KXNFLGAME","KXNFLGAME-25SEP18MIABUF","MIA at BUF (Sep 18)","2025-09-18","2025-09","2025_03_MIA_BUF","REG","2025-09-19T00:15:00Z",FALSE,NA,NA,NA,NA,NA,NA,NA
"KXNFLGAME","KXNFLGAME-25SEP15LACLV","LAC at LV (Sep 15)","2025-09-15","2025-09","2025_02_LAC_LV","REG","2025-09-16T02:00:00Z",FALSE,NA,NA,NA,NA,NA,NA,NA
"KXNFLGAME","KXNFLGAME-25SEP15TBHOU","TB at HOU (Sep 15)","2025-09-15","2025-09","2025_02_TB_HOU","REG","2025-09-15T23:00:00Z",FALSE,NA,NA,NA,NA,NA,NA,NA
"KXNFLGAME","KXNFLGAME-25SEP14ATLMIN","ATL at MIN (Sep 14)","2025-09-14","2025-09","2025_02_ATL_MIN","REG","2025-09-15T00:20:00Z",FALSE,NA,NA,NA,NA,NA,NA,NA
"KXNFLGAME","KXNFLGAME-25SEP14PHIKC","PHI at KC (Sep 14)","2025-09-14","2025-09","2025_02_PHI_KC","REG","2025-09-14T20:25:00Z",FALSE,NA,NA,NA,NA,NA,NA,NA
"KXNFLGAME","KXNFLGAME-25SEP14DENIND","DEN at IND (Sep 14)","2025-09-14","2025-09","2025_02_DEN_IND","REG","2025-09-14T20:05:00Z",FALSE,NA,NA,NA,NA,NA,NA,NA
"KXNFLGAME","KXNFLGAME-25SEP14CARARI","CAR at ARI (Sep 14)","2025-09-14","2025-09","2025_02_CAR_ARI","REG","2025-09-14T20:05:00Z",FALSE,NA,NA,NA,NA,NA,NA,NA
"KXNFLGAME","KXNFLGAME-25SEP14SFNO","SF at NO (Sep 14)","2025-09-14","2025-09","2025_02_SF_NO","REG","2025-09-14T17:00:00Z",FALSE,NA,NA,NA,NA,NA,NA,NA
"KXNFLGAME","KXNFLGAME-25SEP14SEAPIT","SEA at PIT (Sep 14)","2025-09-14","2025-09","2025_02_SEA_PIT","REG","2025-09-14T17:00:00Z",FALSE,NA,NA,NA,NA,NA,NA,NA
"KXNFLGAME","KXNFLGAME-25SEP14NYGDAL","NYG at DAL (Sep 14)","2025-09-14","2025-09","2025_02_NYG_DAL","REG","2025-09-14T17:00:00Z",FALSE,NA,NA,NA,NA,NA,NA,NA
"KXNFLGAME","KXNFLGAME-25SEP14NEMIA","NE at MIA (Sep 14)","2025-09-14","2025-09","2025_02_NE_MIA","REG","2025-09-14T17:00:00Z",FALSE,NA,NA,NA,NA,NA,NA,NA
"KXNFLGAME","KXNFLGAME-25SEP14LATEN","LA at TEN (Sep 14)","2025-09-14","2025-09","2025_02_LA_TEN","REG","2025-09-14T17:00:00Z",FALSE,NA,NA,NA,NA,NA,NA,NA
"KXNFLGAME","KXNFLGAME-25SEP14JACCIN","JAC at CIN (Sep 14)","2025-09-14","2025-09","2025_02_JAX_CIN","REG","2025-09-14T17:00:00Z",FALSE,NA,NA,NA,NA,NA,NA,NA
"KXNFLGAME","KXNFLGAME-25SEP14CLEBAL","CLE at BAL (Sep 14)","2025-09-14","2025-09","2025_02_CLE_BAL","REG","2025-09-14T17:00:00Z",FALSE,NA,NA,NA,NA,NA,NA,NA
"KXNFLGAME","KXNFLGAME-25SEP14CHIDET","CHI at DET (Sep 14)","2025-09-14","2025-09","2025_02_CHI_DET","REG","2025-09-14T17:00:00Z",FALSE,NA,NA,NA,NA,NA,NA,NA
"KXNFLGAME","KXNFLGAME-25SEP14BUFNYJ","BUF at NYJ (Sep 14)","2025-09-14","2025-09","2025_02_BUF_NYJ","REG","2025-09-14T17:00:00Z",FALSE,NA,NA,NA,NA,NA,NA,NA
"KXNFLGAME","KXNFLGAME-25SEP11WASGB","WAS at GB (Sep 11)","2025-09-11","2025-09","2025_02_WAS_GB","REG","2025-09-12T00:15:00Z",FALSE,NA,NA,NA,NA,NA,NA,NA
"KXNFLGAME","KXNFLGAME-25SEP08MINCHI","MIN at CHI (Sep 8)","2025-09-08","2025-09","2025_01_MIN_CHI","REG","2025-09-09T00:15:00Z",FALSE,NA,NA,NA,NA,NA,NA,NA
"KXNFLGAME","KXNFLGAME-25SEP07BALBUF","BAL at BUF (Sep 7)","2025-09-07","2025-09","2025_01_BAL_BUF","REG","2025-09-08T00:20:00Z",FALSE,NA,NA,NA,NA,NA,NA,NA
"KXNFLGAME","KXNFLGAME-25SEP07HOULA","HOU at LA (Sep 7)","2025-09-07","2025-09","2025_01_HOU_LA","REG","2025-09-07T20:25:00Z",FALSE,NA,NA,NA,NA,NA,NA,NA
"KXNFLGAME","KXNFLGAME-25SEP07DETGB","DET at GB (Sep 7)","2025-09-07","2025-09","2025_01_DET_GB","REG","2025-09-07T20:25:00Z",FALSE,NA,NA,NA,NA,NA,NA,NA
"KXNFLGAME","KXNFLGAME-25SEP07TENDEN","TEN at DEN (Sep 7)","2025-09-07","2025-09","2025_01_TEN_DEN","REG","2025-09-07T20:05:00Z",FALSE,NA,NA,NA,NA,NA,NA,NA
"KXNFLGAME","KXNFLGAME-25SEP07SFSEA","SF at SEA (Sep 7)","2025-09-07","2025-09","2025_01_SF_SEA","REG","2025-09-07T20:05:00Z",FALSE,NA,NA,NA,NA,NA,NA,NA
"KXNFLGAME","KXNFLGAME-25SEP07TBATL","TB at ATL (Sep 7)","2025-09-07","2025-09","2025_01_TB_ATL","REG","2025-09-07T17:00:00Z",FALSE,NA,NA,NA,NA,NA,NA,NA
"KXNFLGAME","KXNFLGAME-25SEP07PITNYJ","PIT at NYJ (Sep 7)","2025-09-07","2025-09","2025_01_PIT_NYJ","REG","2025-09-07T17:00:00Z",FALSE,NA,NA,NA,NA,NA,NA,NA
"KXNFLGAME","KXNFLGAME-25SEP07NYGWAS","NYG at WAS (Sep 7)","2025-09-07","2025-09","2025_01_NYG_WAS","REG","2025-09-07T17:00:00Z",FALSE,NA,NA,NA,NA,NA,NA,NA
"KXNFLGAME","KXNFLGAME-25SEP07MIAIND","MIA at IND (Sep 7)","2025-09-07","2025-09","2025_01_MIA_IND","REG","2025-09-07T17:00:00Z",FALSE,NA,NA,NA,NA,NA,NA,NA
"KXNFLGAME","KXNFLGAME-25SEP07LVNE","LV at NE (Sep 7)","2025-09-07","2025-09","2025_01_LV_NE","REG","2025-09-07T17:00:00Z",FALSE,NA,NA,NA,NA,NA,NA,NA
"KXNFLGAME","KXNFLGAME-25SEP07CINCLE","CIN at CLE (Sep 7)","2025-09-07","2025-09","2025_01_CIN_CLE","REG","2025-09-07T17:00:00Z",FALSE,NA,NA,NA,NA,NA,NA,NA
"KXNFLGAME","KXNFLGAME-25SEP07CARJAC","CAR at JAC (Sep 7)","2025-09-07","2025-09","2025_01_CAR_JAX","REG","2025-09-07T17:00:00Z",FALSE,NA,NA,NA,NA,NA,NA,NA
"KXNFLGAME","KXNFLGAME-25SEP07ARINO","ARI at NO (Sep 7)","2025-09-07","2025-09","2025_01_ARI_NO","REG","2025-09-07T17:00:00Z",FALSE,NA,NA,NA,NA,NA,NA,NA
"KXNFLGAME","KXNFLGAME-25SEP05KCLAC","KC at LAC (Sep 5)","2025-09-05","2025-09","2025_01_KC_LAC","REG","2025-09-06T00:00:00Z",FALSE,NA,NA,NA,NA,NA,NA,NA
"KXNFLGAME","KXNFLGAME-25SEP04DALPHI","DAL at PHI (Sep 4)","2025-09-04","2025-09","2025_01_DAL_PHI","REG","2025-09-05T00:20:00Z",FALSE,NA,NA,NA,NA,NA,NA,NA
"KXNFLGAME","KXNFLGAME-25AUG23LVARI","LV at ARI (Aug 23)","2025-08-23","2025-08",NA,NA,NA,FALSE,NA,NA,NA,NA,NA,NA,NA
"KXNFLGAME","KXNFLGAME-25AUG23LACSF","LAC at SF (Aug 23)","2025-08-23","2025-08",NA,NA,NA,FALSE,NA,NA,NA,NA,NA,NA,NA
"KXNFLGAME","KXNFLGAME-25AUG23BUFTB","BUF at TB (Aug 23)","2025-08-23","2025-08",NA,NA,NA,FALSE,NA,NA,NA,NA,NA,NA,NA
"KXNFLGAME","KXNFLGAME-25AUG23JACMIA","JAC at MIA (Aug 23)","2025-08-23","2025-08",NA,NA,NA,FALSE,NA,NA,NA,NA,NA,NA,NA
"KXNFLGAME","KXNFLGAME-25AUG23SEAGB","SEA at GB (Aug 23)","2025-08-23","2025-08",NA,NA,NA,FALSE,NA,NA,NA,NA,NA,NA,NA
"KXNFLGAME","KXNFLGAME-25AUG23LACLE","LA at CLE (Aug 23)","2025-08-23","2025-08",NA,NA,NA,FALSE,NA,NA,NA,NA,NA,NA,NA
"KXNFLGAME","KXNFLGAME-25AUG23INDCIN","IND at CIN (Aug 23)","2025-08-23","2025-08",NA,NA,NA,FALSE,NA,NA,NA,NA,NA,NA,NA
"KXNFLGAME","KXNFLGAME-25AUG23HOUDET","HOU at DET (Aug 23)","2025-08-23","2025-08",NA,NA,NA,FALSE,NA,NA,NA,NA,NA,NA,NA
"KXNFLGAME","KXNFLGAME-25AUG23DENNO","DEN at NO (Aug 23)","2025-08-23","2025-08",NA,NA,NA,FALSE,NA,NA,NA,NA,NA,NA,NA
"KXNFLGAME","KXNFLGAME-25AUG23BALWAS","BAL at WAS (Aug 23)","2025-08-23","2025-08",NA,NA,NA,FALSE,NA,NA,NA,NA,NA,NA,NA
"KXNFLGAME","KXNFLGAME-25AUG22CHIKC","CHI at KC (Aug 22)","2025-08-22","2025-08",NA,NA,NA,FALSE,NA,NA,NA,NA,NA,NA,NA
"KXNFLGAME","KXNFLGAME-25AUG22MINTEN","MIN at TEN (Aug 22)","2025-08-22","2025-08",NA,NA,NA,FALSE,NA,NA,NA,NA,NA,NA,NA
"KXNFLGAME","KXNFLGAME-25AUG22ATLDAL","ATL at DAL (Aug 22)","2025-08-22","2025-08",NA,NA,NA,FALSE,NA,NA,NA,NA,NA,NA,NA
"KXNFLGAME","KXNFLGAME-25AUG22PHINYJ","PHI at NYJ (Aug 22)","2025-08-22","2025-08",NA,NA,NA,FALSE,NA,NA,NA,NA,NA,NA,NA
"KXNFLGAME","KXNFLGAME-25AUG21NENYG","NE at NYG (Aug 21)","2025-08-21","2025-08",NA,NA,NA,FALSE,NA,NA,NA,NA,NA,NA,NA
"KXNFLGAME","KXNFLGAME-25AUG21PITCAR","PIT at CAR (Aug 21)","2025-08-21","2025-08",NA,NA,NA,FALSE,NA,NA,NA,NA,NA,NA,NA
"KXNFLGAME","KXNFLGAME-25AUG18CINWAS","CIN at WAS (Aug 18)","2025-08-18","2025-08",NA,NA,NA,FALSE,NA,NA,NA,NA,NA,NA,NA
"KXNFLGAME","KXNFLGAME-25AUG17BUFCHI","BUF at CHI (Aug 17)","2025-08-17","2025-08",NA,NA,NA,FALSE,NA,NA,NA,NA,NA,NA,NA
"KXNFLGAME","KXNFLGAME-25AUG17JACNO","JAC at NO (Aug 17)","2025-08-17","2025-08",NA,NA,NA,FALSE,NA,NA,NA,NA,NA,NA,NA
"KXNFLGAME","KXNFLGAME-25AUG16ARIDEN","ARI at DEN (Aug 16)","2025-08-16","2025-08",NA,NA,NA,FALSE,NA,NA,NA,NA,NA,NA,NA
"KXNFLGAME","KXNFLGAME-25AUG16TBPIT","TB at PIT (Aug 16)","2025-08-16","2025-08",NA,NA,NA,FALSE,NA,NA,NA,NA,NA,NA,NA
"KXNFLGAME","KXNFLGAME-25AUG16NYJNYG","NYJ at NYG (Aug 16)","2025-08-16","2025-08",NA,NA,NA,FALSE,NA,NA,NA,NA,NA,NA,NA
"KXNFLGAME","KXNFLGAME-25AUG16LACLA","LAC at LA (Aug 16)","2025-08-16","2025-08",NA,NA,NA,FALSE,NA,NA,NA,NA,NA,NA,NA
"KXNFLGAME","KXNFLGAME-25AUG16BALDAL","BAL at DAL (Aug 16)","2025-08-16","2025-08",NA,NA,NA,FALSE,NA,NA,NA,NA,NA,NA,NA
"KXNFLGAME","KXNFLGAME-25AUG16SFLV","SF at LV (Aug 16)","2025-08-16","2025-08",NA,NA,NA,FALSE,NA,NA,NA,NA,NA,NA,NA
"KXNFLGAME","KXNFLGAME-25AUG16NEMIN","NE at MIN (Aug 16)","2025-08-16","2025-08",NA,NA,NA,FALSE,NA,NA,NA,NA,NA,NA,NA
"KXNFLGAME","KXNFLGAME-25AUG16MIADET","MIA at DET (Aug 16)","2025-08-16","2025-08",NA,NA,NA,FALSE,NA,NA,NA,NA,NA,NA,NA
"KXNFLGAME","KXNFLGAME-25AUG16GBIND","GB at IND (Aug 16)","2025-08-16","2025-08",NA,NA,NA,FALSE,NA,NA,NA,NA,NA,NA,NA
"KXNFLGAME","KXNFLGAME-25AUG16CLEPHI","CLE at PHI (Aug 16)","2025-08-16","2025-08",NA,NA,NA,FALSE,NA,NA,NA,NA,NA,NA,NA
"KXNFLGAME","KXNFLGAME-25AUG16CARHOU","CAR at HOU (Aug 16)","2025-08-16","2025-08",NA,NA,NA,FALSE,NA,NA,NA,NA,NA,NA,NA
"KXNFLGAME","KXNFLGAME-25AUG15KCSEA","KC at SEA (Aug 15)","2025-08-15","2025-08",NA,NA,NA,FALSE,NA,NA,NA,NA,NA,NA,NA
"KXNFLGAME","KXNFLGAME-25AUG15TENATL","TEN at ATL (Aug 15)","2025-08-15","2025-08",NA,NA,NA,FALSE,NA,NA,NA,NA,NA,NA,NA
"KXNFLGAME","KXNFLGAME-25AUG10NOLAC","NO at LAC (Aug 10)","2025-08-10","2025-08",NA,NA,NA,FALSE,NA,NA,NA,NA,NA,NA,NA
"KXNFLGAME","KXNFLGAME-25AUG10MIACHI","MIA at CHI (Aug 10)","2025-08-10","2025-08",NA,NA,NA,FALSE,NA,NA,NA,NA,NA,NA,NA
"KXNFLGAME","KXNFLGAME-25AUG09DENSF","DEN at SF (Aug 9)","2025-08-09","2025-08",NA,NA,NA,FALSE,NA,NA,NA,NA,NA,NA,NA
"KXNFLGAME","KXNFLGAME-25AUG09NYJGB","NYJ at GB (Aug 9)","2025-08-09","2025-08",NA,NA,NA,FALSE,NA,NA,NA,NA,NA,NA,NA
"KXNFLGAME","KXNFLGAME-25AUG09KCARI","KC at ARI (Aug 9)","2025-08-09","2025-08",NA,NA,NA,FALSE,NA,NA,NA,NA,NA,NA,NA
"KXNFLGAME","KXNFLGAME-25AUG09TENTB","TEN at TB (Aug 9)","2025-08-09","2025-08",NA,NA,NA,FALSE,NA,NA,NA,NA,NA,NA,NA
"KXNFLGAME","KXNFLGAME-25AUG09PITJAC","PIT at JAC (Aug 9)","2025-08-09","2025-08",NA,NA,NA,FALSE,NA,NA,NA,NA,NA,NA,NA
"KXNFLGAME","KXNFLGAME-25AUG09DALLA","DAL at LA (Aug 9)","2025-08-09","2025-08",NA,NA,NA,FALSE,NA,NA,NA,NA,NA,NA,NA
"KXNFLGAME","KXNFLGAME-25AUG09HOUMIN","HOU at MIN (Aug 9)","2025-08-09","2025-08",NA,NA,NA,FALSE,NA,NA,NA,NA,NA,NA,NA
"KXNFLGAME","KXNFLGAME-25AUG09NYGBUF","NYG at BUF (Aug 9)","2025-08-09","2025-08",NA,NA,NA,FALSE,NA,NA,NA,NA,NA,NA,NA
"KXNFLGAME","KXNFLGAME-25AUG08WASNE","WAS at NE (Aug 8)","2025-08-08","2025-08",NA,NA,NA,FALSE,NA,NA,NA,NA,NA,NA,NA
"KXNFLGAME","KXNFLGAME-25AUG08DETATL","DET at ATL (Aug 8)","2025-08-08","2025-08",NA,NA,NA,FALSE,NA,NA,NA,NA,NA,NA,NA
"KXNFLGAME","KXNFLGAME-25AUG08CLECAR","CLE at CAR (Aug 8)","2025-08-08","2025-08",NA,NA,NA,FALSE,NA,NA,NA,NA,NA,NA,NA
"KXNFLGAME","KXNFLGAME-25AUG07LVSEA","LV at SEA (Aug 7)","2025-08-07","2025-08",NA,NA,NA,FALSE,NA,NA,NA,NA,NA,NA,NA
"KXNFLGAME","KXNFLGAME-25AUG07CINPHI","CIN at PHI (Aug 7)","2025-08-07","2025-08",NA,NA,NA,FALSE,NA,NA,NA,NA,NA,NA,NA
"KXNFLGAME","KXNFLGAME-25AUG07INDBAL","IND at BAL (Aug 7)","2025-08-07","2025-08",NA,NA,NA,FALSE,NA,NA,NA,NA,NA,NA,NA
"KXNFLGAME","KXNFLGAME-25JUL31LACDET","LAC at DET (Jul 31)","2025-07-31","2025-07",NA,NA,NA,FALSE,NA,NA,NA,NA,NA,NA,NA
"KXNFLSPREAD","KXNFLSPREAD-26SEP28PHICHI","PHI vs CHI (Sep 28)","2026-09-28","2026-09","2026_03_PHI_CHI","REG","2026-09-29T00:15:00Z",FALSE,NA,NA,NA,NA,NA,NA,NA
"KXNFLSPREAD","KXNFLSPREAD-26SEP27LARDEN","LAR vs DEN (Sep 27)","2026-09-27","2026-09","2026_03_LA_DEN","REG","2026-09-28T00:20:00Z",FALSE,NA,NA,NA,NA,NA,NA,NA
"KXNFLSPREAD","KXNFLSPREAD-26SEP27LVNO","LV vs NO (Sep 27)","2026-09-27","2026-09","2026_03_LV_NO","REG","2026-09-27T20:25:00Z",FALSE,NA,NA,NA,NA,NA,NA,NA
"KXNFLSPREAD","KXNFLSPREAD-26SEP27BALDAL","BAL vs DAL (Sep 27)","2026-09-27","2026-09","2026_03_BAL_DAL","REG","2026-09-27T20:25:00Z",FALSE,NA,NA,NA,NA,NA,NA,NA
"KXNFLSPREAD","KXNFLSPREAD-26SEP27MINTB","MIN vs TB (Sep 27)","2026-09-27","2026-09","2026_03_MIN_TB","REG","2026-09-27T20:05:00Z",FALSE,NA,NA,NA,NA,NA,NA,NA
"KXNFLSPREAD","KXNFLSPREAD-26SEP27ARISF","ARI vs SF (Sep 27)","2026-09-27","2026-09","2026_03_ARI_SF","REG","2026-09-27T20:05:00Z",FALSE,NA,NA,NA,NA,NA,NA,NA
"KXNFLSPREAD","KXNFLSPREAD-26SEP27TENNYG","TEN vs NYG (Sep 27)","2026-09-27","2026-09","2026_03_TEN_NYG","REG","2026-09-27T17:00:00Z",FALSE,NA,NA,NA,NA,NA,NA,NA
"KXNFLSPREAD","KXNFLSPREAD-26SEP27SEAWAS","SEA vs WAS (Sep 27)","2026-09-27","2026-09","2026_03_SEA_WAS","REG","2026-09-27T17:00:00Z",FALSE,NA,NA,NA,NA,NA,NA,NA
"KXNFLSPREAD","KXNFLSPREAD-26SEP27NYJDET","NYJ vs DET (Sep 27)","2026-09-27","2026-09","2026_03_NYJ_DET","REG","2026-09-27T17:00:00Z",FALSE,NA,NA,NA,NA,NA,NA,NA
"KXNFLSPREAD","KXNFLSPREAD-26SEP27NEJAC","NE vs JAC (Sep 27)","2026-09-27","2026-09","2026_03_NE_JAX","REG","2026-09-27T17:00:00Z",FALSE,NA,NA,NA,NA,NA,NA,NA
"KXNFLSPREAD","KXNFLSPREAD-26SEP27LACBUF","LAC vs BUF (Sep 27)","2026-09-27","2026-09","2026_03_LAC_BUF","REG","2026-09-27T17:00:00Z",FALSE,NA,NA,NA,NA,NA,NA,NA
"KXNFLSPREAD","KXNFLSPREAD-26SEP27KCMIA","KC vs MIA (Sep 27)","2026-09-27","2026-09","2026_03_KC_MIA","REG","2026-09-27T17:00:00Z",FALSE,NA,NA,NA,NA,NA,NA,NA
"KXNFLSPREAD","KXNFLSPREAD-26SEP27HOUIND","HOU vs IND (Sep 27)","2026-09-27","2026-09","2026_03_HOU_IND","REG","2026-09-27T17:00:00Z",FALSE,NA,NA,NA,NA,NA,NA,NA
"KXNFLSPREAD","KXNFLSPREAD-26SEP27CINPIT","CIN vs PIT (Sep 27)","2026-09-27","2026-09","2026_03_CIN_PIT","REG","2026-09-27T17:00:00Z",FALSE,NA,NA,NA,NA,NA,NA,NA
"KXNFLSPREAD","KXNFLSPREAD-26SEP27CARCLE","CAR vs CLE (Sep 27)","2026-09-27","2026-09","2026_03_CAR_CLE","REG","2026-09-27T17:00:00Z",FALSE,NA,NA,NA,NA,NA,NA,NA
"KXNFLSPREAD","KXNFLSPREAD-26SEP24ATLGB","ATL vs GB (Sep 24)","2026-09-24","2026-09","2026_03_ATL_GB","REG","2026-09-25T00:15:00Z",FALSE,NA,NA,NA,NA,NA,NA,NA
"KXNFLSPREAD","KXNFLSPREAD-26SEP21NYGLAR","NYG vs LAR (Sep 21)","2026-09-21","2026-09","2026_02_NYG_LA","REG","2026-09-22T00:15:00Z",FALSE,NA,NA,NA,NA,NA,NA,NA
"KXNFLSPREAD","KXNFLSPREAD-26SEP20INDKC","IND vs KC (Sep 20)","2026-09-20","2026-09","2026_02_IND_KC","REG","2026-09-21T00:20:00Z",FALSE,NA,NA,NA,NA,NA,NA,NA
"KXNFLSPREAD","KXNFLSPREAD-26SEP20WASDAL","WAS vs DAL (Sep 20)","2026-09-20","2026-09","2026_02_WAS_DAL","REG","2026-09-20T20:25:00Z",FALSE,NA,NA,NA,NA,NA,NA,NA
"KXNFLSPREAD","KXNFLSPREAD-26SEP20SEAARI","SEA vs ARI (Sep 20)","2026-09-20","2026-09","2026_02_SEA_ARI","REG","2026-09-20T20:25:00Z",FALSE,NA,NA,NA,NA,NA,NA,NA
"KXNFLSPREAD","KXNFLSPREAD-26SEP20MIASF","MIA vs SF (Sep 20)","2026-09-20","2026-09","2026_02_MIA_SF","REG","2026-09-20T20:25:00Z",FALSE,NA,NA,NA,NA,NA,NA,NA
"KXNFLSPREAD","KXNFLSPREAD-26SEP20LVLAC","LV vs LAC (Sep 20)","2026-09-20","2026-09","2026_02_LV_LAC","REG","2026-09-20T20:05:00Z",FALSE,NA,NA,NA,NA,NA,NA,NA
"KXNFLSPREAD","KXNFLSPREAD-26SEP20JACDEN","JAC vs DEN (Sep 20)","2026-09-20","2026-09","2026_02_JAX_DEN","REG","2026-09-20T20:05:00Z",TRUE,"live",25,25,0,NA,NA,25
"KXNFLSPREAD","KXNFLSPREAD-26SEP20PITNE","PIT vs NE (Sep 20)","2026-09-20","2026-09","2026_02_PIT_NE","REG","2026-09-20T17:00:00Z",FALSE,NA,NA,NA,NA,NA,NA,NA
"KXNFLSPREAD","KXNFLSPREAD-26SEP20PHITEN","PHI vs TEN (Sep 20)","2026-09-20","2026-09","2026_02_PHI_TEN","REG","2026-09-20T17:00:00Z",FALSE,NA,NA,NA,NA,NA,NA,NA
"KXNFLSPREAD","KXNFLSPREAD-26SEP20NOBAL","NO vs BAL (Sep 20)","2026-09-20","2026-09","2026_02_NO_BAL","REG","2026-09-20T17:00:00Z",FALSE,NA,NA,NA,NA,NA,NA,NA
"KXNFLSPREAD","KXNFLSPREAD-26SEP20MINCHI","MIN vs CHI (Sep 20)","2026-09-20","2026-09","2026_02_MIN_CHI","REG","2026-09-20T17:00:00Z",FALSE,NA,NA,NA,NA,NA,NA,NA
"KXNFLSPREAD","KXNFLSPREAD-26SEP20GBNYJ","GB vs NYJ (Sep 20)","2026-09-20","2026-09","2026_02_GB_NYJ","REG","2026-09-20T17:00:00Z",FALSE,NA,NA,NA,NA,NA,NA,NA
"KXNFLSPREAD","KXNFLSPREAD-26SEP20CLETB","CLE vs TB (Sep 20)","2026-09-20","2026-09","2026_02_CLE_TB","REG","2026-09-20T17:00:00Z",FALSE,NA,NA,NA,NA,NA,NA,NA
"KXNFLSPREAD","KXNFLSPREAD-26SEP20CINHOU","CIN vs HOU (Sep 20)","2026-09-20","2026-09","2026_02_CIN_HOU","REG","2026-09-20T17:00:00Z",FALSE,NA,NA,NA,NA,NA,NA,NA
"KXNFLSPREAD","KXNFLSPREAD-26SEP20CARATL","CAR vs ATL (Sep 20)","2026-09-20","2026-09","2026_02_CAR_ATL","REG","2026-09-20T17:00:00Z",FALSE,NA,NA,NA,NA,NA,NA,NA
"KXNFLSPREAD","KXNFLSPREAD-26SEP17DETBUF","DET vs BUF (Sep 17)","2026-09-17","2026-09","2026_02_DET_BUF","REG","2026-09-18T00:15:00Z",FALSE,NA,NA,NA,NA,NA,NA,NA
"KXNFLSPREAD","KXNFLSPREAD-26SEP14DENKC","DEN vs KC (Sep 14)","2026-09-14","2026-09","2026_01_DEN_KC","REG","2026-09-15T00:15:00Z",FALSE,NA,NA,NA,NA,NA,NA,NA
"KXNFLSPREAD","KXNFLSPREAD-26SEP13DALNYG","DAL vs NYG (Sep 13)","2026-09-13","2026-09","2026_01_DAL_NYG","REG","2026-09-14T00:20:00Z",FALSE,NA,NA,NA,NA,NA,NA,NA
"KXNFLSPREAD","KXNFLSPREAD-26SEP13WASPHI","WAS vs PHI (Sep 13)","2026-09-13","2026-09","2026_01_WAS_PHI","REG","2026-09-13T20:25:00Z",FALSE,NA,NA,NA,NA,NA,NA,NA
"KXNFLSPREAD","KXNFLSPREAD-26SEP13MIALV","MIA vs LV (Sep 13)","2026-09-13","2026-09","2026_01_MIA_LV","REG","2026-09-13T20:25:00Z",TRUE,"live",27,27,0,NA,NA,27
"KXNFLSPREAD","KXNFLSPREAD-26SEP13GBMIN","GB vs MIN (Sep 13)","2026-09-13","2026-09","2026_01_GB_MIN","REG","2026-09-13T20:25:00Z",FALSE,NA,NA,NA,NA,NA,NA,NA
"KXNFLSPREAD","KXNFLSPREAD-26SEP13ARILAC","ARI vs LAC (Sep 13)","2026-09-13","2026-09","2026_01_ARI_LAC","REG","2026-09-13T20:25:00Z",FALSE,NA,NA,NA,NA,NA,NA,NA
"KXNFLSPREAD","KXNFLSPREAD-26SEP13TBCIN","TB vs CIN (Sep 13)","2026-09-13","2026-09","2026_01_TB_CIN","REG","2026-09-13T17:00:00Z",FALSE,NA,NA,NA,NA,NA,NA,NA
"KXNFLSPREAD","KXNFLSPREAD-26SEP13NYJTEN","NYJ vs TEN (Sep 13)","2026-09-13","2026-09","2026_01_NYJ_TEN","REG","2026-09-13T17:00:00Z",FALSE,NA,NA,NA,NA,NA,NA,NA
"KXNFLSPREAD","KXNFLSPREAD-26SEP13NODET","NO vs DET (Sep 13)","2026-09-13","2026-09","2026_01_NO_DET","REG","2026-09-13T17:00:00Z",FALSE,NA,NA,NA,NA,NA,NA,NA
"KXNFLSPREAD","KXNFLSPREAD-26SEP13CLEJAC","CLE vs JAC (Sep 13)","2026-09-13","2026-09","2026_01_CLE_JAX","REG","2026-09-13T17:00:00Z",FALSE,NA,NA,NA,NA,NA,NA,NA
"KXNFLSPREAD","KXNFLSPREAD-26SEP13CHICAR","CHI vs CAR (Sep 13)","2026-09-13","2026-09","2026_01_CHI_CAR","REG","2026-09-13T17:00:00Z",FALSE,NA,NA,NA,NA,NA,NA,NA
"KXNFLSPREAD","KXNFLSPREAD-26SEP13BUFHOU","BUF vs HOU (Sep 13)","2026-09-13","2026-09","2026_01_BUF_HOU","REG","2026-09-13T17:00:00Z",TRUE,"live",24,24,0,NA,NA,24
"KXNFLSPREAD","KXNFLSPREAD-26SEP13BALIND","BAL vs IND (Sep 13)","2026-09-13","2026-09","2026_01_BAL_IND","REG","2026-09-13T17:00:00Z",FALSE,NA,NA,NA,NA,NA,NA,NA
"KXNFLSPREAD","KXNFLSPREAD-26SEP13ATLPIT","ATL vs PIT (Sep 13)","2026-09-13","2026-09","2026_01_ATL_PIT","REG","2026-09-13T17:00:00Z",FALSE,NA,NA,NA,NA,NA,NA,NA
"KXNFLSPREAD","KXNFLSPREAD-26SEP10SFLAR","SF vs LAR (Sep 10)","2026-09-10","2026-09","2026_01_SF_LA","REG","2026-09-11T00:35:00Z",FALSE,NA,NA,NA,NA,NA,NA,NA
"KXNFLSPREAD","KXNFLSPREAD-26SEP09NESEA","NE vs SEA (Sep 9)","2026-09-09","2026-09","2026_01_NE_SEA","REG","2026-09-10T00:20:00Z",FALSE,NA,NA,NA,NA,NA,NA,NA
"KXNFLSPREAD","KXNFLSPREAD-26AUG29CHITEN","CHI vs TEN (Aug 29)","2026-08-29","2026-08",NA,NA,NA,FALSE,NA,NA,NA,NA,NA,NA,NA
"KXNFLSPREAD","KXNFLSPREAD-26AUG29DETIND","DET vs IND (Aug 29)","2026-08-29","2026-08",NA,NA,NA,FALSE,NA,NA,NA,NA,NA,NA,NA
"KXNFLSPREAD","KXNFLSPREAD-26AUG28MINDEN","MIN vs DEN (Aug 28)","2026-08-28","2026-08",NA,NA,NA,FALSE,NA,NA,NA,NA,NA,NA,NA
"KXNFLSPREAD","KXNFLSPREAD-26AUG28SEAKC","SEA vs KC (Aug 28)","2026-08-28","2026-08",NA,NA,NA,FALSE,NA,NA,NA,NA,NA,NA,NA
"KXNFLSPREAD","KXNFLSPREAD-26AUG28NODAL","NO vs DAL (Aug 28)","2026-08-28","2026-08",NA,NA,NA,FALSE,NA,NA,NA,NA,NA,NA,NA
"KXNFLSPREAD","KXNFLSPREAD-26AUG28CINPHI","CIN vs PHI (Aug 28)","2026-08-28","2026-08",NA,NA,NA,FALSE,NA,NA,NA,NA,NA,NA,NA
"KXNFLSPREAD","KXNFLSPREAD-26AUG28ARIGB","ARI vs GB (Aug 28)","2026-08-28","2026-08",NA,NA,NA,FALSE,NA,NA,NA,NA,NA,NA,NA
"KXNFLSPREAD","KXNFLSPREAD-26AUG28TBJAC","TB vs JAC (Aug 28)","2026-08-28","2026-08",NA,NA,NA,FALSE,NA,NA,NA,NA,NA,NA,NA
"KXNFLSPREAD","KXNFLSPREAD-26AUG28NYGNYJ","NYG vs NYJ (Aug 28)","2026-08-28","2026-08",NA,NA,NA,FALSE,NA,NA,NA,NA,NA,NA,NA
"KXNFLSPREAD","KXNFLSPREAD-26AUG28HOUCAR","HOU vs CAR (Aug 28)","2026-08-28","2026-08",NA,NA,NA,FALSE,NA,NA,NA,NA,NA,NA,NA
"KXNFLSPREAD","KXNFLSPREAD-26AUG28ATLMIA","ATL vs MIA (Aug 28)","2026-08-28","2026-08",NA,NA,NA,FALSE,NA,NA,NA,NA,NA,NA,NA
"KXNFLSPREAD","KXNFLSPREAD-26AUG28WASBAL","WAS vs BAL (Aug 28)","2026-08-28","2026-08",NA,NA,NA,FALSE,NA,NA,NA,NA,NA,NA,NA
"KXNFLSPREAD","KXNFLSPREAD-26AUG27LARLAC","LAR vs LAC (Aug 27)","2026-08-27","2026-08",NA,NA,NA,FALSE,NA,NA,NA,NA,NA,NA,NA
"KXNFLSPREAD","KXNFLSPREAD-26AUG27SFLV","SF vs LV (Aug 27)","2026-08-27","2026-08",NA,NA,NA,FALSE,NA,NA,NA,NA,NA,NA,NA
"KXNFLSPREAD","KXNFLSPREAD-26AUG27NECLE","NE vs CLE (Aug 27)","2026-08-27","2026-08",NA,NA,NA,FALSE,NA,NA,NA,NA,NA,NA,NA
"KXNFLSPREAD","KXNFLSPREAD-26AUG27PITBUF","PIT vs BUF (Aug 27)","2026-08-27","2026-08",NA,NA,NA,FALSE,NA,NA,NA,NA,NA,NA,NA
"KXNFLSPREAD","KXNFLSPREAD-26AUG23SEATEN","SEA vs TEN (Aug 23)","2026-08-23","2026-08",NA,NA,NA,FALSE,NA,NA,NA,NA,NA,NA,NA
"KXNFLSPREAD","KXNFLSPREAD-26AUG22DALARI","DAL vs ARI (Aug 22)","2026-08-22","2026-08",NA,NA,NA,FALSE,NA,NA,NA,NA,NA,NA,NA
"KXNFLSPREAD","KXNFLSPREAD-26AUG22KCTB","KC vs TB (Aug 22)","2026-08-22","2026-08",NA,NA,NA,FALSE,NA,NA,NA,NA,NA,NA,NA
"KXNFLSPREAD","KXNFLSPREAD-26AUG22PHINE","PHI vs NE (Aug 22)","2026-08-22","2026-08",NA,NA,NA,FALSE,NA,NA,NA,NA,NA,NA,NA
"KXNFLSPREAD","KXNFLSPREAD-26AUG22CHICIN","CHI vs CIN (Aug 22)","2026-08-22","2026-08",NA,NA,NA,FALSE,NA,NA,NA,NA,NA,NA,NA
"KXNFLSPREAD","KXNFLSPREAD-26AUG22NYGMIA","NYG vs MIA (Aug 22)","2026-08-22","2026-08",NA,NA,NA,FALSE,NA,NA,NA,NA,NA,NA,NA
"KXNFLSPREAD","KXNFLSPREAD-26AUG22NOLAR","NO vs LAR (Aug 22)","2026-08-22","2026-08",NA,NA,NA,FALSE,NA,NA,NA,NA,NA,NA,NA
"KXNFLSPREAD","KXNFLSPREAD-26AUG22BUFCLE","BUF vs CLE (Aug 22)","2026-08-22","2026-08",NA,NA,NA,FALSE,NA,NA,NA,NA,NA,NA,NA
"KXNFLSPREAD","KXNFLSPREAD-26AUG22BALMIN","BAL vs MIN (Aug 22)","2026-08-22","2026-08",NA,NA,NA,FALSE,NA,NA,NA,NA,NA,NA,NA
"KXNFLSPREAD","KXNFLSPREAD-26AUG22ATLIND","ATL vs IND (Aug 22)","2026-08-22","2026-08",NA,NA,NA,FALSE,NA,NA,NA,NA,NA,NA,NA
"KXNFLSPREAD","KXNFLSPREAD-26AUG22WASDET","WAS vs DET (Aug 22)","2026-08-22","2026-08",NA,NA,NA,FALSE,NA,NA,NA,NA,NA,NA,NA
"KXNFLSPREAD","KXNFLSPREAD-26AUG21GBDEN","GB vs DEN (Aug 21)","2026-08-21","2026-08",NA,NA,NA,FALSE,NA,NA,NA,NA,NA,NA,NA
"KXNFLSPREAD","KXNFLSPREAD-26AUG21CARJAC","CAR vs JAC (Aug 21)","2026-08-21","2026-08",NA,NA,NA,FALSE,NA,NA,NA,NA,NA,NA,NA
"KXNFLSPREAD","KXNFLSPREAD-26AUG21NYJPIT","NYJ vs PIT (Aug 21)","2026-08-21","2026-08",NA,NA,NA,FALSE,NA,NA,NA,NA,NA,NA,NA
"KXNFLSPREAD","KXNFLSPREAD-26AUG20SFLAC","SF vs LAC (Aug 20)","2026-08-20","2026-08",NA,NA,NA,FALSE,NA,NA,NA,NA,NA,NA,NA
"KXNFLSPREAD","KXNFLSPREAD-26AUG20LVHOU","LV vs HOU (Aug 20)","2026-08-20","2026-08",NA,NA,NA,FALSE,NA,NA,NA,NA,NA,NA,NA
"KXNFLSPREAD","KXNFLSPREAD-26AUG15DALSEA","DAL vs SEA (Aug 15)","2026-08-15","2026-08",NA,NA,NA,FALSE,NA,NA,NA,NA,NA,NA,NA
"KXNFLSPREAD","KXNFLSPREAD-26AUG15PHIBAL","PHI vs BAL (Aug 15)","2026-08-15","2026-08",NA,NA,NA,FALSE,NA,NA,NA,NA,NA,NA,NA
"KXNFLSPREAD","KXNFLSPREAD-26AUG15LARKC","LAR vs KC (Aug 15)","2026-08-15","2026-08",NA,NA,NA,FALSE,NA,NA,NA,NA,NA,NA,NA
"KXNFLSPREAD","KXNFLSPREAD-26AUG15JACNO","JAC vs NO (Aug 15)","2026-08-15","2026-08",NA,NA,NA,FALSE,NA,NA,NA,NA,NA,NA,NA
"KXNFLSPREAD","KXNFLSPREAD-26AUG15MINNYG","MIN vs NYG (Aug 15)","2026-08-15","2026-08",NA,NA,NA,FALSE,NA,NA,NA,NA,NA,NA,NA
"KXNFLSPREAD","KXNFLSPREAD-26AUG15CLECHI","CLE vs CHI (Aug 15)","2026-08-15","2026-08",NA,NA,NA,FALSE,NA,NA,NA,NA,NA,NA,NA
"KXNFLSPREAD","KXNFLSPREAD-26AUG15CARBUF","CAR vs BUF (Aug 15)","2026-08-15","2026-08",NA,NA,NA,FALSE,NA,NA,NA,NA,NA,NA,NA
"KXNFLSPREAD","KXNFLSPREAD-26AUG14TBNYJ","TB vs NYJ (Aug 14)","2026-08-14","2026-08",NA,NA,NA,FALSE,NA,NA,NA,NA,NA,NA,NA
"KXNFLSPREAD","KXNFLSPREAD-26AUG14MIAWAS","MIA vs WAS (Aug 14)","2026-08-14","2026-08",NA,NA,NA,FALSE,NA,NA,NA,NA,NA,NA,NA
"KXNFLSPREAD","KXNFLSPREAD-26AUG14DENATL","DEN vs ATL (Aug 14)","2026-08-14","2026-08",NA,NA,NA,FALSE,NA,NA,NA,NA,NA,NA,NA
"KXNFLSPREAD","KXNFLSPREAD-26AUG13TENSF","TEN vs SF (Aug 13)","2026-08-13","2026-08",NA,NA,NA,FALSE,NA,NA,NA,NA,NA,NA,NA
"KXNFLSPREAD","KXNFLSPREAD-26AUG13LACHOU","LAC vs HOU (Aug 13)","2026-08-13","2026-08",NA,NA,NA,FALSE,NA,NA,NA,NA,NA,NA,NA
"KXNFLSPREAD","KXNFLSPREAD-26AUG13ARILV","ARI vs LV (Aug 13)","2026-08-13","2026-08",NA,NA,NA,FALSE,NA,NA,NA,NA,NA,NA,NA
"KXNFLSPREAD","KXNFLSPREAD-26AUG13INDNE","IND vs NE (Aug 13)","2026-08-13","2026-08",NA,NA,NA,FALSE,NA,NA,NA,NA,NA,NA,NA
"KXNFLSPREAD","KXNFLSPREAD-26AUG13GBPIT","GB vs PIT (Aug 13)","2026-08-13","2026-08",NA,NA,NA,FALSE,NA,NA,NA,NA,NA,NA,NA
"KXNFLSPREAD","KXNFLSPREAD-26AUG13DETCIN","DET vs CIN (Aug 13)","2026-08-13","2026-08",NA,NA,NA,FALSE,NA,NA,NA,NA,NA,NA,NA
"KXNFLSPREAD","KXNFLSPREAD-26AUG06CARARI","CAR vs ARI (Aug 6)","2026-08-06","2026-08",NA,NA,NA,FALSE,NA,NA,NA,NA,NA,NA,NA
"KXNFLSPREAD","KXNFLSPREAD-26FEB08SEANE","SEA at NE (Feb 8)","2026-02-08","2026-02","2025_22_SEA_NE","SB","2026-02-08T23:30:00Z",TRUE,"historical",22,22,0,NA,NA,22
"KXNFLSPREAD","KXNFLSPREAD-26JAN25LASEA","LA at SEA (Jan 25)","2026-01-25","2026-01","2025_21_LA_SEA","CON","2026-01-25T23:30:00Z",FALSE,NA,NA,NA,NA,NA,NA,NA
"KXNFLSPREAD","KXNFLSPREAD-26JAN25NEDEN","NE at DEN (Jan 25)","2026-01-25","2026-01","2025_21_NE_DEN","CON","2026-01-25T20:00:00Z",FALSE,NA,NA,NA,NA,NA,NA,NA
"KXNFLSPREAD","KXNFLSPREAD-26JAN18HOUNE","HOU at NE (Jan 18)","2026-01-18","2026-01","2025_20_HOU_NE","DIV","2026-01-18T20:00:00Z",TRUE,"historical",17,17,0,NA,NA,17
"KXNFLSPREAD","KXNFLSPREAD-26JAN18LACHI","LA at CHI (Jan 18)","2026-01-18","2026-01","2025_20_LA_CHI","DIV","2026-01-18T23:30:00Z",FALSE,NA,NA,NA,NA,NA,NA,NA
"KXNFLSPREAD","KXNFLSPREAD-26JAN17SFSEA","SF at SEA (Jan 17)","2026-01-17","2026-01","2025_20_SF_SEA","DIV","2026-01-18T01:00:00Z",FALSE,NA,NA,NA,NA,NA,NA,NA
"KXNFLSPREAD","KXNFLSPREAD-26JAN17BUFDEN","BUF at DEN (Jan 17)","2026-01-17","2026-01","2025_20_BUF_DEN","DIV","2026-01-17T21:30:00Z",FALSE,NA,NA,NA,NA,NA,NA,NA
"KXNFLSPREAD","KXNFLSPREAD-26JAN12HOUPIT","HOU at PIT (Jan 12)","2026-01-12","2026-01","2025_19_HOU_PIT","WC","2026-01-13T01:00:00Z",FALSE,NA,NA,NA,NA,NA,NA,NA
"KXNFLSPREAD","KXNFLSPREAD-26JAN11LACNE","LAC at NE (Jan 11)","2026-01-11","2026-01","2025_19_LAC_NE","WC","2026-01-12T01:00:00Z",FALSE,NA,NA,NA,NA,NA,NA,NA
"KXNFLSPREAD","KXNFLSPREAD-26JAN11SFPHI","SF at PHI (Jan 11)","2026-01-11","2026-01","2025_19_SF_PHI","WC","2026-01-11T21:30:00Z",FALSE,NA,NA,NA,NA,NA,NA,NA
"KXNFLSPREAD","KXNFLSPREAD-26JAN11BUFJAC","BUF at JAC (Jan 11)","2026-01-11","2026-01","2025_19_BUF_JAX","WC","2026-01-11T18:00:00Z",FALSE,NA,NA,NA,NA,NA,NA,NA
"KXNFLSPREAD","KXNFLSPREAD-26JAN10GBCHI","GB at CHI (Jan 10)","2026-01-10","2026-01","2025_19_GB_CHI","WC","2026-01-11T01:00:00Z",TRUE,"historical",16,16,0,NA,NA,16
"KXNFLSPREAD","KXNFLSPREAD-26JAN10LACAR","LA at CAR (Jan 10)","2026-01-10","2026-01","2025_19_LA_CAR","WC","2026-01-10T21:30:00Z",FALSE,NA,NA,NA,NA,NA,NA,NA
"KXNFLSPREAD","KXNFLSPREAD-26JAN04WASPHI","WAS at PHI (Jan 4)","2026-01-04","2026-01","2025_18_WAS_PHI","REG","2026-01-04T21:25:00Z",FALSE,NA,NA,NA,NA,NA,NA,NA
"KXNFLSPREAD","KXNFLSPREAD-26JAN04NYJBUF","NYJ at BUF (Jan 4)","2026-01-04","2026-01","2025_18_NYJ_BUF","REG","2026-01-04T21:25:00Z",TRUE,"historical",14,14,0,NA,NA,14
"KXNFLSPREAD","KXNFLSPREAD-26JAN04MIANE","MIA at NE (Jan 4)","2026-01-04","2026-01","2025_18_MIA_NE","REG","2026-01-04T21:25:00Z",FALSE,NA,NA,NA,NA,NA,NA,NA
"KXNFLSPREAD","KXNFLSPREAD-26JAN04LACDEN","LAC at DEN (Jan 4)","2026-01-04","2026-01","2025_18_LAC_DEN","REG","2026-01-04T21:25:00Z",FALSE,NA,NA,NA,NA,NA,NA,NA
"KXNFLSPREAD","KXNFLSPREAD-26JAN04KCLV","KC at LV (Jan 4)","2026-01-04","2026-01","2025_18_KC_LV","REG","2026-01-04T21:25:00Z",FALSE,NA,NA,NA,NA,NA,NA,NA
"KXNFLSPREAD","KXNFLSPREAD-26JAN04DETCHI","DET at CHI (Jan 4)","2026-01-04","2026-01","2025_18_DET_CHI","REG","2026-01-04T21:25:00Z",FALSE,NA,NA,NA,NA,NA,NA,NA
"KXNFLSPREAD","KXNFLSPREAD-26JAN04ARILA","ARI at LA (Jan 4)","2026-01-04","2026-01","2025_18_ARI_LA","REG","2026-01-04T21:25:00Z",FALSE,NA,NA,NA,NA,NA,NA,NA
"KXNFLSPREAD","KXNFLSPREAD-26JAN04TENJAC","TEN at JAC (Jan 4)","2026-01-04","2026-01","2025_18_TEN_JAX","REG","2026-01-04T18:00:00Z",FALSE,NA,NA,NA,NA,NA,NA,NA
"KXNFLSPREAD","KXNFLSPREAD-26JAN04NOATL","NO at ATL (Jan 4)","2026-01-04","2026-01","2025_18_NO_ATL","REG","2026-01-04T18:00:00Z",FALSE,NA,NA,NA,NA,NA,NA,NA
"KXNFLSPREAD","KXNFLSPREAD-26JAN04INDHOU","IND at HOU (Jan 4)","2026-01-04","2026-01","2025_18_IND_HOU","REG","2026-01-04T18:00:00Z",FALSE,NA,NA,NA,NA,NA,NA,NA
"KXNFLSPREAD","KXNFLSPREAD-26JAN04GBMIN","GB at MIN (Jan 4)","2026-01-04","2026-01","2025_18_GB_MIN","REG","2026-01-04T18:00:00Z",FALSE,NA,NA,NA,NA,NA,NA,NA
"KXNFLSPREAD","KXNFLSPREAD-26JAN04DALNYG","DAL at NYG (Jan 4)","2026-01-04","2026-01","2025_18_DAL_NYG","REG","2026-01-04T18:00:00Z",FALSE,NA,NA,NA,NA,NA,NA,NA
"KXNFLSPREAD","KXNFLSPREAD-26JAN04CLECIN","CLE at CIN (Jan 4)","2026-01-04","2026-01","2025_18_CLE_CIN","REG","2026-01-04T18:00:00Z",FALSE,NA,NA,NA,NA,NA,NA,NA
"KXNFLSPREAD","KXNFLSPREAD-26JAN04CARTB","CAR at TB (Jan 3)","2026-01-04","2026-01","2025_18_CAR_TB","REG","2026-01-03T21:30:00Z",FALSE,NA,NA,NA,NA,NA,NA,NA
"KXNFLSPREAD","KXNFLSPREAD-26JAN04BALPIT","BAL at PIT (Jan 4)","2026-01-04","2026-01","2025_18_BAL_PIT","REG","2026-01-05T01:20:00Z",FALSE,NA,NA,NA,NA,NA,NA,NA
"KXNFLSPREAD","KXNFLSPREAD-26JAN03SEASF","SEA at SF (Jan 3)","2026-01-03","2026-01","2025_18_SEA_SF","REG","2026-01-04T01:00:00Z",FALSE,NA,NA,NA,NA,NA,NA,NA
"KXNFLSPREAD","KXNFLSPREAD-25DEC29LAATL","LA at ATL (Dec 29)","2025-12-29","2025-12","2025_17_LA_ATL","REG","2025-12-30T01:15:00Z",FALSE,NA,NA,NA,NA,NA,NA,NA
"KXNFLSPREAD","KXNFLSPREAD-25DEC28CHISF","CHI at SF (Dec 28)","2025-12-28","2025-12","2025_17_CHI_SF","REG","2025-12-29T01:20:00Z",FALSE,NA,NA,NA,NA,NA,NA,NA
"KXNFLSPREAD","KXNFLSPREAD-25DEC28PHIBUF","PHI at BUF (Dec 28)","2025-12-28","2025-12","2025_17_PHI_BUF","REG","2025-12-28T21:25:00Z",FALSE,NA,NA,NA,NA,NA,NA,NA
"KXNFLSPREAD","KXNFLSPREAD-25DEC28NYGLV","NYG at LV (Dec 28)","2025-12-28","2025-12","2025_17_NYG_LV","REG","2025-12-28T21:05:00Z",FALSE,NA,NA,NA,NA,NA,NA,NA
"KXNFLSPREAD","KXNFLSPREAD-25DEC28TBMIA","TB at MIA (Dec 28)","2025-12-28","2025-12","2025_17_TB_MIA","REG","2025-12-28T18:00:00Z",FALSE,NA,NA,NA,NA,NA,NA,NA
"KXNFLSPREAD","KXNFLSPREAD-25DEC28SEACAR","SEA at CAR (Dec 28)","2025-12-28","2025-12","2025_17_SEA_CAR","REG","2025-12-28T18:00:00Z",FALSE,NA,NA,NA,NA,NA,NA,NA
"KXNFLSPREAD","KXNFLSPREAD-25DEC28PITCLE","PIT at CLE (Dec 28)","2025-12-28","2025-12","2025_17_PIT_CLE","REG","2025-12-28T18:00:00Z",FALSE,NA,NA,NA,NA,NA,NA,NA
"KXNFLSPREAD","KXNFLSPREAD-25DEC28NOTEN","NO at TEN (Dec 28)","2025-12-28","2025-12","2025_17_NO_TEN","REG","2025-12-28T18:00:00Z",TRUE,"historical",16,16,0,NA,NA,16
"KXNFLSPREAD","KXNFLSPREAD-25DEC28NENYJ","NE at NYJ (Dec 28)","2025-12-28","2025-12","2025_17_NE_NYJ","REG","2025-12-28T18:00:00Z",FALSE,NA,NA,NA,NA,NA,NA,NA
"KXNFLSPREAD","KXNFLSPREAD-25DEC28JACIND","JAC at IND (Dec 28)","2025-12-28","2025-12","2025_17_JAX_IND","REG","2025-12-28T18:00:00Z",FALSE,NA,NA,NA,NA,NA,NA,NA
"KXNFLSPREAD","KXNFLSPREAD-25DEC28ARICIN","ARI at CIN (Dec 28)","2025-12-28","2025-12","2025_17_ARI_CIN","REG","2025-12-28T18:00:00Z",FALSE,NA,NA,NA,NA,NA,NA,NA
"KXNFLSPREAD","KXNFLSPREAD-25DEC27BALGB","BAL at GB (Dec 27)","2025-12-27","2025-12","2025_17_BAL_GB","REG","2025-12-28T01:00:00Z",TRUE,"historical",17,17,0,NA,NA,17
"KXNFLSPREAD","KXNFLSPREAD-25DEC27HOULAC","HOU at LAC (Dec 27)","2025-12-27","2025-12","2025_17_HOU_LAC","REG","2025-12-27T21:30:00Z",FALSE,NA,NA,NA,NA,NA,NA,NA
"KXNFLSPREAD","KXNFLSPREAD-25DEC25DENKC","DEN at KC (Dec 25)","2025-12-25","2025-12","2025_17_DEN_KC","REG","2025-12-26T01:15:00Z",FALSE,NA,NA,NA,NA,NA,NA,NA
"KXNFLSPREAD","KXNFLSPREAD-25DEC25DETMIN","DET at MIN (Dec 25)","2025-12-25","2025-12","2025_17_DET_MIN","REG","2025-12-25T21:30:00Z",FALSE,NA,NA,NA,NA,NA,NA,NA
"KXNFLSPREAD","KXNFLSPREAD-25DEC25DALWAS","DAL at WAS (Dec 25)","2025-12-25","2025-12","2025_17_DAL_WAS","REG","2025-12-25T18:00:00Z",FALSE,NA,NA,NA,NA,NA,NA,NA
"KXNFLSPREAD","KXNFLSPREAD-25DEC22SFIND","SF at IND (Dec 22)","2025-12-22","2025-12","2025_16_SF_IND","REG","2025-12-23T01:15:00Z",FALSE,NA,NA,NA,NA,NA,NA,NA
"KXNFLSPREAD","KXNFLSPREAD-25DEC21NEBAL","NE at BAL (Dec 21)","2025-12-21","2025-12","2025_16_NE_BAL","REG","2025-12-22T01:20:00Z",FALSE,NA,NA,NA,NA,NA,NA,NA
"KXNFLSPREAD","KXNFLSPREAD-25DEC21PITDET","PIT at DET (Dec 21)","2025-12-21","2025-12","2025_16_PIT_DET","REG","2025-12-21T21:25:00Z",FALSE,NA,NA,NA,NA,NA,NA,NA
"KXNFLSPREAD","KXNFLSPREAD-25DEC21LVHOU","LV at HOU (Dec 21)","2025-12-21","2025-12","2025_16_LV_HOU","REG","2025-12-21T21:25:00Z",FALSE,NA,NA,NA,NA,NA,NA,NA
"KXNFLSPREAD","KXNFLSPREAD-25DEC21JACDEN","JAC at DEN (Dec 21)","2025-12-21","2025-12","2025_16_JAX_DEN","REG","2025-12-21T21:05:00Z",FALSE,NA,NA,NA,NA,NA,NA,NA
"KXNFLSPREAD","KXNFLSPREAD-25DEC21ATLARI","ATL at ARI (Dec 21)","2025-12-21","2025-12","2025_16_ATL_ARI","REG","2025-12-21T21:05:00Z",FALSE,NA,NA,NA,NA,NA,NA,NA
"KXNFLSPREAD","KXNFLSPREAD-25DEC21TBCAR","TB at CAR (Dec 21)","2025-12-21","2025-12","2025_16_TB_CAR","REG","2025-12-21T18:00:00Z",FALSE,NA,NA,NA,NA,NA,NA,NA
"KXNFLSPREAD","KXNFLSPREAD-25DEC21NYJNO","NYJ at NO (Dec 21)","2025-12-21","2025-12","2025_16_NYJ_NO","REG","2025-12-21T18:00:00Z",FALSE,NA,NA,NA,NA,NA,NA,NA
"KXNFLSPREAD","KXNFLSPREAD-25DEC21MINNYG","MIN at NYG (Dec 21)","2025-12-21","2025-12","2025_16_MIN_NYG","REG","2025-12-21T18:00:00Z",FALSE,NA,NA,NA,NA,NA,NA,NA
"KXNFLSPREAD","KXNFLSPREAD-25DEC21LACDAL","LAC at DAL (Dec 21)","2025-12-21","2025-12","2025_16_LAC_DAL","REG","2025-12-21T18:00:00Z",FALSE,NA,NA,NA,NA,NA,NA,NA
"KXNFLSPREAD","KXNFLSPREAD-25DEC21KCTEN","KC at TEN (Dec 21)","2025-12-21","2025-12","2025_16_KC_TEN","REG","2025-12-21T18:00:00Z",FALSE,NA,NA,NA,NA,NA,NA,NA
"KXNFLSPREAD","KXNFLSPREAD-25DEC21CINMIA","CIN at MIA (Dec 21)","2025-12-21","2025-12","2025_16_CIN_MIA","REG","2025-12-21T18:00:00Z",FALSE,NA,NA,NA,NA,NA,NA,NA
"KXNFLSPREAD","KXNFLSPREAD-25DEC21BUFCLE","BUF at CLE (Dec 21)","2025-12-21","2025-12","2025_16_BUF_CLE","REG","2025-12-21T18:00:00Z",FALSE,NA,NA,NA,NA,NA,NA,NA
"KXNFLSPREAD","KXNFLSPREAD-25DEC20GBCHI","GB at CHI (Dec 20)","2025-12-20","2025-12","2025_16_GB_CHI","REG","2025-12-21T01:20:00Z",FALSE,NA,NA,NA,NA,NA,NA,NA
"KXNFLSPREAD","KXNFLSPREAD-25DEC20PHIWAS","PHI at WAS (Dec 20)","2025-12-20","2025-12","2025_16_PHI_WAS","REG","2025-12-20T22:00:00Z",FALSE,NA,NA,NA,NA,NA,NA,NA
"KXNFLSPREAD","KXNFLSPREAD-25DEC18LASEA","LA at SEA (Dec 18)","2025-12-18","2025-12","2025_16_LA_SEA","REG","2025-12-19T01:15:00Z",FALSE,NA,NA,NA,NA,NA,NA,NA
"KXNFLSPREAD","KXNFLSPREAD-25DEC15MIAPIT","MIA at PIT (Dec 15)","2025-12-15","2025-12","2025_15_MIA_PIT","REG","2025-12-16T01:15:00Z",FALSE,NA,NA,NA,NA,NA,NA,NA
"KXNFLSPREAD","KXNFLSPREAD-25DEC14MINDAL","MIN at DAL (Dec 14)","2025-12-14","2025-12","2025_15_MIN_DAL","REG","2025-12-15T01:20:00Z",FALSE,NA,NA,NA,NA,NA,NA,NA
"KXNFLSPREAD","KXNFLSPREAD-25DEC14TENSF","TEN at SF (Dec 14)","2025-12-14","2025-12","2025_15_TEN_SF","REG","2025-12-14T21:25:00Z",FALSE,NA,NA,NA,NA,NA,NA,NA
"KXNFLSPREAD","KXNFLSPREAD-25DEC14INDSEA","IND at SEA (Dec 14)","2025-12-14","2025-12","2025_15_IND_SEA","REG","2025-12-14T21:25:00Z",FALSE,NA,NA,NA,NA,NA,NA,NA
"KXNFLSPREAD","KXNFLSPREAD-25DEC14GBDEN","GB at DEN (Dec 14)","2025-12-14","2025-12","2025_15_GB_DEN","REG","2025-12-14T21:25:00Z",FALSE,NA,NA,NA,NA,NA,NA,NA
"KXNFLSPREAD","KXNFLSPREAD-25DEC14DETLA","DET at LA (Dec 14)","2025-12-14","2025-12","2025_15_DET_LA","REG","2025-12-14T21:25:00Z",FALSE,NA,NA,NA,NA,NA,NA,NA
"KXNFLSPREAD","KXNFLSPREAD-25DEC14CARNO","CAR at NO (Dec 14)","2025-12-14","2025-12","2025_15_CAR_NO","REG","2025-12-14T21:25:00Z",FALSE,NA,NA,NA,NA,NA,NA,NA
"KXNFLSPREAD","KXNFLSPREAD-25DEC14WASNYG","WAS at NYG (Dec 14)","2025-12-14","2025-12","2025_15_WAS_NYG","REG","2025-12-14T18:00:00Z",FALSE,NA,NA,NA,NA,NA,NA,NA
"KXNFLSPREAD","KXNFLSPREAD-25DEC14NYJJAC","NYJ at JAC (Dec 14)","2025-12-14","2025-12","2025_15_NYJ_JAX","REG","2025-12-14T18:00:00Z",FALSE,NA,NA,NA,NA,NA,NA,NA
"KXNFLSPREAD","KXNFLSPREAD-25DEC14LVPHI","LV at PHI (Dec 14)","2025-12-14","2025-12","2025_15_LV_PHI","REG","2025-12-14T18:00:00Z",FALSE,NA,NA,NA,NA,NA,NA,NA
"KXNFLSPREAD","KXNFLSPREAD-25DEC14LACKC","LAC at KC (Dec 14)","2025-12-14","2025-12","2025_15_LAC_KC","REG","2025-12-14T18:00:00Z",FALSE,NA,NA,NA,NA,NA,NA,NA
"KXNFLSPREAD","KXNFLSPREAD-25DEC14CLECHI","CLE at CHI (Dec 14)","2025-12-14","2025-12","2025_15_CLE_CHI","REG","2025-12-14T18:00:00Z",FALSE,NA,NA,NA,NA,NA,NA,NA
"KXNFLSPREAD","KXNFLSPREAD-25DEC14BUFNE","BUF at NE (Dec 14)","2025-12-14","2025-12","2025_15_BUF_NE","REG","2025-12-14T18:00:00Z",FALSE,NA,NA,NA,NA,NA,NA,NA
"KXNFLSPREAD","KXNFLSPREAD-25DEC14BALCIN","BAL at CIN (Dec 14)","2025-12-14","2025-12","2025_15_BAL_CIN","REG","2025-12-14T18:00:00Z",FALSE,NA,NA,NA,NA,NA,NA,NA
"KXNFLSPREAD","KXNFLSPREAD-25DEC14ARIHOU","ARI at HOU (Dec 14)","2025-12-14","2025-12","2025_15_ARI_HOU","REG","2025-12-14T18:00:00Z",FALSE,NA,NA,NA,NA,NA,NA,NA
"KXNFLSPREAD","KXNFLSPREAD-25DEC11ATLTB","ATL at TB (Dec 11)","2025-12-11","2025-12","2025_15_ATL_TB","REG","2025-12-12T01:15:00Z",FALSE,NA,NA,NA,NA,NA,NA,NA
"KXNFLSPREAD","KXNFLSPREAD-25DEC08PHILAC","PHI at LAC (Dec 8)","2025-12-08","2025-12","2025_14_PHI_LAC","REG","2025-12-09T01:15:00Z",FALSE,NA,NA,NA,NA,NA,NA,NA
"KXNFLSPREAD","KXNFLSPREAD-25DEC07HOUKC","HOU at KC (Dec 7)","2025-12-07","2025-12","2025_14_HOU_KC","REG","2025-12-08T01:20:00Z",FALSE,NA,NA,NA,NA,NA,NA,NA
"KXNFLSPREAD","KXNFLSPREAD-25DEC07LAARI","LA at ARI (Dec 7)","2025-12-07","2025-12","2025_14_LA_ARI","REG","2025-12-07T21:25:00Z",FALSE,NA,NA,NA,NA,NA,NA,NA
"KXNFLSPREAD","KXNFLSPREAD-25DEC07CHIGB","CHI at GB (Dec 7)","2025-12-07","2025-12","2025_14_CHI_GB","REG","2025-12-07T21:25:00Z",FALSE,NA,NA,NA,NA,NA,NA,NA
"KXNFLSPREAD","KXNFLSPREAD-25DEC07DENLV","DEN at LV (Dec 7)","2025-12-07","2025-12","2025_14_DEN_LV","REG","2025-12-07T21:05:00Z",TRUE,"historical",15,15,0,NA,NA,15
"KXNFLSPREAD","KXNFLSPREAD-25DEC07WASMIN","WAS at MIN (Dec 7)","2025-12-07","2025-12","2025_14_WAS_MIN","REG","2025-12-07T18:00:00Z",FALSE,NA,NA,NA,NA,NA,NA,NA
"KXNFLSPREAD","KXNFLSPREAD-25DEC07TENCLE","TEN at CLE (Dec 7)","2025-12-07","2025-12","2025_14_TEN_CLE","REG","2025-12-07T18:00:00Z",FALSE,NA,NA,NA,NA,NA,NA,NA
"KXNFLSPREAD","KXNFLSPREAD-25DEC07SEAATL","SEA at ATL (Dec 7)","2025-12-07","2025-12","2025_14_SEA_ATL","REG","2025-12-07T18:00:00Z",FALSE,NA,NA,NA,NA,NA,NA,NA
"KXNFLSPREAD","KXNFLSPREAD-25DEC07PITBAL","PIT at BAL (Dec 7)","2025-12-07","2025-12","2025_14_PIT_BAL","REG","2025-12-07T18:00:00Z",FALSE,NA,NA,NA,NA,NA,NA,NA
"KXNFLSPREAD","KXNFLSPREAD-25DEC07NOTB","NO at TB (Dec 7)","2025-12-07","2025-12","2025_14_NO_TB","REG","2025-12-07T18:00:00Z",FALSE,NA,NA,NA,NA,NA,NA,NA
"KXNFLSPREAD","KXNFLSPREAD-25DEC07MIANYJ","MIA at NYJ (Dec 7)","2025-12-07","2025-12","2025_14_MIA_NYJ","REG","2025-12-07T18:00:00Z",FALSE,NA,NA,NA,NA,NA,NA,NA
"KXNFLSPREAD","KXNFLSPREAD-25DEC07INDJAC","IND at JAC (Dec 7)","2025-12-07","2025-12","2025_14_IND_JAX","REG","2025-12-07T18:00:00Z",FALSE,NA,NA,NA,NA,NA,NA,NA
"KXNFLSPREAD","KXNFLSPREAD-25DEC07CINBUF","CIN at BUF (Dec 7)","2025-12-07","2025-12","2025_14_CIN_BUF","REG","2025-12-07T18:00:00Z",FALSE,NA,NA,NA,NA,NA,NA,NA
"KXNFLSPREAD","KXNFLSPREAD-25DEC04DALDET","DAL at DET (Dec 4)","2025-12-04","2025-12","2025_14_DAL_DET","REG","2025-12-05T01:15:00Z",FALSE,NA,NA,NA,NA,NA,NA,NA
"KXNFLSPREAD","KXNFLSPREAD-25DEC01NYGNE","NYG at NE (Dec 1)","2025-12-01","2025-12","2025_13_NYG_NE","REG","2025-12-02T01:15:00Z",FALSE,NA,NA,NA,NA,NA,NA,NA
"KXNFLSPREAD","KXNFLSPREAD-25NOV30DENWAS","DEN at WAS (Nov 30)","2025-11-30","2025-11","2025_13_DEN_WAS","REG","2025-12-01T01:20:00Z",FALSE,NA,NA,NA,NA,NA,NA,NA
"KXNFLSPREAD","KXNFLSPREAD-25NOV30LVLAC","LV at LAC (Nov 30)","2025-11-30","2025-11","2025_13_LV_LAC","REG","2025-11-30T21:25:00Z",FALSE,NA,NA,NA,NA,NA,NA,NA
"KXNFLSPREAD","KXNFLSPREAD-25NOV30BUFPIT","BUF at PIT (Nov 30)","2025-11-30","2025-11","2025_13_BUF_PIT","REG","2025-11-30T21:25:00Z",TRUE,"historical",16,16,0,NA,NA,16
"KXNFLSPREAD","KXNFLSPREAD-25NOV30MINSEA","MIN at SEA (Nov 30)","2025-11-30","2025-11","2025_13_MIN_SEA","REG","2025-11-30T21:05:00Z",FALSE,NA,NA,NA,NA,NA,NA,NA
"KXNFLSPREAD","KXNFLSPREAD-25NOV30SFCLE","SF at CLE (Nov 30)","2025-11-30","2025-11","2025_13_SF_CLE","REG","2025-11-30T18:00:00Z",FALSE,NA,NA,NA,NA,NA,NA,NA
"KXNFLSPREAD","KXNFLSPREAD-25NOV30NOMIA","NO at MIA (Nov 30)","2025-11-30","2025-11","2025_13_NO_MIA","REG","2025-11-30T18:00:00Z",FALSE,NA,NA,NA,NA,NA,NA,NA
"KXNFLSPREAD","KXNFLSPREAD-25NOV30LACAR","LA at CAR (Nov 30)","2025-11-30","2025-11","2025_13_LA_CAR","REG","2025-11-30T18:00:00Z",FALSE,NA,NA,NA,NA,NA,NA,NA
"KXNFLSPREAD","KXNFLSPREAD-25NOV30JACTEN","JAC at TEN (Nov 30)","2025-11-30","2025-11","2025_13_JAX_TEN","REG","2025-11-30T18:00:00Z",FALSE,NA,NA,NA,NA,NA,NA,NA
"KXNFLSPREAD","KXNFLSPREAD-25NOV30HOUIND","HOU at IND (Nov 30)","2025-11-30","2025-11","2025_13_HOU_IND","REG","2025-11-30T18:00:00Z",FALSE,NA,NA,NA,NA,NA,NA,NA
"KXNFLSPREAD","KXNFLSPREAD-25NOV30ATLNYJ","ATL at NYJ (Nov 30)","2025-11-30","2025-11","2025_13_ATL_NYJ","REG","2025-11-30T18:00:00Z",FALSE,NA,NA,NA,NA,NA,NA,NA
"KXNFLSPREAD","KXNFLSPREAD-25NOV30ARITB","ARI at TB (Nov 30)","2025-11-30","2025-11","2025_13_ARI_TB","REG","2025-11-30T18:00:00Z",FALSE,NA,NA,NA,NA,NA,NA,NA
"KXNFLSPREAD","KXNFLSPREAD-25NOV28CHIPHI","CHI at PHI (Nov 28)","2025-11-28","2025-11","2025_13_CHI_PHI","REG","2025-11-28T20:00:00Z",FALSE,NA,NA,NA,NA,NA,NA,NA
"KXNFLSPREAD","KXNFLSPREAD-25NOV27CINBAL","CIN at BAL (Nov 27)","2025-11-27","2025-11","2025_13_CIN_BAL","REG","2025-11-28T01:20:00Z",FALSE,NA,NA,NA,NA,NA,NA,NA
"KXNFLSPREAD","KXNFLSPREAD-25NOV27KCDAL","KC at DAL (Nov 27)","2025-11-27","2025-11","2025_13_KC_DAL","REG","2025-11-27T21:30:00Z",FALSE,NA,NA,NA,NA,NA,NA,NA
"KXNFLSPREAD","KXNFLSPREAD-25NOV27GBDET","GB at DET (Nov 27)","2025-11-27","2025-11","2025_13_GB_DET","REG","2025-11-27T18:00:00Z",FALSE,NA,NA,NA,NA,NA,NA,NA
"KXNFLSPREAD","KXNFLSPREAD-25NOV24CARSF","CAR at SF (Nov 24)","2025-11-24","2025-11","2025_12_CAR_SF","REG","2025-11-25T01:15:00Z",FALSE,NA,NA,NA,NA,NA,NA,NA
"KXNFLSPREAD","KXNFLSPREAD-25NOV23TBLA","TB at LA (Nov 23)","2025-11-23","2025-11","2025_12_TB_LA","REG","2025-11-24T01:20:00Z",FALSE,NA,NA,NA,NA,NA,NA,NA
"KXNFLSPREAD","KXNFLSPREAD-25NOV23PHIDAL","PHI at DAL (Nov 23)","2025-11-23","2025-11","2025_12_PHI_DAL","REG","2025-11-23T21:25:00Z",FALSE,NA,NA,NA,NA,NA,NA,NA
"KXNFLSPREAD","KXNFLSPREAD-25NOV23ATLNO","ATL at NO (Nov 23)","2025-11-23","2025-11","2025_12_ATL_NO","REG","2025-11-23T21:25:00Z",FALSE,NA,NA,NA,NA,NA,NA,NA
"KXNFLSPREAD","KXNFLSPREAD-25NOV23JACARI","JAC at ARI (Nov 23)","2025-11-23","2025-11","2025_12_JAX_ARI","REG","2025-11-23T21:05:00Z",FALSE,NA,NA,NA,NA,NA,NA,NA
"KXNFLSPREAD","KXNFLSPREAD-25NOV23CLELV","CLE at LV (Nov 23)","2025-11-23","2025-11","2025_12_CLE_LV","REG","2025-11-23T21:05:00Z",FALSE,NA,NA,NA,NA,NA,NA,NA
"KXNFLSPREAD","KXNFLSPREAD-25NOV23SEATEN","SEA at TEN (Nov 23)","2025-11-23","2025-11","2025_12_SEA_TEN","REG","2025-11-23T18:00:00Z",FALSE,NA,NA,NA,NA,NA,NA,NA
"KXNFLSPREAD","KXNFLSPREAD-25NOV23PITCHI","PIT at CHI (Nov 23)","2025-11-23","2025-11","2025_12_PIT_CHI","REG","2025-11-23T18:00:00Z",FALSE,NA,NA,NA,NA,NA,NA,NA
"KXNFLSPREAD","KXNFLSPREAD-25NOV23NYJBAL","NYJ at BAL (Nov 23)","2025-11-23","2025-11","2025_12_NYJ_BAL","REG","2025-11-23T18:00:00Z",FALSE,NA,NA,NA,NA,NA,NA,NA
"KXNFLSPREAD","KXNFLSPREAD-25NOV23NYGDET","NYG at DET (Nov 23)","2025-11-23","2025-11","2025_12_NYG_DET","REG","2025-11-23T18:00:00Z",FALSE,NA,NA,NA,NA,NA,NA,NA
"KXNFLSPREAD","KXNFLSPREAD-25NOV23NECIN","NE at CIN (Nov 23)","2025-11-23","2025-11","2025_12_NE_CIN","REG","2025-11-23T18:00:00Z",FALSE,NA,NA,NA,NA,NA,NA,NA
"KXNFLSPREAD","KXNFLSPREAD-25NOV23MINGB","MIN at GB (Nov 23)","2025-11-23","2025-11","2025_12_MIN_GB","REG","2025-11-23T18:00:00Z",FALSE,NA,NA,NA,NA,NA,NA,NA
"KXNFLSPREAD","KXNFLSPREAD-25NOV23INDKC","IND at KC (Nov 23)","2025-11-23","2025-11","2025_12_IND_KC","REG","2025-11-23T18:00:00Z",FALSE,NA,NA,NA,NA,NA,NA,NA
"KXNFLSPREAD","KXNFLSPREAD-25NOV20BUFHOU","BUF at HOU (Nov 20)","2025-11-20","2025-11","2025_12_BUF_HOU","REG","2025-11-21T01:15:00Z",TRUE,"historical",18,18,0,NA,NA,18
"KXNFLSPREAD","KXNFLSPREAD-25NOV17DALLV","DAL at LV (Nov 17)","2025-11-17","2025-11","2025_11_DAL_LV","REG","2025-11-18T01:15:00Z",FALSE,NA,NA,NA,NA,NA,NA,NA
"KXNFLSPREAD","KXNFLSPREAD-25NOV16DETPHI","DET at PHI (Nov 16)","2025-11-16","2025-11","2025_11_DET_PHI","REG","2025-11-17T01:20:00Z",FALSE,NA,NA,NA,NA,NA,NA,NA
"KXNFLSPREAD","KXNFLSPREAD-25NOV16KCDEN","KC at DEN (Nov 16)","2025-11-16","2025-11","2025_11_KC_DEN","REG","2025-11-16T21:25:00Z",FALSE,NA,NA,NA,NA,NA,NA,NA
"KXNFLSPREAD","KXNFLSPREAD-25NOV16BALCLE","BAL at CLE (Nov 16)","2025-11-16","2025-11","2025_11_BAL_CLE","REG","2025-11-16T21:25:00Z",FALSE,NA,NA,NA,NA,NA,NA,NA
"KXNFLSPREAD","KXNFLSPREAD-25NOV16SFARI","SF at ARI (Nov 16)","2025-11-16","2025-11","2025_11_SF_ARI","REG","2025-11-16T21:05:00Z",FALSE,NA,NA,NA,NA,NA,NA,NA
"KXNFLSPREAD","KXNFLSPREAD-25NOV16SEALA","SEA at LA (Nov 16)","2025-11-16","2025-11","2025_11_SEA_LA","REG","2025-11-16T21:05:00Z",FALSE,NA,NA,NA,NA,NA,NA,NA
"KXNFLSPREAD","KXNFLSPREAD-25NOV16TBBUF","TB at BUF (Nov 16)","2025-11-16","2025-11","2025_11_TB_BUF","REG","2025-11-16T18:00:00Z",FALSE,NA,NA,NA,NA,NA,NA,NA
"KXNFLSPREAD","KXNFLSPREAD-25NOV16LACJAC","LAC at JAC (Nov 16)","2025-11-16","2025-11","2025_11_LAC_JAX","REG","2025-11-16T18:00:00Z",FALSE,NA,NA,NA,NA,NA,NA,NA
"KXNFLSPREAD","KXNFLSPREAD-25NOV16HOUTEN","HOU at TEN (Nov 16)","2025-11-16","2025-11","2025_11_HOU_TEN","REG","2025-11-16T18:00:00Z",FALSE,NA,NA,NA,NA,NA,NA,NA
"KXNFLSPREAD","KXNFLSPREAD-25NOV16GBNYG","GB at NYG (Nov 16)","2025-11-16","2025-11","2025_11_GB_NYG","REG","2025-11-16T18:00:00Z",FALSE,NA,NA,NA,NA,NA,NA,NA
"KXNFLSPREAD","KXNFLSPREAD-25NOV16CINPIT","CIN at PIT (Nov 16)","2025-11-16","2025-11","2025_11_CIN_PIT","REG","2025-11-16T18:00:00Z",FALSE,NA,NA,NA,NA,NA,NA,NA
"KXNFLSPREAD","KXNFLSPREAD-25NOV16CHIMIN","CHI at MIN (Nov 16)","2025-11-16","2025-11","2025_11_CHI_MIN","REG","2025-11-16T18:00:00Z",FALSE,NA,NA,NA,NA,NA,NA,NA
"KXNFLSPREAD","KXNFLSPREAD-25NOV16CARATL","CAR at ATL (Nov 16)","2025-11-16","2025-11","2025_11_CAR_ATL","REG","2025-11-16T18:00:00Z",FALSE,NA,NA,NA,NA,NA,NA,NA
"KXNFLSPREAD","KXNFLSPREAD-25NOV16WASMIA","WAS at MIA (Nov 16)","2025-11-16","2025-11","2025_11_WAS_MIA","REG","2025-11-16T14:30:00Z",FALSE,NA,NA,NA,NA,NA,NA,NA
"KXNFLSPREAD","KXNFLSPREAD-25NOV13NYJNE","NYJ at NE (Nov 13)","2025-11-13","2025-11","2025_11_NYJ_NE","REG","2025-11-14T01:15:00Z",FALSE,NA,NA,NA,NA,NA,NA,NA
"KXNFLSPREAD","KXNFLSPREAD-25NOV10PHIGB","PHI at GB (Nov 10)","2025-11-10","2025-11","2025_10_PHI_GB","REG","2025-11-11T01:15:00Z",FALSE,NA,NA,NA,NA,NA,NA,NA
"KXNFLSPREAD","KXNFLSPREAD-25NOV09PITLAC","PIT at LAC (Nov 9)","2025-11-09","2025-11","2025_10_PIT_LAC","REG","2025-11-10T01:20:00Z",FALSE,NA,NA,NA,NA,NA,NA,NA
"KXNFLSPREAD","KXNFLSPREAD-25NOV09LASF","LA at SF (Nov 9)","2025-11-09","2025-11","2025_10_LA_SF","REG","2025-11-09T21:25:00Z",FALSE,NA,NA,NA,NA,NA,NA,NA
"KXNFLSPREAD","KXNFLSPREAD-25NOV09DETWAS","DET at WAS (Nov 9)","2025-11-09","2025-11","2025_10_DET_WAS","REG","2025-11-09T21:25:00Z",FALSE,NA,NA,NA,NA,NA,NA,NA
"KXNFLSPREAD","KXNFLSPREAD-25NOV09ARISEA","ARI at SEA (Nov 9)","2025-11-09","2025-11","2025_10_ARI_SEA","REG","2025-11-09T21:05:00Z",FALSE,NA,NA,NA,NA,NA,NA,NA
"KXNFLSPREAD","KXNFLSPREAD-25NOV09NYGCHI","NYG at CHI (Nov 9)","2025-11-09","2025-11","2025_10_NYG_CHI","REG","2025-11-09T18:00:00Z",FALSE,NA,NA,NA,NA,NA,NA,NA
"KXNFLSPREAD","KXNFLSPREAD-25NOV09NOCAR","NO at CAR (Nov 9)","2025-11-09","2025-11","2025_10_NO_CAR","REG","2025-11-09T18:00:00Z",FALSE,NA,NA,NA,NA,NA,NA,NA
"KXNFLSPREAD","KXNFLSPREAD-25NOV09NETB","NE at TB (Nov 9)","2025-11-09","2025-11","2025_10_NE_TB","REG","2025-11-09T18:00:00Z",FALSE,NA,NA,NA,NA,NA,NA,NA
"KXNFLSPREAD","KXNFLSPREAD-25NOV09JACHOU","JAC at HOU (Nov 9)","2025-11-09","2025-11","2025_10_JAX_HOU","REG","2025-11-09T18:00:00Z",FALSE,NA,NA,NA,NA,NA,NA,NA
"KXNFLSPREAD","KXNFLSPREAD-25NOV09CLENYJ","CLE at NYJ (Nov 9)","2025-11-09","2025-11","2025_10_CLE_NYJ","REG","2025-11-09T18:00:00Z",FALSE,NA,NA,NA,NA,NA,NA,NA
"KXNFLSPREAD","KXNFLSPREAD-25NOV09BUFMIA","BUF at MIA (Nov 9)","2025-11-09","2025-11","2025_10_BUF_MIA","REG","2025-11-09T18:00:00Z",FALSE,NA,NA,NA,NA,NA,NA,NA
"KXNFLSPREAD","KXNFLSPREAD-25NOV09BALMIN","BAL at MIN (Nov 9)","2025-11-09","2025-11","2025_10_BAL_MIN","REG","2025-11-09T18:00:00Z",FALSE,NA,NA,NA,NA,NA,NA,NA
"KXNFLSPREAD","KXNFLSPREAD-25NOV09ATLIND","ATL at IND (Nov 9)","2025-11-09","2025-11","2025_10_ATL_IND","REG","2025-11-09T14:30:00Z",FALSE,NA,NA,NA,NA,NA,NA,NA
"KXNFLSPREAD","KXNFLSPREAD-25NOV06LVDEN","LV at DEN (Nov 6)","2025-11-06","2025-11","2025_10_LV_DEN","REG","2025-11-07T01:15:00Z",FALSE,NA,NA,NA,NA,NA,NA,NA
"KXNFLSPREAD","KXNFLSPREAD-25NOV03ARIDAL","ARI at DAL (Nov 3)","2025-11-03","2025-11","2025_09_ARI_DAL","REG","2025-11-04T01:15:00Z",FALSE,NA,NA,NA,NA,NA,NA,NA
"KXNFLSPREAD","KXNFLSPREAD-25NOV02SEAWAS","SEA at WAS (Nov 2)","2025-11-02","2025-11","2025_09_SEA_WAS","REG","2025-11-03T01:20:00Z",FALSE,NA,NA,NA,NA,NA,NA,NA
"KXNFLSPREAD","KXNFLSPREAD-25NOV02KCBUF","KC at BUF (Nov 2)","2025-11-02","2025-11","2025_09_KC_BUF","REG","2025-11-02T21:25:00Z",FALSE,NA,NA,NA,NA,NA,NA,NA
"KXNFLSPREAD","KXNFLSPREAD-25NOV02NOLA","NO at LA (Nov 2)","2025-11-02","2025-11","2025_09_NO_LA","REG","2025-11-02T21:05:00Z",FALSE,NA,NA,NA,NA,NA,NA,NA
"KXNFLSPREAD","KXNFLSPREAD-25NOV02JACLV","JAC at LV (Nov 2)","2025-11-02","2025-11","2025_09_JAX_LV","REG","2025-11-02T21:05:00Z",FALSE,NA,NA,NA,NA,NA,NA,NA
"KXNFLSPREAD","KXNFLSPREAD-25NOV02SFNYG","SF at NYG (Nov 2)","2025-11-02","2025-11","2025_09_SF_NYG","REG","2025-11-02T18:00:00Z",TRUE,"historical",17,17,0,NA,NA,17
"KXNFLSPREAD","KXNFLSPREAD-25NOV02MINDET","MIN at DET (Nov 2)","2025-11-02","2025-11","2025_09_MIN_DET","REG","2025-11-02T18:00:00Z",FALSE,NA,NA,NA,NA,NA,NA,NA
"KXNFLSPREAD","KXNFLSPREAD-25NOV02LACTEN","LAC at TEN (Nov 2)","2025-11-02","2025-11","2025_09_LAC_TEN","REG","2025-11-02T18:00:00Z",FALSE,NA,NA,NA,NA,NA,NA,NA
"KXNFLSPREAD","KXNFLSPREAD-25NOV02INDPIT","IND at PIT (Nov 2)","2025-11-02","2025-11","2025_09_IND_PIT","REG","2025-11-02T18:00:00Z",FALSE,NA,NA,NA,NA,NA,NA,NA
"KXNFLSPREAD","KXNFLSPREAD-25NOV02DENHOU","DEN at HOU (Nov 2)","2025-11-02","2025-11","2025_09_DEN_HOU","REG","2025-11-02T18:00:00Z",FALSE,NA,NA,NA,NA,NA,NA,NA
"KXNFLSPREAD","KXNFLSPREAD-25NOV02CHICIN","CHI at CIN (Nov 2)","2025-11-02","2025-11","2025_09_CHI_CIN","REG","2025-11-02T18:00:00Z",FALSE,NA,NA,NA,NA,NA,NA,NA
"KXNFLSPREAD","KXNFLSPREAD-25NOV02CARGB","CAR at GB (Nov 2)","2025-11-02","2025-11","2025_09_CAR_GB","REG","2025-11-02T18:00:00Z",FALSE,NA,NA,NA,NA,NA,NA,NA
"KXNFLSPREAD","KXNFLSPREAD-25NOV02ATLNE","ATL at NE (Nov 2)","2025-11-02","2025-11","2025_09_ATL_NE","REG","2025-11-02T18:00:00Z",FALSE,NA,NA,NA,NA,NA,NA,NA
"KXNFLSPREAD","KXNFLSPREAD-25OCT30BALMIA","BAL at MIA (Oct 30)","2025-10-30","2025-10","2025_09_BAL_MIA","REG","2025-10-31T00:15:00Z",FALSE,NA,NA,NA,NA,NA,NA,NA
"KXNFLSPREAD","KXNFLSPREAD-25OCT27WASKC","WAS at KC (Oct 27)","2025-10-27","2025-10","2025_08_WAS_KC","REG","2025-10-28T00:15:00Z",FALSE,NA,NA,NA,NA,NA,NA,NA
"KXNFLSPREAD","KXNFLSPREAD-25OCT26GBPIT","GB at PIT (Oct 26)","2025-10-26","2025-10","2025_08_GB_PIT","REG","2025-10-27T00:20:00Z",FALSE,NA,NA,NA,NA,NA,NA,NA
"KXNFLSPREAD","KXNFLSPREAD-25OCT26TENIND","TEN at IND (Oct 26)","2025-10-26","2025-10","2025_08_TEN_IND","REG","2025-10-26T20:25:00Z",FALSE,NA,NA,NA,NA,NA,NA,NA
"KXNFLSPREAD","KXNFLSPREAD-25OCT26DALDEN","DAL at DEN (Oct 26)","2025-10-26","2025-10","2025_08_DAL_DEN","REG","2025-10-26T20:25:00Z",TRUE,"historical",17,17,0,NA,NA,17
"KXNFLSPREAD","KXNFLSPREAD-25OCT26TBNO","TB at NO (Oct 26)","2025-10-26","2025-10","2025_08_TB_NO","REG","2025-10-26T20:05:00Z",FALSE,NA,NA,NA,NA,NA,NA,NA
"KXNFLSPREAD","KXNFLSPREAD-25OCT26SFHOU","SF at HOU (Oct 26)","2025-10-26","2025-10","2025_08_SF_HOU","REG","2025-10-26T17:00:00Z",FALSE,NA,NA,NA,NA,NA,NA,NA
"KXNFLSPREAD","KXNFLSPREAD-25OCT26NYJCIN","NYJ at CIN (Oct 26)","2025-10-26","2025-10","2025_08_NYJ_CIN","REG","2025-10-26T17:00:00Z",FALSE,NA,NA,NA,NA,NA,NA,NA
"KXNFLSPREAD","KXNFLSPREAD-25OCT26NYGPHI","NYG at PHI (Oct 26)","2025-10-26","2025-10","2025_08_NYG_PHI","REG","2025-10-26T17:00:00Z",FALSE,NA,NA,NA,NA,NA,NA,NA
"KXNFLSPREAD","KXNFLSPREAD-25OCT26MIAATL","MIA at ATL (Oct 26)","2025-10-26","2025-10","2025_08_MIA_ATL","REG","2025-10-26T17:00:00Z",FALSE,NA,NA,NA,NA,NA,NA,NA
"KXNFLSPREAD","KXNFLSPREAD-25OCT26CLENE","CLE at NE (Oct 26)","2025-10-26","2025-10","2025_08_CLE_NE","REG","2025-10-26T17:00:00Z",FALSE,NA,NA,NA,NA,NA,NA,NA
"KXNFLSPREAD","KXNFLSPREAD-25OCT26CHIBAL","CHI at BAL (Oct 26)","2025-10-26","2025-10","2025_08_CHI_BAL","REG","2025-10-26T17:00:00Z",FALSE,NA,NA,NA,NA,NA,NA,NA
"KXNFLSPREAD","KXNFLSPREAD-25OCT26BUFCAR","BUF at CAR (Oct 26)","2025-10-26","2025-10","2025_08_BUF_CAR","REG","2025-10-26T17:00:00Z",FALSE,NA,NA,NA,NA,NA,NA,NA
"KXNFLSPREAD","KXNFLSPREAD-25OCT23MINLAC","MIN at LAC (Oct 23)","2025-10-23","2025-10","2025_08_MIN_LAC","REG","2025-10-24T00:15:00Z",FALSE,NA,NA,NA,NA,NA,NA,NA
"KXNFLSPREAD","KXNFLSPREAD-25OCT20HOUSEA","HOU at SEA (Oct 20)","2025-10-20","2025-10","2025_07_HOU_SEA","REG","2025-10-21T02:00:00Z",FALSE,NA,NA,NA,NA,NA,NA,NA
"KXNFLSPREAD","KXNFLSPREAD-25OCT20TBDET","TB at DET (Oct 20)","2025-10-20","2025-10","2025_07_TB_DET","REG","2025-10-20T23:00:00Z",FALSE,NA,NA,NA,NA,NA,NA,NA
"KXNFLSPREAD","KXNFLSPREAD-25OCT19ATLSF","ATL at SF (Oct 19)","2025-10-19","2025-10","2025_07_ATL_SF","REG","2025-10-20T00:20:00Z",FALSE,NA,NA,NA,NA,NA,NA,NA
"KXNFLSPREAD","KXNFLSPREAD-25OCT19WASDAL","WAS at DAL (Oct 19)","2025-10-19","2025-10","2025_07_WAS_DAL","REG","2025-10-19T20:25:00Z",FALSE,NA,NA,NA,NA,NA,NA,NA
"KXNFLSPREAD","KXNFLSPREAD-25OCT19GBARI","GB at ARI (Oct 19)","2025-10-19","2025-10","2025_07_GB_ARI","REG","2025-10-19T20:25:00Z",FALSE,NA,NA,NA,NA,NA,NA,NA
"KXNFLSPREAD","KXNFLSPREAD-25OCT19NYGDEN","NYG at DEN (Oct 19)","2025-10-19","2025-10","2025_07_NYG_DEN","REG","2025-10-19T20:05:00Z",FALSE,NA,NA,NA,NA,NA,NA,NA
"KXNFLSPREAD","KXNFLSPREAD-25OCT19INDLAC","IND at LAC (Oct 19)","2025-10-19","2025-10","2025_07_IND_LAC","REG","2025-10-19T20:05:00Z",FALSE,NA,NA,NA,NA,NA,NA,NA
"KXNFLSPREAD","KXNFLSPREAD-25OCT19PHIMIN","PHI at MIN (Oct 19)","2025-10-19","2025-10","2025_07_PHI_MIN","REG","2025-10-19T17:00:00Z",FALSE,NA,NA,NA,NA,NA,NA,NA
"KXNFLSPREAD","KXNFLSPREAD-25OCT19NOCHI","NO at CHI (Oct 19)","2025-10-19","2025-10","2025_07_NO_CHI","REG","2025-10-19T17:00:00Z",FALSE,NA,NA,NA,NA,NA,NA,NA
"KXNFLSPREAD","KXNFLSPREAD-25OCT19NETEN","NE at TEN (Oct 19)","2025-10-19","2025-10","2025_07_NE_TEN","REG","2025-10-19T17:00:00Z",FALSE,NA,NA,NA,NA,NA,NA,NA
"KXNFLSPREAD","KXNFLSPREAD-25OCT19MIACLE","MIA at CLE (Oct 19)","2025-10-19","2025-10","2025_07_MIA_CLE","REG","2025-10-19T17:00:00Z",FALSE,NA,NA,NA,NA,NA,NA,NA
"KXNFLSPREAD","KXNFLSPREAD-25OCT19LVKC","LV at KC (Oct 19)","2025-10-19","2025-10","2025_07_LV_KC","REG","2025-10-19T17:00:00Z",FALSE,NA,NA,NA,NA,NA,NA,NA
"KXNFLSPREAD","KXNFLSPREAD-25OCT19CARNYJ","CAR at NYJ (Oct 19)","2025-10-19","2025-10","2025_07_CAR_NYJ","REG","2025-10-19T17:00:00Z",FALSE,NA,NA,NA,NA,NA,NA,NA
"KXNFLSPREAD","KXNFLSPREAD-25OCT19LAJAC","LA at JAC (Oct 19)","2025-10-19","2025-10","2025_07_LA_JAX","REG","2025-10-19T13:30:00Z",FALSE,NA,NA,NA,NA,NA,NA,NA
"KXNFLSPREAD","KXNFLSPREAD-25OCT16PITCIN","PIT at CIN (Oct 16)","2025-10-16","2025-10","2025_07_PIT_CIN","REG","2025-10-17T00:15:00Z",FALSE,NA,NA,NA,NA,NA,NA,NA
"KXNFLSPREAD","KXNFLSPREAD-25OCT13CHIWAS","CHI at WAS (Oct 13)","2025-10-13","2025-10","2025_06_CHI_WAS","REG","2025-10-14T00:15:00Z",FALSE,NA,NA,NA,NA,NA,NA,NA
"KXNFLSPREAD","KXNFLSPREAD-25OCT13BUFATL","BUF at ATL (Oct 13)","2025-10-13","2025-10","2025_06_BUF_ATL","REG","2025-10-13T23:15:00Z",FALSE,NA,NA,NA,NA,NA,NA,NA
"KXNFLSPREAD","KXNFLSPREAD-25OCT12DETKC","DET at KC (Oct 12)","2025-10-12","2025-10","2025_06_DET_KC","REG","2025-10-13T00:20:00Z",FALSE,NA,NA,NA,NA,NA,NA,NA
"KXNFLSPREAD","KXNFLSPREAD-25OCT12SFTB","SF at TB (Oct 12)","2025-10-12","2025-10","2025_06_SF_TB","REG","2025-10-12T20:25:00Z",FALSE,NA,NA,NA,NA,NA,NA,NA
"KXNFLSPREAD","KXNFLSPREAD-25OCT12CINGB","CIN at GB (Oct 12)","2025-10-12","2025-10","2025_06_CIN_GB","REG","2025-10-12T20:25:00Z",FALSE,NA,NA,NA,NA,NA,NA,NA
"KXNFLSPREAD","KXNFLSPREAD-25OCT12TENLV","TEN at LV (Oct 12)","2025-10-12","2025-10","2025_06_TEN_LV","REG","2025-10-12T20:05:00Z",FALSE,NA,NA,NA,NA,NA,NA,NA
"KXNFLSPREAD","KXNFLSPREAD-25OCT12SEAJAC","SEA at JAC (Oct 12)","2025-10-12","2025-10","2025_06_SEA_JAX","REG","2025-10-12T17:00:00Z",FALSE,NA,NA,NA,NA,NA,NA,NA
"KXNFLSPREAD","KXNFLSPREAD-25OCT12NENO","NE at NO (Oct 12)","2025-10-12","2025-10","2025_06_NE_NO","REG","2025-10-12T17:00:00Z",FALSE,NA,NA,NA,NA,NA,NA,NA
"KXNFLSPREAD","KXNFLSPREAD-25OCT12LACMIA","LAC at MIA (Oct 12)","2025-10-12","2025-10","2025_06_LAC_MIA","REG","2025-10-12T17:00:00Z",FALSE,NA,NA,NA,NA,NA,NA,NA
"KXNFLSPREAD","KXNFLSPREAD-25OCT12LABAL","LA at BAL (Oct 12)","2025-10-12","2025-10","2025_06_LA_BAL","REG","2025-10-12T17:00:00Z",FALSE,NA,NA,NA,NA,NA,NA,NA
"KXNFLSPREAD","KXNFLSPREAD-25OCT12DALCAR","DAL at CAR (Oct 12)","2025-10-12","2025-10","2025_06_DAL_CAR","REG","2025-10-12T17:00:00Z",FALSE,NA,NA,NA,NA,NA,NA,NA
"KXNFLSPREAD","KXNFLSPREAD-25OCT12CLEPIT","CLE at PIT (Oct 12)","2025-10-12","2025-10","2025_06_CLE_PIT","REG","2025-10-12T17:00:00Z",FALSE,NA,NA,NA,NA,NA,NA,NA
"KXNFLSPREAD","KXNFLSPREAD-25OCT12ARIIND","ARI at IND (Oct 12)","2025-10-12","2025-10","2025_06_ARI_IND","REG","2025-10-12T17:00:00Z",FALSE,NA,NA,NA,NA,NA,NA,NA
"KXNFLSPREAD","KXNFLSPREAD-25OCT12DENNYJ","DEN at NYJ (Oct 12)","2025-10-12","2025-10","2025_06_DEN_NYJ","REG","2025-10-12T13:30:00Z",FALSE,NA,NA,NA,NA,NA,NA,NA
"KXNFLSPREAD","KXNFLSPREAD-25OCT09PHINYG","PHI at NYG (Oct 9)","2025-10-09","2025-10","2025_06_PHI_NYG","REG","2025-10-10T00:15:00Z",FALSE,NA,NA,NA,NA,NA,NA,NA
"KXNFLSPREAD","KXNFLSPREAD-25OCT06KCJAC","KC at JAC (Oct 6)","2025-10-06","2025-10","2025_05_KC_JAX","REG","2025-10-07T00:15:00Z",TRUE,"historical",16,16,0,NA,NA,16
"KXNFLSPREAD","KXNFLSPREAD-25OCT05NEBUF","NE at BUF (Oct 5)","2025-10-05","2025-10","2025_05_NE_BUF","REG","2025-10-06T00:20:00Z",FALSE,NA,NA,NA,NA,NA,NA,NA
"KXNFLSPREAD","KXNFLSPREAD-25OCT05WASLAC","WAS at LAC (Oct 5)","2025-10-05","2025-10","2025_05_WAS_LAC","REG","2025-10-05T20:25:00Z",FALSE,NA,NA,NA,NA,NA,NA,NA
"KXNFLSPREAD","KXNFLSPREAD-25OCT05DETCIN","DET at CIN (Oct 5)","2025-10-05","2025-10","2025_05_DET_CIN","REG","2025-10-05T20:25:00Z",FALSE,NA,NA,NA,NA,NA,NA,NA
"KXNFLSPREAD","KXNFLSPREAD-25OCT05TENARI","TEN at ARI (Oct 5)","2025-10-05","2025-10","2025_05_TEN_ARI","REG","2025-10-05T20:05:00Z",FALSE,NA,NA,NA,NA,NA,NA,NA
"KXNFLSPREAD","KXNFLSPREAD-25OCT05TBSEA","TB at SEA (Oct 5)","2025-10-05","2025-10","2025_05_TB_SEA","REG","2025-10-05T20:05:00Z",FALSE,NA,NA,NA,NA,NA,NA,NA
"KXNFLSPREAD","KXNFLSPREAD-25OCT05NYGNO","NYG at NO (Oct 5)","2025-10-05","2025-10","2025_05_NYG_NO","REG","2025-10-05T17:00:00Z",FALSE,NA,NA,NA,NA,NA,NA,NA
"KXNFLSPREAD","KXNFLSPREAD-25OCT05MIACAR","MIA at CAR (Oct 5)","2025-10-05","2025-10","2025_05_MIA_CAR","REG","2025-10-05T17:00:00Z",TRUE,"historical",17,17,0,NA,NA,17
"KXNFLSPREAD","KXNFLSPREAD-25OCT05LVIND","LV at IND (Oct 5)","2025-10-05","2025-10","2025_05_LV_IND","REG","2025-10-05T17:00:00Z",FALSE,NA,NA,NA,NA,NA,NA,NA
"KXNFLSPREAD","KXNFLSPREAD-25OCT05HOUBAL","HOU at BAL (Oct 5)","2025-10-05","2025-10","2025_05_HOU_BAL","REG","2025-10-05T17:00:00Z",FALSE,NA,NA,NA,NA,NA,NA,NA
"KXNFLSPREAD","KXNFLSPREAD-25OCT05DENPHI","DEN at PHI (Oct 5)","2025-10-05","2025-10","2025_05_DEN_PHI","REG","2025-10-05T17:00:00Z",FALSE,NA,NA,NA,NA,NA,NA,NA
"KXNFLSPREAD","KXNFLSPREAD-25OCT05DALNYJ","DAL at NYJ (Oct 5)","2025-10-05","2025-10","2025_05_DAL_NYJ","REG","2025-10-05T17:00:00Z",FALSE,NA,NA,NA,NA,NA,NA,NA
"KXNFLSPREAD","KXNFLSPREAD-25OCT05MINCLE","MIN at CLE (Oct 5)","2025-10-05","2025-10","2025_05_MIN_CLE","REG","2025-10-05T13:30:00Z",FALSE,NA,NA,NA,NA,NA,NA,NA
"KXNFLSPREAD","KXNFLSPREAD-25OCT02SFLA","SF at LA (Oct 2)","2025-10-02","2025-10","2025_05_SF_LA","REG","2025-10-03T00:15:00Z",FALSE,NA,NA,NA,NA,NA,NA,NA
"KXNFLSPREAD","KXNFLSPREAD-25SEP29CINDEN","CIN at DEN (Sep 29)","2025-09-29","2025-09","2025_04_CIN_DEN","REG","2025-09-30T00:15:00Z",FALSE,NA,NA,NA,NA,NA,NA,NA
"KXNFLSPREAD","KXNFLSPREAD-25SEP29NYJMIA","NYJ at MIA (Sep 29)","2025-09-29","2025-09","2025_04_NYJ_MIA","REG","2025-09-29T23:15:00Z",FALSE,NA,NA,NA,NA,NA,NA,NA
"KXNFLSPREAD","KXNFLSPREAD-25SEP28GBDAL","GB at DAL (Sep 28)","2025-09-28","2025-09","2025_04_GB_DAL","REG","2025-09-29T00:20:00Z",FALSE,NA,NA,NA,NA,NA,NA,NA
"KXNFLSPREAD","KXNFLSPREAD-25SEP28CHILV","CHI at LV (Sep 28)","2025-09-28","2025-09","2025_04_CHI_LV","REG","2025-09-28T20:25:00Z",FALSE,NA,NA,NA,NA,NA,NA,NA
"KXNFLSPREAD","KXNFLSPREAD-25SEP28BALKC","BAL at KC (Sep 28)","2025-09-28","2025-09","2025_04_BAL_KC","REG","2025-09-28T20:25:00Z",FALSE,NA,NA,NA,NA,NA,NA,NA
"KXNFLSPREAD","KXNFLSPREAD-25SEP28JACSF","JAC at SF (Sep 28)","2025-09-28","2025-09","2025_04_JAX_SF","REG","2025-09-28T20:05:00Z",FALSE,NA,NA,NA,NA,NA,NA,NA
"KXNFLSPREAD","KXNFLSPREAD-25SEP28INDLA","IND at LA (Sep 28)","2025-09-28","2025-09","2025_04_IND_LA","REG","2025-09-28T20:05:00Z",FALSE,NA,NA,NA,NA,NA,NA,NA
"KXNFLSPREAD","KXNFLSPREAD-25SEP28WASATL","WAS at ATL (Sep 28)","2025-09-28","2025-09","2025_04_WAS_ATL","REG","2025-09-28T17:00:00Z",FALSE,NA,NA,NA,NA,NA,NA,NA
"KXNFLSPREAD","KXNFLSPREAD-25SEP28TENHOU","TEN at HOU (Sep 28)","2025-09-28","2025-09","2025_04_TEN_HOU","REG","2025-09-28T17:00:00Z",FALSE,NA,NA,NA,NA,NA,NA,NA
"KXNFLSPREAD","KXNFLSPREAD-25SEP28PHITB","PHI at TB (Sep 28)","2025-09-28","2025-09","2025_04_PHI_TB","REG","2025-09-28T17:00:00Z",FALSE,NA,NA,NA,NA,NA,NA,NA
"KXNFLSPREAD","KXNFLSPREAD-25SEP28NOBUF","NO at BUF (Sep 28)","2025-09-28","2025-09","2025_04_NO_BUF","REG","2025-09-28T17:00:00Z",FALSE,NA,NA,NA,NA,NA,NA,NA
"KXNFLSPREAD","KXNFLSPREAD-25SEP28LACNYG","LAC at NYG (Sep 28)","2025-09-28","2025-09","2025_04_LAC_NYG","REG","2025-09-28T17:00:00Z",FALSE,NA,NA,NA,NA,NA,NA,NA
"KXNFLSPREAD","KXNFLSPREAD-25SEP28CLEDET","CLE at DET (Sep 28)","2025-09-28","2025-09","2025_04_CLE_DET","REG","2025-09-28T17:00:00Z",FALSE,NA,NA,NA,NA,NA,NA,NA
"KXNFLSPREAD","KXNFLSPREAD-25SEP28CARNE","CAR at NE (Sep 28)","2025-09-28","2025-09","2025_04_CAR_NE","REG","2025-09-28T17:00:00Z",FALSE,NA,NA,NA,NA,NA,NA,NA
"KXNFLSPREAD","KXNFLSPREAD-25SEP28MINPIT","MIN at PIT (Sep 28)","2025-09-28","2025-09","2025_04_MIN_PIT","REG","2025-09-28T13:30:00Z",FALSE,NA,NA,NA,NA,NA,NA,NA
"KXNFLSPREAD","KXNFLSPREAD-25SEP25SEAARI","SEA at ARI (Sep 25)","2025-09-25","2025-09","2025_04_SEA_ARI","REG","2025-09-26T00:15:00Z",FALSE,NA,NA,NA,NA,NA,NA,NA
"KXNFLSPREAD","KXNFLSPREAD-25SEP22DETBAL","DET at BAL (Sep 22)","2025-09-22","2025-09","2025_03_DET_BAL","REG","2025-09-23T00:15:00Z",FALSE,NA,NA,NA,NA,NA,NA,NA
"KXNFLSPREAD","KXNFLSPREAD-25SEP21KCNYG","KC at NYG (Sep 21)","2025-09-21","2025-09","2025_03_KC_NYG","REG","2025-09-22T00:20:00Z",FALSE,NA,NA,NA,NA,NA,NA,NA
"KXNFLSPREAD","KXNFLSPREAD-25SEP21DALCHI","DAL at CHI (Sep 21)","2025-09-21","2025-09","2025_03_DAL_CHI","REG","2025-09-21T20:25:00Z",TRUE,"historical",10,10,0,NA,NA,10
"KXNFLSPREAD","KXNFLSPREAD-25SEP21ARISF","ARI at SF (Sep 21)","2025-09-21","2025-09","2025_03_ARI_SF","REG","2025-09-21T20:25:00Z",FALSE,NA,NA,NA,NA,NA,NA,NA
"KXNFLSPREAD","KXNFLSPREAD-25SEP21NOSEA","NO at SEA (Sep 21)","2025-09-21","2025-09","2025_03_NO_SEA","REG","2025-09-21T20:05:00Z",FALSE,NA,NA,NA,NA,NA,NA,NA
"KXNFLSPREAD","KXNFLSPREAD-25SEP21DENLAC","DEN at LAC (Sep 21)","2025-09-21","2025-09","2025_03_DEN_LAC","REG","2025-09-21T20:05:00Z",FALSE,NA,NA,NA,NA,NA,NA,NA
"KXNFLSPREAD","KXNFLSPREAD-25SEP21PITNE","PIT at NE (Sep 21)","2025-09-21","2025-09","2025_03_PIT_NE","REG","2025-09-21T17:00:00Z",FALSE,NA,NA,NA,NA,NA,NA,NA
"KXNFLSPREAD","KXNFLSPREAD-25SEP21NYJTB","NYJ at TB (Sep 21)","2025-09-21","2025-09","2025_03_NYJ_TB","REG","2025-09-21T17:00:00Z",FALSE,NA,NA,NA,NA,NA,NA,NA
"KXNFLSPREAD","KXNFLSPREAD-25SEP21LVWAS","LV at WAS (Sep 21)","2025-09-21","2025-09","2025_03_LV_WAS","REG","2025-09-21T17:00:00Z",FALSE,NA,NA,NA,NA,NA,NA,NA
"KXNFLSPREAD","KXNFLSPREAD-25SEP21LAPHI","LA at PHI (Sep 21)","2025-09-21","2025-09","2025_03_LA_PHI","REG","2025-09-21T17:00:00Z",FALSE,NA,NA,NA,NA,NA,NA,NA
"KXNFLSPREAD","KXNFLSPREAD-25SEP21INDTEN","IND at TEN (Sep 21)","2025-09-21","2025-09","2025_03_IND_TEN","REG","2025-09-21T17:00:00Z",FALSE,NA,NA,NA,NA,NA,NA,NA
"KXNFLSPREAD","KXNFLSPREAD-25SEP21HOUJAC","HOU at JAC (Sep 21)","2025-09-21","2025-09","2025_03_HOU_JAX","REG","2025-09-21T17:00:00Z",FALSE,NA,NA,NA,NA,NA,NA,NA
"KXNFLSPREAD","KXNFLSPREAD-25SEP21GBCLE","GB at CLE (Sep 21)","2025-09-21","2025-09","2025_03_GB_CLE","REG","2025-09-21T17:00:00Z",FALSE,NA,NA,NA,NA,NA,NA,NA
"KXNFLSPREAD","KXNFLSPREAD-25SEP21CINMIN","CIN at MIN (Sep 21)","2025-09-21","2025-09","2025_03_CIN_MIN","REG","2025-09-21T17:00:00Z",FALSE,NA,NA,NA,NA,NA,NA,NA
"KXNFLSPREAD","KXNFLSPREAD-25SEP21ATLCAR","ATL at CAR (Sep 21)","2025-09-21","2025-09","2025_03_ATL_CAR","REG","2025-09-21T17:00:00Z",FALSE,NA,NA,NA,NA,NA,NA,NA
"KXNFLSPREAD","KXNFLSPREAD-25SEP18MIABUF","MIA at BUF (Sep 18)","2025-09-18","2025-09","2025_03_MIA_BUF","REG","2025-09-19T00:15:00Z",FALSE,NA,NA,NA,NA,NA,NA,NA
"KXNFLSPREAD","KXNFLSPREAD-25SEP15LACLV","LAC at LV (Sep 15)","2025-09-15","2025-09","2025_02_LAC_LV","REG","2025-09-16T02:00:00Z",FALSE,NA,NA,NA,NA,NA,NA,NA
"KXNFLSPREAD","KXNFLSPREAD-25SEP15TBHOU","TB at HOU (Sep 15)","2025-09-15","2025-09","2025_02_TB_HOU","REG","2025-09-15T23:00:00Z",TRUE,"historical",10,10,0,NA,NA,10
"KXNFLSPREAD","KXNFLSPREAD-25SEP14ATLMIN","ATL at MIN (Sep 14)","2025-09-14","2025-09","2025_02_ATL_MIN","REG","2025-09-15T00:20:00Z",FALSE,NA,NA,NA,NA,NA,NA,NA
"KXNFLSPREAD","KXNFLSPREAD-25SEP14PHIKC","PHI at KC (Sep 14)","2025-09-14","2025-09","2025_02_PHI_KC","REG","2025-09-14T20:25:00Z",TRUE,"historical",8,8,0,NA,NA,8
"KXNFLSPREAD","KXNFLSPREAD-25SEP14DENIND","DEN at IND (Sep 14)","2025-09-14","2025-09","2025_02_DEN_IND","REG","2025-09-14T20:05:00Z",FALSE,NA,NA,NA,NA,NA,NA,NA
"KXNFLSPREAD","KXNFLSPREAD-25SEP14CARARI","CAR at ARI (Sep 14)","2025-09-14","2025-09","2025_02_CAR_ARI","REG","2025-09-14T20:05:00Z",FALSE,NA,NA,NA,NA,NA,NA,NA
"KXNFLSPREAD","KXNFLSPREAD-25SEP14SFNO","SF at NO (Sep 14)","2025-09-14","2025-09","2025_02_SF_NO","REG","2025-09-14T17:00:00Z",FALSE,NA,NA,NA,NA,NA,NA,NA
"KXNFLSPREAD","KXNFLSPREAD-25SEP14SEAPIT","SEA at PIT (Sep 14)","2025-09-14","2025-09","2025_02_SEA_PIT","REG","2025-09-14T17:00:00Z",FALSE,NA,NA,NA,NA,NA,NA,NA
"KXNFLSPREAD","KXNFLSPREAD-25SEP14NYGDAL","NYG at DAL (Sep 14)","2025-09-14","2025-09","2025_02_NYG_DAL","REG","2025-09-14T17:00:00Z",FALSE,NA,NA,NA,NA,NA,NA,NA
"KXNFLSPREAD","KXNFLSPREAD-25SEP14NEMIA","NE at MIA (Sep 14)","2025-09-14","2025-09","2025_02_NE_MIA","REG","2025-09-14T17:00:00Z",FALSE,NA,NA,NA,NA,NA,NA,NA
"KXNFLSPREAD","KXNFLSPREAD-25SEP14LATEN","LA at TEN (Sep 14)","2025-09-14","2025-09","2025_02_LA_TEN","REG","2025-09-14T17:00:00Z",FALSE,NA,NA,NA,NA,NA,NA,NA
"KXNFLSPREAD","KXNFLSPREAD-25SEP14JACCIN","JAC at CIN (Sep 14)","2025-09-14","2025-09","2025_02_JAX_CIN","REG","2025-09-14T17:00:00Z",FALSE,NA,NA,NA,NA,NA,NA,NA
"KXNFLSPREAD","KXNFLSPREAD-25SEP14CLEBAL","CLE at BAL (Sep 14)","2025-09-14","2025-09","2025_02_CLE_BAL","REG","2025-09-14T17:00:00Z",FALSE,NA,NA,NA,NA,NA,NA,NA
"KXNFLSPREAD","KXNFLSPREAD-25SEP14CHIDET","CHI at DET (Sep 14)","2025-09-14","2025-09","2025_02_CHI_DET","REG","2025-09-14T17:00:00Z",FALSE,NA,NA,NA,NA,NA,NA,NA
"KXNFLSPREAD","KXNFLSPREAD-25SEP14BUFNYJ","BUF at NYJ (Sep 14)","2025-09-14","2025-09","2025_02_BUF_NYJ","REG","2025-09-14T17:00:00Z",FALSE,NA,NA,NA,NA,NA,NA,NA
"KXNFLSPREAD","KXNFLSPREAD-25SEP11WASGB","WAS at GB (Sep 11)","2025-09-11","2025-09","2025_02_WAS_GB","REG","2025-09-12T00:15:00Z",FALSE,NA,NA,NA,NA,NA,NA,NA
"KXNFLSPREAD","KXNFLSPREAD-25SEP08MINCHI","MIN at CHI (Sep 8)","2025-09-08","2025-09","2025_01_MIN_CHI","REG","2025-09-09T00:15:00Z",FALSE,NA,NA,NA,NA,NA,NA,NA
"KXNFLSPREAD","KXNFLSPREAD-25SEP07BALBUF","BAL at BUF (Sep 7)","2025-09-07","2025-09","2025_01_BAL_BUF","REG","2025-09-08T00:20:00Z",FALSE,NA,NA,NA,NA,NA,NA,NA
"KXNFLSPREAD","KXNFLSPREAD-25SEP07HOULA","HOU at LA (Sep 7)","2025-09-07","2025-09","2025_01_HOU_LA","REG","2025-09-07T20:25:00Z",FALSE,NA,NA,NA,NA,NA,NA,NA
"KXNFLSPREAD","KXNFLSPREAD-25SEP07DETGB","DET at GB (Sep 7)","2025-09-07","2025-09","2025_01_DET_GB","REG","2025-09-07T20:25:00Z",FALSE,NA,NA,NA,NA,NA,NA,NA
"KXNFLSPREAD","KXNFLSPREAD-25SEP07TENDEN","TEN at DEN (Sep 7)","2025-09-07","2025-09","2025_01_TEN_DEN","REG","2025-09-07T20:05:00Z",FALSE,NA,NA,NA,NA,NA,NA,NA
"KXNFLSPREAD","KXNFLSPREAD-25SEP07SFSEA","SF at SEA (Sep 7)","2025-09-07","2025-09","2025_01_SF_SEA","REG","2025-09-07T20:05:00Z",FALSE,NA,NA,NA,NA,NA,NA,NA
"KXNFLSPREAD","KXNFLSPREAD-25SEP07TBATL","TB at ATL (Sep 7)","2025-09-07","2025-09","2025_01_TB_ATL","REG","2025-09-07T17:00:00Z",FALSE,NA,NA,NA,NA,NA,NA,NA
"KXNFLSPREAD","KXNFLSPREAD-25SEP07PITNYJ","PIT at NYJ (Sep 7)","2025-09-07","2025-09","2025_01_PIT_NYJ","REG","2025-09-07T17:00:00Z",FALSE,NA,NA,NA,NA,NA,NA,NA
"KXNFLSPREAD","KXNFLSPREAD-25SEP07NYGWAS","NYG at WAS (Sep 7)","2025-09-07","2025-09","2025_01_NYG_WAS","REG","2025-09-07T17:00:00Z",FALSE,NA,NA,NA,NA,NA,NA,NA
"KXNFLSPREAD","KXNFLSPREAD-25SEP07MIAIND","MIA at IND (Sep 7)","2025-09-07","2025-09","2025_01_MIA_IND","REG","2025-09-07T17:00:00Z",FALSE,NA,NA,NA,NA,NA,NA,NA
"KXNFLSPREAD","KXNFLSPREAD-25SEP07LVNE","LV at NE (Sep 7)","2025-09-07","2025-09","2025_01_LV_NE","REG","2025-09-07T17:00:00Z",FALSE,NA,NA,NA,NA,NA,NA,NA
"KXNFLSPREAD","KXNFLSPREAD-25SEP07CINCLE","CIN at CLE (Sep 7)","2025-09-07","2025-09","2025_01_CIN_CLE","REG","2025-09-07T17:00:00Z",FALSE,NA,NA,NA,NA,NA,NA,NA
"KXNFLSPREAD","KXNFLSPREAD-25SEP07CARJAC","CAR at JAC (Sep 7)","2025-09-07","2025-09","2025_01_CAR_JAX","REG","2025-09-07T17:00:00Z",FALSE,NA,NA,NA,NA,NA,NA,NA
"KXNFLSPREAD","KXNFLSPREAD-25SEP07ARINO","ARI at NO (Sep 7)","2025-09-07","2025-09","2025_01_ARI_NO","REG","2025-09-07T17:00:00Z",FALSE,NA,NA,NA,NA,NA,NA,NA
"KXNFLSPREAD","KXNFLSPREAD-25SEP05KCLAC","KC at LAC (Sep 5)","2025-09-05","2025-09","2025_01_KC_LAC","REG","2025-09-06T00:00:00Z",FALSE,NA,NA,NA,NA,NA,NA,NA
"KXNFLSPREAD","KXNFLSPREAD-25SEP04DALPHI","DAL at PHI (Sep 4)","2025-09-04","2025-09","2025_01_DAL_PHI","REG","2025-09-05T00:20:00Z",FALSE,NA,NA,NA,NA,NA,NA,NA
"KXNFLSPREAD","KXNFLSPREAD-25AUG23LVARI","LV at ARI (Aug 23)","2025-08-23","2025-08",NA,NA,NA,FALSE,NA,NA,NA,NA,NA,NA,NA
"KXNFLSPREAD","KXNFLSPREAD-25AUG23LACSF","LAC at SF (Aug 23)","2025-08-23","2025-08",NA,NA,NA,FALSE,NA,NA,NA,NA,NA,NA,NA
"KXNFLSPREAD","KXNFLSPREAD-25AUG23BUFTB","BUF at TB (Aug 23)","2025-08-23","2025-08",NA,NA,NA,FALSE,NA,NA,NA,NA,NA,NA,NA
"KXNFLSPREAD","KXNFLSPREAD-25AUG23JACMIA","JAC at MIA (Aug 23)","2025-08-23","2025-08",NA,NA,NA,FALSE,NA,NA,NA,NA,NA,NA,NA
"KXNFLSPREAD","KXNFLSPREAD-25AUG23SEAGB","SEA at GB (Aug 23)","2025-08-23","2025-08",NA,NA,NA,FALSE,NA,NA,NA,NA,NA,NA,NA
"KXNFLSPREAD","KXNFLSPREAD-25AUG23LACLE","LA at CLE (Aug 23)","2025-08-23","2025-08",NA,NA,NA,FALSE,NA,NA,NA,NA,NA,NA,NA
"KXNFLSPREAD","KXNFLSPREAD-25AUG23INDCIN","IND at CIN (Aug 23)","2025-08-23","2025-08",NA,NA,NA,FALSE,NA,NA,NA,NA,NA,NA,NA
"KXNFLSPREAD","KXNFLSPREAD-25AUG23HOUDET","HOU at DET (Aug 23)","2025-08-23","2025-08",NA,NA,NA,FALSE,NA,NA,NA,NA,NA,NA,NA
"KXNFLSPREAD","KXNFLSPREAD-25AUG23DENNO","DEN at NO (Aug 23)","2025-08-23","2025-08",NA,NA,NA,FALSE,NA,NA,NA,NA,NA,NA,NA
"KXNFLSPREAD","KXNFLSPREAD-25AUG23BALWAS","BAL at WAS (Aug 23)","2025-08-23","2025-08",NA,NA,NA,FALSE,NA,NA,NA,NA,NA,NA,NA
"KXNFLSPREAD","KXNFLSPREAD-25AUG22CHIKC","CHI at KC (Aug 22)","2025-08-22","2025-08",NA,NA,NA,FALSE,NA,NA,NA,NA,NA,NA,NA
"KXNFLSPREAD","KXNFLSPREAD-25AUG22MINTEN","MIN at TEN (Aug 22)","2025-08-22","2025-08",NA,NA,NA,FALSE,NA,NA,NA,NA,NA,NA,NA
"KXNFLSPREAD","KXNFLSPREAD-25AUG22ATLDAL","ATL at DAL (Aug 22)","2025-08-22","2025-08",NA,NA,NA,FALSE,NA,NA,NA,NA,NA,NA,NA
"KXNFLSPREAD","KXNFLSPREAD-25AUG22PHINYJ","PHI at NYJ (Aug 22)","2025-08-22","2025-08",NA,NA,NA,FALSE,NA,NA,NA,NA,NA,NA,NA
"KXNFLSPREAD","KXNFLSPREAD-25AUG21NENYG","NE at NYG (Aug 21)","2025-08-21","2025-08",NA,NA,NA,FALSE,NA,NA,NA,NA,NA,NA,NA
"KXNFLSPREAD","KXNFLSPREAD-25AUG21PITCAR","PIT at CAR (Aug 21)","2025-08-21","2025-08",NA,NA,NA,FALSE,NA,NA,NA,NA,NA,NA,NA
"KXNFLTOTAL","KXNFLTOTAL-26SEP28PHICHI","PHI vs CHI (Sep 28)","2026-09-28","2026-09","2026_03_PHI_CHI","REG","2026-09-29T00:15:00Z",FALSE,NA,NA,NA,NA,NA,NA,NA
"KXNFLTOTAL","KXNFLTOTAL-26SEP27LARDEN","LAR vs DEN (Sep 27)","2026-09-27","2026-09","2026_03_LA_DEN","REG","2026-09-28T00:20:00Z",TRUE,"live",19,19,0,NA,NA,19
"KXNFLTOTAL","KXNFLTOTAL-26SEP27LVNO","LV vs NO (Sep 27)","2026-09-27","2026-09","2026_03_LV_NO","REG","2026-09-27T20:25:00Z",FALSE,NA,NA,NA,NA,NA,NA,NA
"KXNFLTOTAL","KXNFLTOTAL-26SEP27BALDAL","BAL vs DAL (Sep 27)","2026-09-27","2026-09","2026_03_BAL_DAL","REG","2026-09-27T20:25:00Z",FALSE,NA,NA,NA,NA,NA,NA,NA
"KXNFLTOTAL","KXNFLTOTAL-26SEP27MINTB","MIN vs TB (Sep 27)","2026-09-27","2026-09","2026_03_MIN_TB","REG","2026-09-27T20:05:00Z",FALSE,NA,NA,NA,NA,NA,NA,NA
"KXNFLTOTAL","KXNFLTOTAL-26SEP27ARISF","ARI vs SF (Sep 27)","2026-09-27","2026-09","2026_03_ARI_SF","REG","2026-09-27T20:05:00Z",FALSE,NA,NA,NA,NA,NA,NA,NA
"KXNFLTOTAL","KXNFLTOTAL-26SEP27TENNYG","TEN vs NYG (Sep 27)","2026-09-27","2026-09","2026_03_TEN_NYG","REG","2026-09-27T17:00:00Z",FALSE,NA,NA,NA,NA,NA,NA,NA
"KXNFLTOTAL","KXNFLTOTAL-26SEP27SEAWAS","SEA vs WAS (Sep 27)","2026-09-27","2026-09","2026_03_SEA_WAS","REG","2026-09-27T17:00:00Z",FALSE,NA,NA,NA,NA,NA,NA,NA
"KXNFLTOTAL","KXNFLTOTAL-26SEP27NYJDET","NYJ vs DET (Sep 27)","2026-09-27","2026-09","2026_03_NYJ_DET","REG","2026-09-27T17:00:00Z",FALSE,NA,NA,NA,NA,NA,NA,NA
"KXNFLTOTAL","KXNFLTOTAL-26SEP27NEJAC","NE vs JAC (Sep 27)","2026-09-27","2026-09","2026_03_NE_JAX","REG","2026-09-27T17:00:00Z",FALSE,NA,NA,NA,NA,NA,NA,NA
"KXNFLTOTAL","KXNFLTOTAL-26SEP27LACBUF","LAC vs BUF (Sep 27)","2026-09-27","2026-09","2026_03_LAC_BUF","REG","2026-09-27T17:00:00Z",FALSE,NA,NA,NA,NA,NA,NA,NA
"KXNFLTOTAL","KXNFLTOTAL-26SEP27KCMIA","KC vs MIA (Sep 27)","2026-09-27","2026-09","2026_03_KC_MIA","REG","2026-09-27T17:00:00Z",FALSE,NA,NA,NA,NA,NA,NA,NA
"KXNFLTOTAL","KXNFLTOTAL-26SEP27HOUIND","HOU vs IND (Sep 27)","2026-09-27","2026-09","2026_03_HOU_IND","REG","2026-09-27T17:00:00Z",FALSE,NA,NA,NA,NA,NA,NA,NA
"KXNFLTOTAL","KXNFLTOTAL-26SEP27CINPIT","CIN vs PIT (Sep 27)","2026-09-27","2026-09","2026_03_CIN_PIT","REG","2026-09-27T17:00:00Z",FALSE,NA,NA,NA,NA,NA,NA,NA
"KXNFLTOTAL","KXNFLTOTAL-26SEP27CARCLE","CAR vs CLE (Sep 27)","2026-09-27","2026-09","2026_03_CAR_CLE","REG","2026-09-27T17:00:00Z",FALSE,NA,NA,NA,NA,NA,NA,NA
"KXNFLTOTAL","KXNFLTOTAL-26SEP24ATLGB","ATL vs GB (Sep 24)","2026-09-24","2026-09","2026_03_ATL_GB","REG","2026-09-25T00:15:00Z",FALSE,NA,NA,NA,NA,NA,NA,NA
"KXNFLTOTAL","KXNFLTOTAL-26SEP21NYGLAR","NYG vs LAR (Sep 21)","2026-09-21","2026-09","2026_02_NYG_LA","REG","2026-09-22T00:15:00Z",FALSE,NA,NA,NA,NA,NA,NA,NA
"KXNFLTOTAL","KXNFLTOTAL-26SEP20INDKC","IND vs KC (Sep 20)","2026-09-20","2026-09","2026_02_IND_KC","REG","2026-09-21T00:20:00Z",FALSE,NA,NA,NA,NA,NA,NA,NA
"KXNFLTOTAL","KXNFLTOTAL-26SEP20WASDAL","WAS vs DAL (Sep 20)","2026-09-20","2026-09","2026_02_WAS_DAL","REG","2026-09-20T20:25:00Z",FALSE,NA,NA,NA,NA,NA,NA,NA
"KXNFLTOTAL","KXNFLTOTAL-26SEP20SEAARI","SEA vs ARI (Sep 20)","2026-09-20","2026-09","2026_02_SEA_ARI","REG","2026-09-20T20:25:00Z",FALSE,NA,NA,NA,NA,NA,NA,NA
"KXNFLTOTAL","KXNFLTOTAL-26SEP20MIASF","MIA vs SF (Sep 20)","2026-09-20","2026-09","2026_02_MIA_SF","REG","2026-09-20T20:25:00Z",FALSE,NA,NA,NA,NA,NA,NA,NA
"KXNFLTOTAL","KXNFLTOTAL-26SEP20LVLAC","LV vs LAC (Sep 20)","2026-09-20","2026-09","2026_02_LV_LAC","REG","2026-09-20T20:05:00Z",FALSE,NA,NA,NA,NA,NA,NA,NA
"KXNFLTOTAL","KXNFLTOTAL-26SEP20JACDEN","JAC vs DEN (Sep 20)","2026-09-20","2026-09","2026_02_JAX_DEN","REG","2026-09-20T20:05:00Z",FALSE,NA,NA,NA,NA,NA,NA,NA
"KXNFLTOTAL","KXNFLTOTAL-26SEP20PITNE","PIT vs NE (Sep 20)","2026-09-20","2026-09","2026_02_PIT_NE","REG","2026-09-20T17:00:00Z",FALSE,NA,NA,NA,NA,NA,NA,NA
"KXNFLTOTAL","KXNFLTOTAL-26SEP20PHITEN","PHI vs TEN (Sep 20)","2026-09-20","2026-09","2026_02_PHI_TEN","REG","2026-09-20T17:00:00Z",FALSE,NA,NA,NA,NA,NA,NA,NA
"KXNFLTOTAL","KXNFLTOTAL-26SEP20NOBAL","NO vs BAL (Sep 20)","2026-09-20","2026-09","2026_02_NO_BAL","REG","2026-09-20T17:00:00Z",FALSE,NA,NA,NA,NA,NA,NA,NA
"KXNFLTOTAL","KXNFLTOTAL-26SEP20MINCHI","MIN vs CHI (Sep 20)","2026-09-20","2026-09","2026_02_MIN_CHI","REG","2026-09-20T17:00:00Z",FALSE,NA,NA,NA,NA,NA,NA,NA
"KXNFLTOTAL","KXNFLTOTAL-26SEP20GBNYJ","GB vs NYJ (Sep 20)","2026-09-20","2026-09","2026_02_GB_NYJ","REG","2026-09-20T17:00:00Z",FALSE,NA,NA,NA,NA,NA,NA,NA
"KXNFLTOTAL","KXNFLTOTAL-26SEP20CLETB","CLE vs TB (Sep 20)","2026-09-20","2026-09","2026_02_CLE_TB","REG","2026-09-20T17:00:00Z",TRUE,"live",19,19,0,NA,NA,19
"KXNFLTOTAL","KXNFLTOTAL-26SEP20CINHOU","CIN vs HOU (Sep 20)","2026-09-20","2026-09","2026_02_CIN_HOU","REG","2026-09-20T17:00:00Z",TRUE,"live",21,21,0,NA,NA,21
"KXNFLTOTAL","KXNFLTOTAL-26SEP20CARATL","CAR vs ATL (Sep 20)","2026-09-20","2026-09","2026_02_CAR_ATL","REG","2026-09-20T17:00:00Z",FALSE,NA,NA,NA,NA,NA,NA,NA
"KXNFLTOTAL","KXNFLTOTAL-26SEP17DETBUF","DET vs BUF (Sep 17)","2026-09-17","2026-09","2026_02_DET_BUF","REG","2026-09-18T00:15:00Z",FALSE,NA,NA,NA,NA,NA,NA,NA
"KXNFLTOTAL","KXNFLTOTAL-26SEP14DENKC","DEN vs KC (Sep 14)","2026-09-14","2026-09","2026_01_DEN_KC","REG","2026-09-15T00:15:00Z",FALSE,NA,NA,NA,NA,NA,NA,NA
"KXNFLTOTAL","KXNFLTOTAL-26SEP13DALNYG","DAL vs NYG (Sep 13)","2026-09-13","2026-09","2026_01_DAL_NYG","REG","2026-09-14T00:20:00Z",FALSE,NA,NA,NA,NA,NA,NA,NA
"KXNFLTOTAL","KXNFLTOTAL-26SEP13WASPHI","WAS vs PHI (Sep 13)","2026-09-13","2026-09","2026_01_WAS_PHI","REG","2026-09-13T20:25:00Z",FALSE,NA,NA,NA,NA,NA,NA,NA
"KXNFLTOTAL","KXNFLTOTAL-26SEP13MIALV","MIA vs LV (Sep 13)","2026-09-13","2026-09","2026_01_MIA_LV","REG","2026-09-13T20:25:00Z",FALSE,NA,NA,NA,NA,NA,NA,NA
"KXNFLTOTAL","KXNFLTOTAL-26SEP13GBMIN","GB vs MIN (Sep 13)","2026-09-13","2026-09","2026_01_GB_MIN","REG","2026-09-13T20:25:00Z",FALSE,NA,NA,NA,NA,NA,NA,NA
"KXNFLTOTAL","KXNFLTOTAL-26SEP13ARILAC","ARI vs LAC (Sep 13)","2026-09-13","2026-09","2026_01_ARI_LAC","REG","2026-09-13T20:25:00Z",FALSE,NA,NA,NA,NA,NA,NA,NA
"KXNFLTOTAL","KXNFLTOTAL-26SEP13TBCIN","TB vs CIN (Sep 13)","2026-09-13","2026-09","2026_01_TB_CIN","REG","2026-09-13T17:00:00Z",FALSE,NA,NA,NA,NA,NA,NA,NA
"KXNFLTOTAL","KXNFLTOTAL-26SEP13NYJTEN","NYJ vs TEN (Sep 13)","2026-09-13","2026-09","2026_01_NYJ_TEN","REG","2026-09-13T17:00:00Z",FALSE,NA,NA,NA,NA,NA,NA,NA
"KXNFLTOTAL","KXNFLTOTAL-26SEP13NODET","NO vs DET (Sep 13)","2026-09-13","2026-09","2026_01_NO_DET","REG","2026-09-13T17:00:00Z",FALSE,NA,NA,NA,NA,NA,NA,NA
"KXNFLTOTAL","KXNFLTOTAL-26SEP13CLEJAC","CLE vs JAC (Sep 13)","2026-09-13","2026-09","2026_01_CLE_JAX","REG","2026-09-13T17:00:00Z",FALSE,NA,NA,NA,NA,NA,NA,NA
"KXNFLTOTAL","KXNFLTOTAL-26SEP13CHICAR","CHI vs CAR (Sep 13)","2026-09-13","2026-09","2026_01_CHI_CAR","REG","2026-09-13T17:00:00Z",FALSE,NA,NA,NA,NA,NA,NA,NA
"KXNFLTOTAL","KXNFLTOTAL-26SEP13BUFHOU","BUF vs HOU (Sep 13)","2026-09-13","2026-09","2026_01_BUF_HOU","REG","2026-09-13T17:00:00Z",FALSE,NA,NA,NA,NA,NA,NA,NA
"KXNFLTOTAL","KXNFLTOTAL-26SEP13BALIND","BAL vs IND (Sep 13)","2026-09-13","2026-09","2026_01_BAL_IND","REG","2026-09-13T17:00:00Z",FALSE,NA,NA,NA,NA,NA,NA,NA
"KXNFLTOTAL","KXNFLTOTAL-26SEP13ATLPIT","ATL vs PIT (Sep 13)","2026-09-13","2026-09","2026_01_ATL_PIT","REG","2026-09-13T17:00:00Z",FALSE,NA,NA,NA,NA,NA,NA,NA
"KXNFLTOTAL","KXNFLTOTAL-26SEP10SFLAR","SF vs LAR (Sep 10)","2026-09-10","2026-09","2026_01_SF_LA","REG","2026-09-11T00:35:00Z",FALSE,NA,NA,NA,NA,NA,NA,NA
"KXNFLTOTAL","KXNFLTOTAL-26SEP09NESEA","NE vs SEA (Sep 9)","2026-09-09","2026-09","2026_01_NE_SEA","REG","2026-09-10T00:20:00Z",FALSE,NA,NA,NA,NA,NA,NA,NA
"KXNFLTOTAL","KXNFLTOTAL-26AUG29CHITEN","CHI vs TEN (Aug 29)","2026-08-29","2026-08",NA,NA,NA,FALSE,NA,NA,NA,NA,NA,NA,NA
"KXNFLTOTAL","KXNFLTOTAL-26AUG29DETIND","DET vs IND (Aug 29)","2026-08-29","2026-08",NA,NA,NA,FALSE,NA,NA,NA,NA,NA,NA,NA
"KXNFLTOTAL","KXNFLTOTAL-26AUG28MINDEN","MIN vs DEN (Aug 28)","2026-08-28","2026-08",NA,NA,NA,FALSE,NA,NA,NA,NA,NA,NA,NA
"KXNFLTOTAL","KXNFLTOTAL-26AUG28SEAKC","SEA vs KC (Aug 28)","2026-08-28","2026-08",NA,NA,NA,FALSE,NA,NA,NA,NA,NA,NA,NA
"KXNFLTOTAL","KXNFLTOTAL-26AUG28NODAL","NO vs DAL (Aug 28)","2026-08-28","2026-08",NA,NA,NA,FALSE,NA,NA,NA,NA,NA,NA,NA
"KXNFLTOTAL","KXNFLTOTAL-26AUG28CINPHI","CIN vs PHI (Aug 28)","2026-08-28","2026-08",NA,NA,NA,FALSE,NA,NA,NA,NA,NA,NA,NA
"KXNFLTOTAL","KXNFLTOTAL-26AUG28ARIGB","ARI vs GB (Aug 28)","2026-08-28","2026-08",NA,NA,NA,FALSE,NA,NA,NA,NA,NA,NA,NA
"KXNFLTOTAL","KXNFLTOTAL-26AUG28TBJAC","TB vs JAC (Aug 28)","2026-08-28","2026-08",NA,NA,NA,FALSE,NA,NA,NA,NA,NA,NA,NA
"KXNFLTOTAL","KXNFLTOTAL-26AUG28NYGNYJ","NYG vs NYJ (Aug 28)","2026-08-28","2026-08",NA,NA,NA,FALSE,NA,NA,NA,NA,NA,NA,NA
"KXNFLTOTAL","KXNFLTOTAL-26AUG28HOUCAR","HOU vs CAR (Aug 28)","2026-08-28","2026-08",NA,NA,NA,FALSE,NA,NA,NA,NA,NA,NA,NA
"KXNFLTOTAL","KXNFLTOTAL-26AUG28ATLMIA","ATL vs MIA (Aug 28)","2026-08-28","2026-08",NA,NA,NA,FALSE,NA,NA,NA,NA,NA,NA,NA
"KXNFLTOTAL","KXNFLTOTAL-26AUG28WASBAL","WAS vs BAL (Aug 28)","2026-08-28","2026-08",NA,NA,NA,FALSE,NA,NA,NA,NA,NA,NA,NA
"KXNFLTOTAL","KXNFLTOTAL-26AUG27LARLAC","LAR vs LAC (Aug 27)","2026-08-27","2026-08",NA,NA,NA,FALSE,NA,NA,NA,NA,NA,NA,NA
"KXNFLTOTAL","KXNFLTOTAL-26AUG27SFLV","SF vs LV (Aug 27)","2026-08-27","2026-08",NA,NA,NA,FALSE,NA,NA,NA,NA,NA,NA,NA
"KXNFLTOTAL","KXNFLTOTAL-26AUG27NECLE","NE vs CLE (Aug 27)","2026-08-27","2026-08",NA,NA,NA,FALSE,NA,NA,NA,NA,NA,NA,NA
"KXNFLTOTAL","KXNFLTOTAL-26AUG27PITBUF","PIT vs BUF (Aug 27)","2026-08-27","2026-08",NA,NA,NA,FALSE,NA,NA,NA,NA,NA,NA,NA
"KXNFLTOTAL","KXNFLTOTAL-26AUG23SEATEN","SEA vs TEN (Aug 23)","2026-08-23","2026-08",NA,NA,NA,FALSE,NA,NA,NA,NA,NA,NA,NA
"KXNFLTOTAL","KXNFLTOTAL-26AUG22DALARI","DAL vs ARI (Aug 22)","2026-08-22","2026-08",NA,NA,NA,FALSE,NA,NA,NA,NA,NA,NA,NA
"KXNFLTOTAL","KXNFLTOTAL-26AUG22KCTB","KC vs TB (Aug 22)","2026-08-22","2026-08",NA,NA,NA,FALSE,NA,NA,NA,NA,NA,NA,NA
"KXNFLTOTAL","KXNFLTOTAL-26AUG22PHINE","PHI vs NE (Aug 22)","2026-08-22","2026-08",NA,NA,NA,FALSE,NA,NA,NA,NA,NA,NA,NA
"KXNFLTOTAL","KXNFLTOTAL-26AUG22CHICIN","CHI vs CIN (Aug 22)","2026-08-22","2026-08",NA,NA,NA,FALSE,NA,NA,NA,NA,NA,NA,NA
"KXNFLTOTAL","KXNFLTOTAL-26AUG22NYGMIA","NYG vs MIA (Aug 22)","2026-08-22","2026-08",NA,NA,NA,FALSE,NA,NA,NA,NA,NA,NA,NA
"KXNFLTOTAL","KXNFLTOTAL-26AUG22NOLAR","NO vs LAR (Aug 22)","2026-08-22","2026-08",NA,NA,NA,FALSE,NA,NA,NA,NA,NA,NA,NA
"KXNFLTOTAL","KXNFLTOTAL-26AUG22BUFCLE","BUF vs CLE (Aug 22)","2026-08-22","2026-08",NA,NA,NA,FALSE,NA,NA,NA,NA,NA,NA,NA
"KXNFLTOTAL","KXNFLTOTAL-26AUG22BALMIN","BAL vs MIN (Aug 22)","2026-08-22","2026-08",NA,NA,NA,FALSE,NA,NA,NA,NA,NA,NA,NA
"KXNFLTOTAL","KXNFLTOTAL-26AUG22ATLIND","ATL vs IND (Aug 22)","2026-08-22","2026-08",NA,NA,NA,FALSE,NA,NA,NA,NA,NA,NA,NA
"KXNFLTOTAL","KXNFLTOTAL-26AUG22WASDET","WAS vs DET (Aug 22)","2026-08-22","2026-08",NA,NA,NA,FALSE,NA,NA,NA,NA,NA,NA,NA
"KXNFLTOTAL","KXNFLTOTAL-26AUG21GBDEN","GB vs DEN (Aug 21)","2026-08-21","2026-08",NA,NA,NA,FALSE,NA,NA,NA,NA,NA,NA,NA
"KXNFLTOTAL","KXNFLTOTAL-26AUG21CARJAC","CAR vs JAC (Aug 21)","2026-08-21","2026-08",NA,NA,NA,FALSE,NA,NA,NA,NA,NA,NA,NA
"KXNFLTOTAL","KXNFLTOTAL-26AUG21NYJPIT","NYJ vs PIT (Aug 21)","2026-08-21","2026-08",NA,NA,NA,FALSE,NA,NA,NA,NA,NA,NA,NA
"KXNFLTOTAL","KXNFLTOTAL-26AUG20SFLAC","SF vs LAC (Aug 20)","2026-08-20","2026-08",NA,NA,NA,FALSE,NA,NA,NA,NA,NA,NA,NA
"KXNFLTOTAL","KXNFLTOTAL-26AUG20LVHOU","LV vs HOU (Aug 20)","2026-08-20","2026-08",NA,NA,NA,FALSE,NA,NA,NA,NA,NA,NA,NA
"KXNFLTOTAL","KXNFLTOTAL-26AUG15DALSEA","DAL vs SEA (Aug 15)","2026-08-15","2026-08",NA,NA,NA,FALSE,NA,NA,NA,NA,NA,NA,NA
"KXNFLTOTAL","KXNFLTOTAL-26AUG15PHIBAL","PHI vs BAL (Aug 15)","2026-08-15","2026-08",NA,NA,NA,FALSE,NA,NA,NA,NA,NA,NA,NA
"KXNFLTOTAL","KXNFLTOTAL-26AUG15LARKC","LAR vs KC (Aug 15)","2026-08-15","2026-08",NA,NA,NA,FALSE,NA,NA,NA,NA,NA,NA,NA
"KXNFLTOTAL","KXNFLTOTAL-26AUG15JACNO","JAC vs NO (Aug 15)","2026-08-15","2026-08",NA,NA,NA,FALSE,NA,NA,NA,NA,NA,NA,NA
"KXNFLTOTAL","KXNFLTOTAL-26AUG15MINNYG","MIN vs NYG (Aug 15)","2026-08-15","2026-08",NA,NA,NA,FALSE,NA,NA,NA,NA,NA,NA,NA
"KXNFLTOTAL","KXNFLTOTAL-26AUG15CLECHI","CLE vs CHI (Aug 15)","2026-08-15","2026-08",NA,NA,NA,FALSE,NA,NA,NA,NA,NA,NA,NA
"KXNFLTOTAL","KXNFLTOTAL-26AUG15CARBUF","CAR vs BUF (Aug 15)","2026-08-15","2026-08",NA,NA,NA,FALSE,NA,NA,NA,NA,NA,NA,NA
"KXNFLTOTAL","KXNFLTOTAL-26AUG14TBNYJ","TB vs NYJ (Aug 14)","2026-08-14","2026-08",NA,NA,NA,FALSE,NA,NA,NA,NA,NA,NA,NA
"KXNFLTOTAL","KXNFLTOTAL-26AUG14MIAWAS","MIA vs WAS (Aug 14)","2026-08-14","2026-08",NA,NA,NA,FALSE,NA,NA,NA,NA,NA,NA,NA
"KXNFLTOTAL","KXNFLTOTAL-26AUG14DENATL","DEN vs ATL (Aug 14)","2026-08-14","2026-08",NA,NA,NA,FALSE,NA,NA,NA,NA,NA,NA,NA
"KXNFLTOTAL","KXNFLTOTAL-26AUG13TENSF","TEN vs SF (Aug 13)","2026-08-13","2026-08",NA,NA,NA,FALSE,NA,NA,NA,NA,NA,NA,NA
"KXNFLTOTAL","KXNFLTOTAL-26AUG13LACHOU","LAC vs HOU (Aug 13)","2026-08-13","2026-08",NA,NA,NA,FALSE,NA,NA,NA,NA,NA,NA,NA
"KXNFLTOTAL","KXNFLTOTAL-26AUG13ARILV","ARI vs LV (Aug 13)","2026-08-13","2026-08",NA,NA,NA,FALSE,NA,NA,NA,NA,NA,NA,NA
"KXNFLTOTAL","KXNFLTOTAL-26AUG13INDNE","IND vs NE (Aug 13)","2026-08-13","2026-08",NA,NA,NA,FALSE,NA,NA,NA,NA,NA,NA,NA
"KXNFLTOTAL","KXNFLTOTAL-26AUG13GBPIT","GB vs PIT (Aug 13)","2026-08-13","2026-08",NA,NA,NA,FALSE,NA,NA,NA,NA,NA,NA,NA
"KXNFLTOTAL","KXNFLTOTAL-26AUG13DETCIN","DET vs CIN (Aug 13)","2026-08-13","2026-08",NA,NA,NA,FALSE,NA,NA,NA,NA,NA,NA,NA
"KXNFLTOTAL","KXNFLTOTAL-26AUG06CARARI","CAR vs ARI (Aug 6)","2026-08-06","2026-08",NA,NA,NA,FALSE,NA,NA,NA,NA,NA,NA,NA
"KXNFLTOTAL","KXNFLTOTAL-26FEB08SEANE","SEA at NE (Feb 8)","2026-02-08","2026-02","2025_22_SEA_NE","SB","2026-02-08T23:30:00Z",TRUE,"historical",18,18,0,NA,NA,18
"KXNFLTOTAL","KXNFLTOTAL-26JAN25LASEA","LA at SEA (Jan 25)","2026-01-25","2026-01","2025_21_LA_SEA","CON","2026-01-25T23:30:00Z",FALSE,NA,NA,NA,NA,NA,NA,NA
"KXNFLTOTAL","KXNFLTOTAL-26JAN25NEDEN","NE at DEN (Jan 25)","2026-01-25","2026-01","2025_21_NE_DEN","CON","2026-01-25T20:00:00Z",FALSE,NA,NA,NA,NA,NA,NA,NA
"KXNFLTOTAL","KXNFLTOTAL-26JAN18HOUNE","HOU at NE (Jan 18)","2026-01-18","2026-01","2025_20_HOU_NE","DIV","2026-01-18T20:00:00Z",FALSE,NA,NA,NA,NA,NA,NA,NA
"KXNFLTOTAL","KXNFLTOTAL-26JAN18LACHI","LA at CHI (Jan 18)","2026-01-18","2026-01","2025_20_LA_CHI","DIV","2026-01-18T23:30:00Z",TRUE,"historical",9,9,0,NA,NA,9
"KXNFLTOTAL","KXNFLTOTAL-26JAN17SFSEA","SF at SEA (Jan 17)","2026-01-17","2026-01","2025_20_SF_SEA","DIV","2026-01-18T01:00:00Z",FALSE,NA,NA,NA,NA,NA,NA,NA
"KXNFLTOTAL","KXNFLTOTAL-26JAN17BUFDEN","BUF at DEN (Jan 17)","2026-01-17","2026-01","2025_20_BUF_DEN","DIV","2026-01-17T21:30:00Z",FALSE,NA,NA,NA,NA,NA,NA,NA
"KXNFLTOTAL","KXNFLTOTAL-26JAN12HOUPIT","HOU at PIT (Jan 12)","2026-01-12","2026-01","2025_19_HOU_PIT","WC","2026-01-13T01:00:00Z",FALSE,NA,NA,NA,NA,NA,NA,NA
"KXNFLTOTAL","KXNFLTOTAL-26JAN11LACNE","LAC at NE (Jan 11)","2026-01-11","2026-01","2025_19_LAC_NE","WC","2026-01-12T01:00:00Z",FALSE,NA,NA,NA,NA,NA,NA,NA
"KXNFLTOTAL","KXNFLTOTAL-26JAN11SFPHI","SF at PHI (Jan 11)","2026-01-11","2026-01","2025_19_SF_PHI","WC","2026-01-11T21:30:00Z",FALSE,NA,NA,NA,NA,NA,NA,NA
"KXNFLTOTAL","KXNFLTOTAL-26JAN11BUFJAC","BUF at JAC (Jan 11)","2026-01-11","2026-01","2025_19_BUF_JAX","WC","2026-01-11T18:00:00Z",FALSE,NA,NA,NA,NA,NA,NA,NA
"KXNFLTOTAL","KXNFLTOTAL-26JAN10GBCHI","GB at CHI (Jan 10)","2026-01-10","2026-01","2025_19_GB_CHI","WC","2026-01-11T01:00:00Z",FALSE,NA,NA,NA,NA,NA,NA,NA
"KXNFLTOTAL","KXNFLTOTAL-26JAN10LACAR","LA at CAR (Jan 10)","2026-01-10","2026-01","2025_19_LA_CAR","WC","2026-01-10T21:30:00Z",FALSE,NA,NA,NA,NA,NA,NA,NA
"KXNFLTOTAL","KXNFLTOTAL-26JAN04WASPHI","WAS at PHI (Jan 4)","2026-01-04","2026-01","2025_18_WAS_PHI","REG","2026-01-04T21:25:00Z",FALSE,NA,NA,NA,NA,NA,NA,NA
"KXNFLTOTAL","KXNFLTOTAL-26JAN04NYJBUF","NYJ at BUF (Jan 4)","2026-01-04","2026-01","2025_18_NYJ_BUF","REG","2026-01-04T21:25:00Z",FALSE,NA,NA,NA,NA,NA,NA,NA
"KXNFLTOTAL","KXNFLTOTAL-26JAN04MIANE","MIA at NE (Jan 4)","2026-01-04","2026-01","2025_18_MIA_NE","REG","2026-01-04T21:25:00Z",FALSE,NA,NA,NA,NA,NA,NA,NA
"KXNFLTOTAL","KXNFLTOTAL-26JAN04LACDEN","LAC at DEN (Jan 4)","2026-01-04","2026-01","2025_18_LAC_DEN","REG","2026-01-04T21:25:00Z",FALSE,NA,NA,NA,NA,NA,NA,NA
"KXNFLTOTAL","KXNFLTOTAL-26JAN04KCLV","KC at LV (Jan 4)","2026-01-04","2026-01","2025_18_KC_LV","REG","2026-01-04T21:25:00Z",FALSE,NA,NA,NA,NA,NA,NA,NA
"KXNFLTOTAL","KXNFLTOTAL-26JAN04DETCHI","DET at CHI (Jan 4)","2026-01-04","2026-01","2025_18_DET_CHI","REG","2026-01-04T21:25:00Z",FALSE,NA,NA,NA,NA,NA,NA,NA
"KXNFLTOTAL","KXNFLTOTAL-26JAN04ARILA","ARI at LA (Jan 4)","2026-01-04","2026-01","2025_18_ARI_LA","REG","2026-01-04T21:25:00Z",TRUE,"historical",9,9,0,NA,NA,9
"KXNFLTOTAL","KXNFLTOTAL-26JAN04TENJAC","TEN at JAC (Jan 4)","2026-01-04","2026-01","2025_18_TEN_JAX","REG","2026-01-04T18:00:00Z",FALSE,NA,NA,NA,NA,NA,NA,NA
"KXNFLTOTAL","KXNFLTOTAL-26JAN04NOATL","NO at ATL (Jan 4)","2026-01-04","2026-01","2025_18_NO_ATL","REG","2026-01-04T18:00:00Z",FALSE,NA,NA,NA,NA,NA,NA,NA
"KXNFLTOTAL","KXNFLTOTAL-26JAN04INDHOU","IND at HOU (Jan 4)","2026-01-04","2026-01","2025_18_IND_HOU","REG","2026-01-04T18:00:00Z",FALSE,NA,NA,NA,NA,NA,NA,NA
"KXNFLTOTAL","KXNFLTOTAL-26JAN04GBMIN","GB at MIN (Jan 4)","2026-01-04","2026-01","2025_18_GB_MIN","REG","2026-01-04T18:00:00Z",FALSE,NA,NA,NA,NA,NA,NA,NA
"KXNFLTOTAL","KXNFLTOTAL-26JAN04DALNYG","DAL at NYG (Jan 4)","2026-01-04","2026-01","2025_18_DAL_NYG","REG","2026-01-04T18:00:00Z",FALSE,NA,NA,NA,NA,NA,NA,NA
"KXNFLTOTAL","KXNFLTOTAL-26JAN04CLECIN","CLE at CIN (Jan 4)","2026-01-04","2026-01","2025_18_CLE_CIN","REG","2026-01-04T18:00:00Z",TRUE,"historical",9,9,0,NA,NA,9
"KXNFLTOTAL","KXNFLTOTAL-26JAN04CARTB","CAR at TB (Jan 3)","2026-01-04","2026-01","2025_18_CAR_TB","REG","2026-01-03T21:30:00Z",FALSE,NA,NA,NA,NA,NA,NA,NA
"KXNFLTOTAL","KXNFLTOTAL-26JAN04BALPIT","BAL at PIT (Jan 4)","2026-01-04","2026-01","2025_18_BAL_PIT","REG","2026-01-05T01:20:00Z",FALSE,NA,NA,NA,NA,NA,NA,NA
"KXNFLTOTAL","KXNFLTOTAL-26JAN03SEASF","SEA at SF (Jan 3)","2026-01-03","2026-01","2025_18_SEA_SF","REG","2026-01-04T01:00:00Z",FALSE,NA,NA,NA,NA,NA,NA,NA
"KXNFLTOTAL","KXNFLTOTAL-25DEC29LAATL","LA at ATL (Dec 29)","2025-12-29","2025-12","2025_17_LA_ATL","REG","2025-12-30T01:15:00Z",FALSE,NA,NA,NA,NA,NA,NA,NA
"KXNFLTOTAL","KXNFLTOTAL-25DEC28CHISF","CHI at SF (Dec 28)","2025-12-28","2025-12","2025_17_CHI_SF","REG","2025-12-29T01:20:00Z",FALSE,NA,NA,NA,NA,NA,NA,NA
"KXNFLTOTAL","KXNFLTOTAL-25DEC28PHIBUF","PHI at BUF (Dec 28)","2025-12-28","2025-12","2025_17_PHI_BUF","REG","2025-12-28T21:25:00Z",FALSE,NA,NA,NA,NA,NA,NA,NA
"KXNFLTOTAL","KXNFLTOTAL-25DEC28NYGLV","NYG at LV (Dec 28)","2025-12-28","2025-12","2025_17_NYG_LV","REG","2025-12-28T21:05:00Z",FALSE,NA,NA,NA,NA,NA,NA,NA
"KXNFLTOTAL","KXNFLTOTAL-25DEC28TBMIA","TB at MIA (Dec 28)","2025-12-28","2025-12","2025_17_TB_MIA","REG","2025-12-28T18:00:00Z",FALSE,NA,NA,NA,NA,NA,NA,NA
"KXNFLTOTAL","KXNFLTOTAL-25DEC28SEACAR","SEA at CAR (Dec 28)","2025-12-28","2025-12","2025_17_SEA_CAR","REG","2025-12-28T18:00:00Z",FALSE,NA,NA,NA,NA,NA,NA,NA
"KXNFLTOTAL","KXNFLTOTAL-25DEC28PITCLE","PIT at CLE (Dec 28)","2025-12-28","2025-12","2025_17_PIT_CLE","REG","2025-12-28T18:00:00Z",FALSE,NA,NA,NA,NA,NA,NA,NA
"KXNFLTOTAL","KXNFLTOTAL-25DEC28NOTEN","NO at TEN (Dec 28)","2025-12-28","2025-12","2025_17_NO_TEN","REG","2025-12-28T18:00:00Z",FALSE,NA,NA,NA,NA,NA,NA,NA
"KXNFLTOTAL","KXNFLTOTAL-25DEC28NENYJ","NE at NYJ (Dec 28)","2025-12-28","2025-12","2025_17_NE_NYJ","REG","2025-12-28T18:00:00Z",FALSE,NA,NA,NA,NA,NA,NA,NA
"KXNFLTOTAL","KXNFLTOTAL-25DEC28JACIND","JAC at IND (Dec 28)","2025-12-28","2025-12","2025_17_JAX_IND","REG","2025-12-28T18:00:00Z",FALSE,NA,NA,NA,NA,NA,NA,NA
"KXNFLTOTAL","KXNFLTOTAL-25DEC28ARICIN","ARI at CIN (Dec 28)","2025-12-28","2025-12","2025_17_ARI_CIN","REG","2025-12-28T18:00:00Z",FALSE,NA,NA,NA,NA,NA,NA,NA
"KXNFLTOTAL","KXNFLTOTAL-25DEC27BALGB","BAL at GB (Dec 27)","2025-12-27","2025-12","2025_17_BAL_GB","REG","2025-12-28T01:00:00Z",FALSE,NA,NA,NA,NA,NA,NA,NA
"KXNFLTOTAL","KXNFLTOTAL-25DEC27HOULAC","HOU at LAC (Dec 27)","2025-12-27","2025-12","2025_17_HOU_LAC","REG","2025-12-27T21:30:00Z",FALSE,NA,NA,NA,NA,NA,NA,NA
"KXNFLTOTAL","KXNFLTOTAL-25DEC25DENKC","DEN at KC (Dec 25)","2025-12-25","2025-12","2025_17_DEN_KC","REG","2025-12-26T01:15:00Z",FALSE,NA,NA,NA,NA,NA,NA,NA
"KXNFLTOTAL","KXNFLTOTAL-25DEC25DETMIN","DET at MIN (Dec 25)","2025-12-25","2025-12","2025_17_DET_MIN","REG","2025-12-25T21:30:00Z",FALSE,NA,NA,NA,NA,NA,NA,NA
"KXNFLTOTAL","KXNFLTOTAL-25DEC25DALWAS","DAL at WAS (Dec 25)","2025-12-25","2025-12","2025_17_DAL_WAS","REG","2025-12-25T18:00:00Z",FALSE,NA,NA,NA,NA,NA,NA,NA
"KXNFLTOTAL","KXNFLTOTAL-25DEC22SFIND","SF at IND (Dec 22)","2025-12-22","2025-12","2025_16_SF_IND","REG","2025-12-23T01:15:00Z",FALSE,NA,NA,NA,NA,NA,NA,NA
"KXNFLTOTAL","KXNFLTOTAL-25DEC21NEBAL","NE at BAL (Dec 21)","2025-12-21","2025-12","2025_16_NE_BAL","REG","2025-12-22T01:20:00Z",FALSE,NA,NA,NA,NA,NA,NA,NA
"KXNFLTOTAL","KXNFLTOTAL-25DEC21PITDET","PIT at DET (Dec 21)","2025-12-21","2025-12","2025_16_PIT_DET","REG","2025-12-21T21:25:00Z",FALSE,NA,NA,NA,NA,NA,NA,NA
"KXNFLTOTAL","KXNFLTOTAL-25DEC21LVHOU","LV at HOU (Dec 21)","2025-12-21","2025-12","2025_16_LV_HOU","REG","2025-12-21T21:25:00Z",FALSE,NA,NA,NA,NA,NA,NA,NA
"KXNFLTOTAL","KXNFLTOTAL-25DEC21JACDEN","JAC at DEN (Dec 21)","2025-12-21","2025-12","2025_16_JAX_DEN","REG","2025-12-21T21:05:00Z",TRUE,"historical",9,9,0,NA,NA,9
"KXNFLTOTAL","KXNFLTOTAL-25DEC21ATLARI","ATL at ARI (Dec 21)","2025-12-21","2025-12","2025_16_ATL_ARI","REG","2025-12-21T21:05:00Z",FALSE,NA,NA,NA,NA,NA,NA,NA
"KXNFLTOTAL","KXNFLTOTAL-25DEC21TBCAR","TB at CAR (Dec 21)","2025-12-21","2025-12","2025_16_TB_CAR","REG","2025-12-21T18:00:00Z",FALSE,NA,NA,NA,NA,NA,NA,NA
"KXNFLTOTAL","KXNFLTOTAL-25DEC21NYJNO","NYJ at NO (Dec 21)","2025-12-21","2025-12","2025_16_NYJ_NO","REG","2025-12-21T18:00:00Z",FALSE,NA,NA,NA,NA,NA,NA,NA
"KXNFLTOTAL","KXNFLTOTAL-25DEC21MINNYG","MIN at NYG (Dec 21)","2025-12-21","2025-12","2025_16_MIN_NYG","REG","2025-12-21T18:00:00Z",FALSE,NA,NA,NA,NA,NA,NA,NA
"KXNFLTOTAL","KXNFLTOTAL-25DEC21LACDAL","LAC at DAL (Dec 21)","2025-12-21","2025-12","2025_16_LAC_DAL","REG","2025-12-21T18:00:00Z",FALSE,NA,NA,NA,NA,NA,NA,NA
"KXNFLTOTAL","KXNFLTOTAL-25DEC21KCTEN","KC at TEN (Dec 21)","2025-12-21","2025-12","2025_16_KC_TEN","REG","2025-12-21T18:00:00Z",FALSE,NA,NA,NA,NA,NA,NA,NA
"KXNFLTOTAL","KXNFLTOTAL-25DEC21CINMIA","CIN at MIA (Dec 21)","2025-12-21","2025-12","2025_16_CIN_MIA","REG","2025-12-21T18:00:00Z",FALSE,NA,NA,NA,NA,NA,NA,NA
"KXNFLTOTAL","KXNFLTOTAL-25DEC21BUFCLE","BUF at CLE (Dec 21)","2025-12-21","2025-12","2025_16_BUF_CLE","REG","2025-12-21T18:00:00Z",FALSE,NA,NA,NA,NA,NA,NA,NA
"KXNFLTOTAL","KXNFLTOTAL-25DEC20GBCHI","GB at CHI (Dec 20)","2025-12-20","2025-12","2025_16_GB_CHI","REG","2025-12-21T01:20:00Z",FALSE,NA,NA,NA,NA,NA,NA,NA
"KXNFLTOTAL","KXNFLTOTAL-25DEC20PHIWAS","PHI at WAS (Dec 20)","2025-12-20","2025-12","2025_16_PHI_WAS","REG","2025-12-20T22:00:00Z",FALSE,NA,NA,NA,NA,NA,NA,NA
"KXNFLTOTAL","KXNFLTOTAL-25DEC18LASEA","LA at SEA (Dec 18)","2025-12-18","2025-12","2025_16_LA_SEA","REG","2025-12-19T01:15:00Z",FALSE,NA,NA,NA,NA,NA,NA,NA
"KXNFLTOTAL","KXNFLTOTAL-25DEC15MIAPIT","MIA at PIT (Dec 15)","2025-12-15","2025-12","2025_15_MIA_PIT","REG","2025-12-16T01:15:00Z",FALSE,NA,NA,NA,NA,NA,NA,NA
"KXNFLTOTAL","KXNFLTOTAL-25DEC14MINDAL","MIN at DAL (Dec 14)","2025-12-14","2025-12","2025_15_MIN_DAL","REG","2025-12-15T01:20:00Z",FALSE,NA,NA,NA,NA,NA,NA,NA
"KXNFLTOTAL","KXNFLTOTAL-25DEC14TENSF","TEN at SF (Dec 14)","2025-12-14","2025-12","2025_15_TEN_SF","REG","2025-12-14T21:25:00Z",FALSE,NA,NA,NA,NA,NA,NA,NA
"KXNFLTOTAL","KXNFLTOTAL-25DEC14INDSEA","IND at SEA (Dec 14)","2025-12-14","2025-12","2025_15_IND_SEA","REG","2025-12-14T21:25:00Z",FALSE,NA,NA,NA,NA,NA,NA,NA
"KXNFLTOTAL","KXNFLTOTAL-25DEC14GBDEN","GB at DEN (Dec 14)","2025-12-14","2025-12","2025_15_GB_DEN","REG","2025-12-14T21:25:00Z",FALSE,NA,NA,NA,NA,NA,NA,NA
"KXNFLTOTAL","KXNFLTOTAL-25DEC14DETLA","DET at LA (Dec 14)","2025-12-14","2025-12","2025_15_DET_LA","REG","2025-12-14T21:25:00Z",FALSE,NA,NA,NA,NA,NA,NA,NA
"KXNFLTOTAL","KXNFLTOTAL-25DEC14CARNO","CAR at NO (Dec 14)","2025-12-14","2025-12","2025_15_CAR_NO","REG","2025-12-14T21:25:00Z",FALSE,NA,NA,NA,NA,NA,NA,NA
"KXNFLTOTAL","KXNFLTOTAL-25DEC14WASNYG","WAS at NYG (Dec 14)","2025-12-14","2025-12","2025_15_WAS_NYG","REG","2025-12-14T18:00:00Z",FALSE,NA,NA,NA,NA,NA,NA,NA
"KXNFLTOTAL","KXNFLTOTAL-25DEC14NYJJAC","NYJ at JAC (Dec 14)","2025-12-14","2025-12","2025_15_NYJ_JAX","REG","2025-12-14T18:00:00Z",FALSE,NA,NA,NA,NA,NA,NA,NA
"KXNFLTOTAL","KXNFLTOTAL-25DEC14LVPHI","LV at PHI (Dec 14)","2025-12-14","2025-12","2025_15_LV_PHI","REG","2025-12-14T18:00:00Z",FALSE,NA,NA,NA,NA,NA,NA,NA
"KXNFLTOTAL","KXNFLTOTAL-25DEC14LACKC","LAC at KC (Dec 14)","2025-12-14","2025-12","2025_15_LAC_KC","REG","2025-12-14T18:00:00Z",FALSE,NA,NA,NA,NA,NA,NA,NA
"KXNFLTOTAL","KXNFLTOTAL-25DEC14CLECHI","CLE at CHI (Dec 14)","2025-12-14","2025-12","2025_15_CLE_CHI","REG","2025-12-14T18:00:00Z",FALSE,NA,NA,NA,NA,NA,NA,NA
"KXNFLTOTAL","KXNFLTOTAL-25DEC14BUFNE","BUF at NE (Dec 14)","2025-12-14","2025-12","2025_15_BUF_NE","REG","2025-12-14T18:00:00Z",FALSE,NA,NA,NA,NA,NA,NA,NA
"KXNFLTOTAL","KXNFLTOTAL-25DEC14BALCIN","BAL at CIN (Dec 14)","2025-12-14","2025-12","2025_15_BAL_CIN","REG","2025-12-14T18:00:00Z",FALSE,NA,NA,NA,NA,NA,NA,NA
"KXNFLTOTAL","KXNFLTOTAL-25DEC14ARIHOU","ARI at HOU (Dec 14)","2025-12-14","2025-12","2025_15_ARI_HOU","REG","2025-12-14T18:00:00Z",FALSE,NA,NA,NA,NA,NA,NA,NA
"KXNFLTOTAL","KXNFLTOTAL-25DEC11ATLTB","ATL at TB (Dec 11)","2025-12-11","2025-12","2025_15_ATL_TB","REG","2025-12-12T01:15:00Z",TRUE,"historical",9,9,0,NA,NA,9
"KXNFLTOTAL","KXNFLTOTAL-25DEC08PHILAC","PHI at LAC (Dec 8)","2025-12-08","2025-12","2025_14_PHI_LAC","REG","2025-12-09T01:15:00Z",FALSE,NA,NA,NA,NA,NA,NA,NA
"KXNFLTOTAL","KXNFLTOTAL-25DEC07HOUKC","HOU at KC (Dec 7)","2025-12-07","2025-12","2025_14_HOU_KC","REG","2025-12-08T01:20:00Z",FALSE,NA,NA,NA,NA,NA,NA,NA
"KXNFLTOTAL","KXNFLTOTAL-25DEC07LAARI","LA at ARI (Dec 7)","2025-12-07","2025-12","2025_14_LA_ARI","REG","2025-12-07T21:25:00Z",FALSE,NA,NA,NA,NA,NA,NA,NA
"KXNFLTOTAL","KXNFLTOTAL-25DEC07CHIGB","CHI at GB (Dec 7)","2025-12-07","2025-12","2025_14_CHI_GB","REG","2025-12-07T21:25:00Z",FALSE,NA,NA,NA,NA,NA,NA,NA
"KXNFLTOTAL","KXNFLTOTAL-25DEC07DENLV","DEN at LV (Dec 7)","2025-12-07","2025-12","2025_14_DEN_LV","REG","2025-12-07T21:05:00Z",FALSE,NA,NA,NA,NA,NA,NA,NA
"KXNFLTOTAL","KXNFLTOTAL-25DEC07WASMIN","WAS at MIN (Dec 7)","2025-12-07","2025-12","2025_14_WAS_MIN","REG","2025-12-07T18:00:00Z",FALSE,NA,NA,NA,NA,NA,NA,NA
"KXNFLTOTAL","KXNFLTOTAL-25DEC07TENCLE","TEN at CLE (Dec 7)","2025-12-07","2025-12","2025_14_TEN_CLE","REG","2025-12-07T18:00:00Z",FALSE,NA,NA,NA,NA,NA,NA,NA
"KXNFLTOTAL","KXNFLTOTAL-25DEC07SEAATL","SEA at ATL (Dec 7)","2025-12-07","2025-12","2025_14_SEA_ATL","REG","2025-12-07T18:00:00Z",FALSE,NA,NA,NA,NA,NA,NA,NA
"KXNFLTOTAL","KXNFLTOTAL-25DEC07PITBAL","PIT at BAL (Dec 7)","2025-12-07","2025-12","2025_14_PIT_BAL","REG","2025-12-07T18:00:00Z",FALSE,NA,NA,NA,NA,NA,NA,NA
"KXNFLTOTAL","KXNFLTOTAL-25DEC07NOTB","NO at TB (Dec 7)","2025-12-07","2025-12","2025_14_NO_TB","REG","2025-12-07T18:00:00Z",FALSE,NA,NA,NA,NA,NA,NA,NA
"KXNFLTOTAL","KXNFLTOTAL-25DEC07MIANYJ","MIA at NYJ (Dec 7)","2025-12-07","2025-12","2025_14_MIA_NYJ","REG","2025-12-07T18:00:00Z",FALSE,NA,NA,NA,NA,NA,NA,NA
"KXNFLTOTAL","KXNFLTOTAL-25DEC07INDJAC","IND at JAC (Dec 7)","2025-12-07","2025-12","2025_14_IND_JAX","REG","2025-12-07T18:00:00Z",FALSE,NA,NA,NA,NA,NA,NA,NA
"KXNFLTOTAL","KXNFLTOTAL-25DEC07CINBUF","CIN at BUF (Dec 7)","2025-12-07","2025-12","2025_14_CIN_BUF","REG","2025-12-07T18:00:00Z",TRUE,"historical",9,9,0,NA,NA,9
"KXNFLTOTAL","KXNFLTOTAL-25DEC04DALDET","DAL at DET (Dec 4)","2025-12-04","2025-12","2025_14_DAL_DET","REG","2025-12-05T01:15:00Z",FALSE,NA,NA,NA,NA,NA,NA,NA
"KXNFLTOTAL","KXNFLTOTAL-25DEC01NYGNE","NYG at NE (Dec 1)","2025-12-01","2025-12","2025_13_NYG_NE","REG","2025-12-02T01:15:00Z",FALSE,NA,NA,NA,NA,NA,NA,NA
"KXNFLTOTAL","KXNFLTOTAL-25NOV30DENWAS","DEN at WAS (Nov 30)","2025-11-30","2025-11","2025_13_DEN_WAS","REG","2025-12-01T01:20:00Z",FALSE,NA,NA,NA,NA,NA,NA,NA
"KXNFLTOTAL","KXNFLTOTAL-25NOV30LVLAC","LV at LAC (Nov 30)","2025-11-30","2025-11","2025_13_LV_LAC","REG","2025-11-30T21:25:00Z",FALSE,NA,NA,NA,NA,NA,NA,NA
"KXNFLTOTAL","KXNFLTOTAL-25NOV30BUFPIT","BUF at PIT (Nov 30)","2025-11-30","2025-11","2025_13_BUF_PIT","REG","2025-11-30T21:25:00Z",FALSE,NA,NA,NA,NA,NA,NA,NA
"KXNFLTOTAL","KXNFLTOTAL-25NOV30MINSEA","MIN at SEA (Nov 30)","2025-11-30","2025-11","2025_13_MIN_SEA","REG","2025-11-30T21:05:00Z",FALSE,NA,NA,NA,NA,NA,NA,NA
"KXNFLTOTAL","KXNFLTOTAL-25NOV30SFCLE","SF at CLE (Nov 30)","2025-11-30","2025-11","2025_13_SF_CLE","REG","2025-11-30T18:00:00Z",FALSE,NA,NA,NA,NA,NA,NA,NA
"KXNFLTOTAL","KXNFLTOTAL-25NOV30NOMIA","NO at MIA (Nov 30)","2025-11-30","2025-11","2025_13_NO_MIA","REG","2025-11-30T18:00:00Z",FALSE,NA,NA,NA,NA,NA,NA,NA
"KXNFLTOTAL","KXNFLTOTAL-25NOV30LACAR","LA at CAR (Nov 30)","2025-11-30","2025-11","2025_13_LA_CAR","REG","2025-11-30T18:00:00Z",FALSE,NA,NA,NA,NA,NA,NA,NA
"KXNFLTOTAL","KXNFLTOTAL-25NOV30JACTEN","JAC at TEN (Nov 30)","2025-11-30","2025-11","2025_13_JAX_TEN","REG","2025-11-30T18:00:00Z",FALSE,NA,NA,NA,NA,NA,NA,NA
"KXNFLTOTAL","KXNFLTOTAL-25NOV30HOUIND","HOU at IND (Nov 30)","2025-11-30","2025-11","2025_13_HOU_IND","REG","2025-11-30T18:00:00Z",FALSE,NA,NA,NA,NA,NA,NA,NA
"KXNFLTOTAL","KXNFLTOTAL-25NOV30ATLNYJ","ATL at NYJ (Nov 30)","2025-11-30","2025-11","2025_13_ATL_NYJ","REG","2025-11-30T18:00:00Z",FALSE,NA,NA,NA,NA,NA,NA,NA
"KXNFLTOTAL","KXNFLTOTAL-25NOV30ARITB","ARI at TB (Nov 30)","2025-11-30","2025-11","2025_13_ARI_TB","REG","2025-11-30T18:00:00Z",FALSE,NA,NA,NA,NA,NA,NA,NA
"KXNFLTOTAL","KXNFLTOTAL-25NOV28CHIPHI","CHI at PHI (Nov 28)","2025-11-28","2025-11","2025_13_CHI_PHI","REG","2025-11-28T20:00:00Z",FALSE,NA,NA,NA,NA,NA,NA,NA
"KXNFLTOTAL","KXNFLTOTAL-25NOV27CINBAL","CIN at BAL (Nov 27)","2025-11-27","2025-11","2025_13_CIN_BAL","REG","2025-11-28T01:20:00Z",FALSE,NA,NA,NA,NA,NA,NA,NA
"KXNFLTOTAL","KXNFLTOTAL-25NOV27KCDAL","KC at DAL (Nov 27)","2025-11-27","2025-11","2025_13_KC_DAL","REG","2025-11-27T21:30:00Z",FALSE,NA,NA,NA,NA,NA,NA,NA
"KXNFLTOTAL","KXNFLTOTAL-25NOV27GBDET","GB at DET (Nov 27)","2025-11-27","2025-11","2025_13_GB_DET","REG","2025-11-27T18:00:00Z",FALSE,NA,NA,NA,NA,NA,NA,NA
"KXNFLTOTAL","KXNFLTOTAL-25NOV24CARSF","CAR at SF (Nov 24)","2025-11-24","2025-11","2025_12_CAR_SF","REG","2025-11-25T01:15:00Z",FALSE,NA,NA,NA,NA,NA,NA,NA
"KXNFLTOTAL","KXNFLTOTAL-25NOV23TBLA","TB at LA (Nov 23)","2025-11-23","2025-11","2025_12_TB_LA","REG","2025-11-24T01:20:00Z",FALSE,NA,NA,NA,NA,NA,NA,NA
"KXNFLTOTAL","KXNFLTOTAL-25NOV23PHIDAL","PHI at DAL (Nov 23)","2025-11-23","2025-11","2025_12_PHI_DAL","REG","2025-11-23T21:25:00Z",FALSE,NA,NA,NA,NA,NA,NA,NA
"KXNFLTOTAL","KXNFLTOTAL-25NOV23ATLNO","ATL at NO (Nov 23)","2025-11-23","2025-11","2025_12_ATL_NO","REG","2025-11-23T21:25:00Z",FALSE,NA,NA,NA,NA,NA,NA,NA
"KXNFLTOTAL","KXNFLTOTAL-25NOV23JACARI","JAC at ARI (Nov 23)","2025-11-23","2025-11","2025_12_JAX_ARI","REG","2025-11-23T21:05:00Z",FALSE,NA,NA,NA,NA,NA,NA,NA
"KXNFLTOTAL","KXNFLTOTAL-25NOV23CLELV","CLE at LV (Nov 23)","2025-11-23","2025-11","2025_12_CLE_LV","REG","2025-11-23T21:05:00Z",FALSE,NA,NA,NA,NA,NA,NA,NA
"KXNFLTOTAL","KXNFLTOTAL-25NOV23SEATEN","SEA at TEN (Nov 23)","2025-11-23","2025-11","2025_12_SEA_TEN","REG","2025-11-23T18:00:00Z",FALSE,NA,NA,NA,NA,NA,NA,NA
"KXNFLTOTAL","KXNFLTOTAL-25NOV23PITCHI","PIT at CHI (Nov 23)","2025-11-23","2025-11","2025_12_PIT_CHI","REG","2025-11-23T18:00:00Z",FALSE,NA,NA,NA,NA,NA,NA,NA
"KXNFLTOTAL","KXNFLTOTAL-25NOV23NYJBAL","NYJ at BAL (Nov 23)","2025-11-23","2025-11","2025_12_NYJ_BAL","REG","2025-11-23T18:00:00Z",TRUE,"historical",9,9,0,NA,NA,9
"KXNFLTOTAL","KXNFLTOTAL-25NOV23NYGDET","NYG at DET (Nov 23)","2025-11-23","2025-11","2025_12_NYG_DET","REG","2025-11-23T18:00:00Z",TRUE,"historical",9,9,0,NA,NA,9
"KXNFLTOTAL","KXNFLTOTAL-25NOV23NECIN","NE at CIN (Nov 23)","2025-11-23","2025-11","2025_12_NE_CIN","REG","2025-11-23T18:00:00Z",FALSE,NA,NA,NA,NA,NA,NA,NA
"KXNFLTOTAL","KXNFLTOTAL-25NOV23MINGB","MIN at GB (Nov 23)","2025-11-23","2025-11","2025_12_MIN_GB","REG","2025-11-23T18:00:00Z",FALSE,NA,NA,NA,NA,NA,NA,NA
"KXNFLTOTAL","KXNFLTOTAL-25NOV23INDKC","IND at KC (Nov 23)","2025-11-23","2025-11","2025_12_IND_KC","REG","2025-11-23T18:00:00Z",FALSE,NA,NA,NA,NA,NA,NA,NA
"KXNFLTOTAL","KXNFLTOTAL-25NOV20BUFHOU","BUF at HOU (Nov 20)","2025-11-20","2025-11","2025_12_BUF_HOU","REG","2025-11-21T01:15:00Z",FALSE,NA,NA,NA,NA,NA,NA,NA
"KXNFLTOTAL","KXNFLTOTAL-25NOV17DALLV","DAL at LV (Nov 17)","2025-11-17","2025-11","2025_11_DAL_LV","REG","2025-11-18T01:15:00Z",FALSE,NA,NA,NA,NA,NA,NA,NA
"KXNFLTOTAL","KXNFLTOTAL-25NOV16DETPHI","DET at PHI (Nov 16)","2025-11-16","2025-11","2025_11_DET_PHI","REG","2025-11-17T01:20:00Z",FALSE,NA,NA,NA,NA,NA,NA,NA
"KXNFLTOTAL","KXNFLTOTAL-25NOV16KCDEN","KC at DEN (Nov 16)","2025-11-16","2025-11","2025_11_KC_DEN","REG","2025-11-16T21:25:00Z",FALSE,NA,NA,NA,NA,NA,NA,NA
"KXNFLTOTAL","KXNFLTOTAL-25NOV16BALCLE","BAL at CLE (Nov 16)","2025-11-16","2025-11","2025_11_BAL_CLE","REG","2025-11-16T21:25:00Z",FALSE,NA,NA,NA,NA,NA,NA,NA
"KXNFLTOTAL","KXNFLTOTAL-25NOV16SFARI","SF at ARI (Nov 16)","2025-11-16","2025-11","2025_11_SF_ARI","REG","2025-11-16T21:05:00Z",FALSE,NA,NA,NA,NA,NA,NA,NA
"KXNFLTOTAL","KXNFLTOTAL-25NOV16SEALA","SEA at LA (Nov 16)","2025-11-16","2025-11","2025_11_SEA_LA","REG","2025-11-16T21:05:00Z",FALSE,NA,NA,NA,NA,NA,NA,NA
"KXNFLTOTAL","KXNFLTOTAL-25NOV16TBBUF","TB at BUF (Nov 16)","2025-11-16","2025-11","2025_11_TB_BUF","REG","2025-11-16T18:00:00Z",FALSE,NA,NA,NA,NA,NA,NA,NA
"KXNFLTOTAL","KXNFLTOTAL-25NOV16LACJAC","LAC at JAC (Nov 16)","2025-11-16","2025-11","2025_11_LAC_JAX","REG","2025-11-16T18:00:00Z",FALSE,NA,NA,NA,NA,NA,NA,NA
"KXNFLTOTAL","KXNFLTOTAL-25NOV16HOUTEN","HOU at TEN (Nov 16)","2025-11-16","2025-11","2025_11_HOU_TEN","REG","2025-11-16T18:00:00Z",FALSE,NA,NA,NA,NA,NA,NA,NA
"KXNFLTOTAL","KXNFLTOTAL-25NOV16GBNYG","GB at NYG (Nov 16)","2025-11-16","2025-11","2025_11_GB_NYG","REG","2025-11-16T18:00:00Z",FALSE,NA,NA,NA,NA,NA,NA,NA
"KXNFLTOTAL","KXNFLTOTAL-25NOV16CINPIT","CIN at PIT (Nov 16)","2025-11-16","2025-11","2025_11_CIN_PIT","REG","2025-11-16T18:00:00Z",FALSE,NA,NA,NA,NA,NA,NA,NA
"KXNFLTOTAL","KXNFLTOTAL-25NOV16CHIMIN","CHI at MIN (Nov 16)","2025-11-16","2025-11","2025_11_CHI_MIN","REG","2025-11-16T18:00:00Z",FALSE,NA,NA,NA,NA,NA,NA,NA
"KXNFLTOTAL","KXNFLTOTAL-25NOV16CARATL","CAR at ATL (Nov 16)","2025-11-16","2025-11","2025_11_CAR_ATL","REG","2025-11-16T18:00:00Z",FALSE,NA,NA,NA,NA,NA,NA,NA
"KXNFLTOTAL","KXNFLTOTAL-25NOV16WASMIA","WAS at MIA (Nov 16)","2025-11-16","2025-11","2025_11_WAS_MIA","REG","2025-11-16T14:30:00Z",FALSE,NA,NA,NA,NA,NA,NA,NA
"KXNFLTOTAL","KXNFLTOTAL-25NOV13NYJNE","NYJ at NE (Nov 13)","2025-11-13","2025-11","2025_11_NYJ_NE","REG","2025-11-14T01:15:00Z",FALSE,NA,NA,NA,NA,NA,NA,NA
"KXNFLTOTAL","KXNFLTOTAL-25NOV10PHIGB","PHI at GB (Nov 10)","2025-11-10","2025-11","2025_10_PHI_GB","REG","2025-11-11T01:15:00Z",FALSE,NA,NA,NA,NA,NA,NA,NA
"KXNFLTOTAL","KXNFLTOTAL-25NOV09PITLAC","PIT at LAC (Nov 9)","2025-11-09","2025-11","2025_10_PIT_LAC","REG","2025-11-10T01:20:00Z",FALSE,NA,NA,NA,NA,NA,NA,NA
"KXNFLTOTAL","KXNFLTOTAL-25NOV09LASF","LA at SF (Nov 9)","2025-11-09","2025-11","2025_10_LA_SF","REG","2025-11-09T21:25:00Z",FALSE,NA,NA,NA,NA,NA,NA,NA
"KXNFLTOTAL","KXNFLTOTAL-25NOV09DETWAS","DET at WAS (Nov 9)","2025-11-09","2025-11","2025_10_DET_WAS","REG","2025-11-09T21:25:00Z",FALSE,NA,NA,NA,NA,NA,NA,NA
"KXNFLTOTAL","KXNFLTOTAL-25NOV09ARISEA","ARI at SEA (Nov 9)","2025-11-09","2025-11","2025_10_ARI_SEA","REG","2025-11-09T21:05:00Z",FALSE,NA,NA,NA,NA,NA,NA,NA
"KXNFLTOTAL","KXNFLTOTAL-25NOV09NYGCHI","NYG at CHI (Nov 9)","2025-11-09","2025-11","2025_10_NYG_CHI","REG","2025-11-09T18:00:00Z",FALSE,NA,NA,NA,NA,NA,NA,NA
"KXNFLTOTAL","KXNFLTOTAL-25NOV09NOCAR","NO at CAR (Nov 9)","2025-11-09","2025-11","2025_10_NO_CAR","REG","2025-11-09T18:00:00Z",FALSE,NA,NA,NA,NA,NA,NA,NA
"KXNFLTOTAL","KXNFLTOTAL-25NOV09NETB","NE at TB (Nov 9)","2025-11-09","2025-11","2025_10_NE_TB","REG","2025-11-09T18:00:00Z",FALSE,NA,NA,NA,NA,NA,NA,NA
"KXNFLTOTAL","KXNFLTOTAL-25NOV09JACHOU","JAC at HOU (Nov 9)","2025-11-09","2025-11","2025_10_JAX_HOU","REG","2025-11-09T18:00:00Z",FALSE,NA,NA,NA,NA,NA,NA,NA
"KXNFLTOTAL","KXNFLTOTAL-25NOV09CLENYJ","CLE at NYJ (Nov 9)","2025-11-09","2025-11","2025_10_CLE_NYJ","REG","2025-11-09T18:00:00Z",FALSE,NA,NA,NA,NA,NA,NA,NA
"KXNFLTOTAL","KXNFLTOTAL-25NOV09BUFMIA","BUF at MIA (Nov 9)","2025-11-09","2025-11","2025_10_BUF_MIA","REG","2025-11-09T18:00:00Z",FALSE,NA,NA,NA,NA,NA,NA,NA
"KXNFLTOTAL","KXNFLTOTAL-25NOV09BALMIN","BAL at MIN (Nov 9)","2025-11-09","2025-11","2025_10_BAL_MIN","REG","2025-11-09T18:00:00Z",FALSE,NA,NA,NA,NA,NA,NA,NA
"KXNFLTOTAL","KXNFLTOTAL-25NOV09ATLIND","ATL at IND (Nov 9)","2025-11-09","2025-11","2025_10_ATL_IND","REG","2025-11-09T14:30:00Z",FALSE,NA,NA,NA,NA,NA,NA,NA
"KXNFLTOTAL","KXNFLTOTAL-25NOV06LVDEN","LV at DEN (Nov 6)","2025-11-06","2025-11","2025_10_LV_DEN","REG","2025-11-07T01:15:00Z",FALSE,NA,NA,NA,NA,NA,NA,NA
"KXNFLTOTAL","KXNFLTOTAL-25NOV03ARIDAL","ARI at DAL (Nov 3)","2025-11-03","2025-11","2025_09_ARI_DAL","REG","2025-11-04T01:15:00Z",FALSE,NA,NA,NA,NA,NA,NA,NA
"KXNFLTOTAL","KXNFLTOTAL-25NOV02SEAWAS","SEA at WAS (Nov 2)","2025-11-02","2025-11","2025_09_SEA_WAS","REG","2025-11-03T01:20:00Z",FALSE,NA,NA,NA,NA,NA,NA,NA
"KXNFLTOTAL","KXNFLTOTAL-25NOV02KCBUF","KC at BUF (Nov 2)","2025-11-02","2025-11","2025_09_KC_BUF","REG","2025-11-02T21:25:00Z",FALSE,NA,NA,NA,NA,NA,NA,NA
"KXNFLTOTAL","KXNFLTOTAL-25NOV02NOLA","NO at LA (Nov 2)","2025-11-02","2025-11","2025_09_NO_LA","REG","2025-11-02T21:05:00Z",FALSE,NA,NA,NA,NA,NA,NA,NA
"KXNFLTOTAL","KXNFLTOTAL-25NOV02JACLV","JAC at LV (Nov 2)","2025-11-02","2025-11","2025_09_JAX_LV","REG","2025-11-02T21:05:00Z",FALSE,NA,NA,NA,NA,NA,NA,NA
"KXNFLTOTAL","KXNFLTOTAL-25NOV02SFNYG","SF at NYG (Nov 2)","2025-11-02","2025-11","2025_09_SF_NYG","REG","2025-11-02T18:00:00Z",FALSE,NA,NA,NA,NA,NA,NA,NA
"KXNFLTOTAL","KXNFLTOTAL-25NOV02MINDET","MIN at DET (Nov 2)","2025-11-02","2025-11","2025_09_MIN_DET","REG","2025-11-02T18:00:00Z",FALSE,NA,NA,NA,NA,NA,NA,NA
"KXNFLTOTAL","KXNFLTOTAL-25NOV02LACTEN","LAC at TEN (Nov 2)","2025-11-02","2025-11","2025_09_LAC_TEN","REG","2025-11-02T18:00:00Z",FALSE,NA,NA,NA,NA,NA,NA,NA
"KXNFLTOTAL","KXNFLTOTAL-25NOV02INDPIT","IND at PIT (Nov 2)","2025-11-02","2025-11","2025_09_IND_PIT","REG","2025-11-02T18:00:00Z",FALSE,NA,NA,NA,NA,NA,NA,NA
"KXNFLTOTAL","KXNFLTOTAL-25NOV02DENHOU","DEN at HOU (Nov 2)","2025-11-02","2025-11","2025_09_DEN_HOU","REG","2025-11-02T18:00:00Z",FALSE,NA,NA,NA,NA,NA,NA,NA
"KXNFLTOTAL","KXNFLTOTAL-25NOV02CHICIN","CHI at CIN (Nov 2)","2025-11-02","2025-11","2025_09_CHI_CIN","REG","2025-11-02T18:00:00Z",TRUE,"historical",18,18,0,NA,NA,18
"KXNFLTOTAL","KXNFLTOTAL-25NOV02CARGB","CAR at GB (Nov 2)","2025-11-02","2025-11","2025_09_CAR_GB","REG","2025-11-02T18:00:00Z",FALSE,NA,NA,NA,NA,NA,NA,NA
"KXNFLTOTAL","KXNFLTOTAL-25NOV02ATLNE","ATL at NE (Nov 2)","2025-11-02","2025-11","2025_09_ATL_NE","REG","2025-11-02T18:00:00Z",FALSE,NA,NA,NA,NA,NA,NA,NA
"KXNFLTOTAL","KXNFLTOTAL-25OCT30BALMIA","BAL at MIA (Oct 30)","2025-10-30","2025-10","2025_09_BAL_MIA","REG","2025-10-31T00:15:00Z",FALSE,NA,NA,NA,NA,NA,NA,NA
"KXNFLTOTAL","KXNFLTOTAL-25OCT27WASKC","WAS at KC (Oct 27)","2025-10-27","2025-10","2025_08_WAS_KC","REG","2025-10-28T00:15:00Z",FALSE,NA,NA,NA,NA,NA,NA,NA
"KXNFLTOTAL","KXNFLTOTAL-25OCT26GBPIT","GB at PIT (Oct 26)","2025-10-26","2025-10","2025_08_GB_PIT","REG","2025-10-27T00:20:00Z",FALSE,NA,NA,NA,NA,NA,NA,NA
"KXNFLTOTAL","KXNFLTOTAL-25OCT26TENIND","TEN at IND (Oct 26)","2025-10-26","2025-10","2025_08_TEN_IND","REG","2025-10-26T20:25:00Z",FALSE,NA,NA,NA,NA,NA,NA,NA
"KXNFLTOTAL","KXNFLTOTAL-25OCT26DALDEN","DAL at DEN (Oct 26)","2025-10-26","2025-10","2025_08_DAL_DEN","REG","2025-10-26T20:25:00Z",TRUE,"historical",9,9,0,NA,NA,9
"KXNFLTOTAL","KXNFLTOTAL-25OCT26TBNO","TB at NO (Oct 26)","2025-10-26","2025-10","2025_08_TB_NO","REG","2025-10-26T20:05:00Z",FALSE,NA,NA,NA,NA,NA,NA,NA
"KXNFLTOTAL","KXNFLTOTAL-25OCT26SFHOU","SF at HOU (Oct 26)","2025-10-26","2025-10","2025_08_SF_HOU","REG","2025-10-26T17:00:00Z",FALSE,NA,NA,NA,NA,NA,NA,NA
"KXNFLTOTAL","KXNFLTOTAL-25OCT26NYJCIN","NYJ at CIN (Oct 26)","2025-10-26","2025-10","2025_08_NYJ_CIN","REG","2025-10-26T17:00:00Z",FALSE,NA,NA,NA,NA,NA,NA,NA
"KXNFLTOTAL","KXNFLTOTAL-25OCT26NYGPHI","NYG at PHI (Oct 26)","2025-10-26","2025-10","2025_08_NYG_PHI","REG","2025-10-26T17:00:00Z",FALSE,NA,NA,NA,NA,NA,NA,NA
"KXNFLTOTAL","KXNFLTOTAL-25OCT26MIAATL","MIA at ATL (Oct 26)","2025-10-26","2025-10","2025_08_MIA_ATL","REG","2025-10-26T17:00:00Z",FALSE,NA,NA,NA,NA,NA,NA,NA
"KXNFLTOTAL","KXNFLTOTAL-25OCT26CLENE","CLE at NE (Oct 26)","2025-10-26","2025-10","2025_08_CLE_NE","REG","2025-10-26T17:00:00Z",FALSE,NA,NA,NA,NA,NA,NA,NA
"KXNFLTOTAL","KXNFLTOTAL-25OCT26CHIBAL","CHI at BAL (Oct 26)","2025-10-26","2025-10","2025_08_CHI_BAL","REG","2025-10-26T17:00:00Z",FALSE,NA,NA,NA,NA,NA,NA,NA
"KXNFLTOTAL","KXNFLTOTAL-25OCT26BUFCAR","BUF at CAR (Oct 26)","2025-10-26","2025-10","2025_08_BUF_CAR","REG","2025-10-26T17:00:00Z",FALSE,NA,NA,NA,NA,NA,NA,NA
"KXNFLTOTAL","KXNFLTOTAL-25OCT23MINLAC","MIN at LAC (Oct 23)","2025-10-23","2025-10","2025_08_MIN_LAC","REG","2025-10-24T00:15:00Z",FALSE,NA,NA,NA,NA,NA,NA,NA
"KXNFLTOTAL","KXNFLTOTAL-25OCT20HOUSEA","HOU at SEA (Oct 20)","2025-10-20","2025-10","2025_07_HOU_SEA","REG","2025-10-21T02:00:00Z",FALSE,NA,NA,NA,NA,NA,NA,NA
"KXNFLTOTAL","KXNFLTOTAL-25OCT20TBDET","TB at DET (Oct 20)","2025-10-20","2025-10","2025_07_TB_DET","REG","2025-10-20T23:00:00Z",FALSE,NA,NA,NA,NA,NA,NA,NA
"KXNFLTOTAL","KXNFLTOTAL-25OCT19ATLSF","ATL at SF (Oct 19)","2025-10-19","2025-10","2025_07_ATL_SF","REG","2025-10-20T00:20:00Z",FALSE,NA,NA,NA,NA,NA,NA,NA
"KXNFLTOTAL","KXNFLTOTAL-25OCT19WASDAL","WAS at DAL (Oct 19)","2025-10-19","2025-10","2025_07_WAS_DAL","REG","2025-10-19T20:25:00Z",FALSE,NA,NA,NA,NA,NA,NA,NA
"KXNFLTOTAL","KXNFLTOTAL-25OCT19GBARI","GB at ARI (Oct 19)","2025-10-19","2025-10","2025_07_GB_ARI","REG","2025-10-19T20:25:00Z",FALSE,NA,NA,NA,NA,NA,NA,NA
"KXNFLTOTAL","KXNFLTOTAL-25OCT19NYGDEN","NYG at DEN (Oct 19)","2025-10-19","2025-10","2025_07_NYG_DEN","REG","2025-10-19T20:05:00Z",TRUE,"historical",21,21,0,NA,NA,21
"KXNFLTOTAL","KXNFLTOTAL-25OCT19INDLAC","IND at LAC (Oct 19)","2025-10-19","2025-10","2025_07_IND_LAC","REG","2025-10-19T20:05:00Z",FALSE,NA,NA,NA,NA,NA,NA,NA
"KXNFLTOTAL","KXNFLTOTAL-25OCT19PHIMIN","PHI at MIN (Oct 19)","2025-10-19","2025-10","2025_07_PHI_MIN","REG","2025-10-19T17:00:00Z",FALSE,NA,NA,NA,NA,NA,NA,NA
"KXNFLTOTAL","KXNFLTOTAL-25OCT19NOCHI","NO at CHI (Oct 19)","2025-10-19","2025-10","2025_07_NO_CHI","REG","2025-10-19T17:00:00Z",TRUE,"historical",20,20,0,NA,NA,20
"KXNFLTOTAL","KXNFLTOTAL-25OCT19NETEN","NE at TEN (Oct 19)","2025-10-19","2025-10","2025_07_NE_TEN","REG","2025-10-19T17:00:00Z",FALSE,NA,NA,NA,NA,NA,NA,NA
"KXNFLTOTAL","KXNFLTOTAL-25OCT19MIACLE","MIA at CLE (Oct 19)","2025-10-19","2025-10","2025_07_MIA_CLE","REG","2025-10-19T17:00:00Z",FALSE,NA,NA,NA,NA,NA,NA,NA
"KXNFLTOTAL","KXNFLTOTAL-25OCT19LVKC","LV at KC (Oct 19)","2025-10-19","2025-10","2025_07_LV_KC","REG","2025-10-19T17:00:00Z",FALSE,NA,NA,NA,NA,NA,NA,NA
"KXNFLTOTAL","KXNFLTOTAL-25OCT19CARNYJ","CAR at NYJ (Oct 19)","2025-10-19","2025-10","2025_07_CAR_NYJ","REG","2025-10-19T17:00:00Z",FALSE,NA,NA,NA,NA,NA,NA,NA
"KXNFLTOTAL","KXNFLTOTAL-25OCT19LAJAC","LA at JAC (Oct 19)","2025-10-19","2025-10","2025_07_LA_JAX","REG","2025-10-19T13:30:00Z",FALSE,NA,NA,NA,NA,NA,NA,NA
"KXNFLTOTAL","KXNFLTOTAL-25OCT16PITCIN","PIT at CIN (Oct 16)","2025-10-16","2025-10","2025_07_PIT_CIN","REG","2025-10-17T00:15:00Z",FALSE,NA,NA,NA,NA,NA,NA,NA
"KXNFLTOTAL","KXNFLTOTAL-25OCT13CHIWAS","CHI at WAS (Oct 13)","2025-10-13","2025-10","2025_06_CHI_WAS","REG","2025-10-14T00:15:00Z",FALSE,NA,NA,NA,NA,NA,NA,NA
"KXNFLTOTAL","KXNFLTOTAL-25OCT13BUFATL","BUF at ATL (Oct 13)","2025-10-13","2025-10","2025_06_BUF_ATL","REG","2025-10-13T23:15:00Z",FALSE,NA,NA,NA,NA,NA,NA,NA
"KXNFLTOTAL","KXNFLTOTAL-25OCT12DETKC","DET at KC (Oct 12)","2025-10-12","2025-10","2025_06_DET_KC","REG","2025-10-13T00:20:00Z",FALSE,NA,NA,NA,NA,NA,NA,NA
"KXNFLTOTAL","KXNFLTOTAL-25OCT12SFTB","SF at TB (Oct 12)","2025-10-12","2025-10","2025_06_SF_TB","REG","2025-10-12T20:25:00Z",FALSE,NA,NA,NA,NA,NA,NA,NA
"KXNFLTOTAL","KXNFLTOTAL-25OCT12CINGB","CIN at GB (Oct 12)","2025-10-12","2025-10","2025_06_CIN_GB","REG","2025-10-12T20:25:00Z",FALSE,NA,NA,NA,NA,NA,NA,NA
"KXNFLTOTAL","KXNFLTOTAL-25OCT12TENLV","TEN at LV (Oct 12)","2025-10-12","2025-10","2025_06_TEN_LV","REG","2025-10-12T20:05:00Z",FALSE,NA,NA,NA,NA,NA,NA,NA
"KXNFLTOTAL","KXNFLTOTAL-25OCT12SEAJAC","SEA at JAC (Oct 12)","2025-10-12","2025-10","2025_06_SEA_JAX","REG","2025-10-12T17:00:00Z",FALSE,NA,NA,NA,NA,NA,NA,NA
"KXNFLTOTAL","KXNFLTOTAL-25OCT12NENO","NE at NO (Oct 12)","2025-10-12","2025-10","2025_06_NE_NO","REG","2025-10-12T17:00:00Z",FALSE,NA,NA,NA,NA,NA,NA,NA
"KXNFLTOTAL","KXNFLTOTAL-25OCT12LACMIA","LAC at MIA (Oct 12)","2025-10-12","2025-10","2025_06_LAC_MIA","REG","2025-10-12T17:00:00Z",FALSE,NA,NA,NA,NA,NA,NA,NA
"KXNFLTOTAL","KXNFLTOTAL-25OCT12LABAL","LA at BAL (Oct 12)","2025-10-12","2025-10","2025_06_LA_BAL","REG","2025-10-12T17:00:00Z",FALSE,NA,NA,NA,NA,NA,NA,NA
"KXNFLTOTAL","KXNFLTOTAL-25OCT12DALCAR","DAL at CAR (Oct 12)","2025-10-12","2025-10","2025_06_DAL_CAR","REG","2025-10-12T17:00:00Z",FALSE,NA,NA,NA,NA,NA,NA,NA
"KXNFLTOTAL","KXNFLTOTAL-25OCT12CLEPIT","CLE at PIT (Oct 12)","2025-10-12","2025-10","2025_06_CLE_PIT","REG","2025-10-12T17:00:00Z",FALSE,NA,NA,NA,NA,NA,NA,NA
"KXNFLTOTAL","KXNFLTOTAL-25OCT12ARIIND","ARI at IND (Oct 12)","2025-10-12","2025-10","2025_06_ARI_IND","REG","2025-10-12T17:00:00Z",FALSE,NA,NA,NA,NA,NA,NA,NA
"KXNFLTOTAL","KXNFLTOTAL-25OCT12DENNYJ","DEN at NYJ (Oct 12)","2025-10-12","2025-10","2025_06_DEN_NYJ","REG","2025-10-12T13:30:00Z",FALSE,NA,NA,NA,NA,NA,NA,NA
"KXNFLTOTAL","KXNFLTOTAL-25OCT09PHINYG","PHI at NYG (Oct 9)","2025-10-09","2025-10","2025_06_PHI_NYG","REG","2025-10-10T00:15:00Z",FALSE,NA,NA,NA,NA,NA,NA,NA
"KXNFLTOTAL","KXNFLTOTAL-25OCT06KCJAC","KC at JAC (Oct 6)","2025-10-06","2025-10","2025_05_KC_JAX","REG","2025-10-07T00:15:00Z",FALSE,NA,NA,NA,NA,NA,NA,NA
"KXNFLTOTAL","KXNFLTOTAL-25OCT05NEBUF","NE at BUF (Oct 5)","2025-10-05","2025-10","2025_05_NE_BUF","REG","2025-10-06T00:20:00Z",FALSE,NA,NA,NA,NA,NA,NA,NA
"KXNFLTOTAL","KXNFLTOTAL-25OCT05WASLAC","WAS at LAC (Oct 5)","2025-10-05","2025-10","2025_05_WAS_LAC","REG","2025-10-05T20:25:00Z",FALSE,NA,NA,NA,NA,NA,NA,NA
"KXNFLTOTAL","KXNFLTOTAL-25OCT05DETCIN","DET at CIN (Oct 5)","2025-10-05","2025-10","2025_05_DET_CIN","REG","2025-10-05T20:25:00Z",FALSE,NA,NA,NA,NA,NA,NA,NA
"KXNFLTOTAL","KXNFLTOTAL-25OCT05TENARI","TEN at ARI (Oct 5)","2025-10-05","2025-10","2025_05_TEN_ARI","REG","2025-10-05T20:05:00Z",FALSE,NA,NA,NA,NA,NA,NA,NA
"KXNFLTOTAL","KXNFLTOTAL-25OCT05TBSEA","TB at SEA (Oct 5)","2025-10-05","2025-10","2025_05_TB_SEA","REG","2025-10-05T20:05:00Z",FALSE,NA,NA,NA,NA,NA,NA,NA
"KXNFLTOTAL","KXNFLTOTAL-25OCT05NYGNO","NYG at NO (Oct 5)","2025-10-05","2025-10","2025_05_NYG_NO","REG","2025-10-05T17:00:00Z",FALSE,NA,NA,NA,NA,NA,NA,NA
"KXNFLTOTAL","KXNFLTOTAL-25OCT05MIACAR","MIA at CAR (Oct 5)","2025-10-05","2025-10","2025_05_MIA_CAR","REG","2025-10-05T17:00:00Z",FALSE,NA,NA,NA,NA,NA,NA,NA
"KXNFLTOTAL","KXNFLTOTAL-25OCT05LVIND","LV at IND (Oct 5)","2025-10-05","2025-10","2025_05_LV_IND","REG","2025-10-05T17:00:00Z",FALSE,NA,NA,NA,NA,NA,NA,NA
"KXNFLTOTAL","KXNFLTOTAL-25OCT05HOUBAL","HOU at BAL (Oct 5)","2025-10-05","2025-10","2025_05_HOU_BAL","REG","2025-10-05T17:00:00Z",FALSE,NA,NA,NA,NA,NA,NA,NA
"KXNFLTOTAL","KXNFLTOTAL-25OCT05DENPHI","DEN at PHI (Oct 5)","2025-10-05","2025-10","2025_05_DEN_PHI","REG","2025-10-05T17:00:00Z",FALSE,NA,NA,NA,NA,NA,NA,NA
"KXNFLTOTAL","KXNFLTOTAL-25OCT05DALNYJ","DAL at NYJ (Oct 5)","2025-10-05","2025-10","2025_05_DAL_NYJ","REG","2025-10-05T17:00:00Z",FALSE,NA,NA,NA,NA,NA,NA,NA
"KXNFLTOTAL","KXNFLTOTAL-25OCT05MINCLE","MIN at CLE (Oct 5)","2025-10-05","2025-10","2025_05_MIN_CLE","REG","2025-10-05T13:30:00Z",FALSE,NA,NA,NA,NA,NA,NA,NA
"KXNFLTOTAL","KXNFLTOTAL-25OCT02SFLA","SF at LA (Oct 2)","2025-10-02","2025-10","2025_05_SF_LA","REG","2025-10-03T00:15:00Z",FALSE,NA,NA,NA,NA,NA,NA,NA
"KXNFLTOTAL","KXNFLTOTAL-25SEP29CINDEN","CIN at DEN (Sep 29)","2025-09-29","2025-09","2025_04_CIN_DEN","REG","2025-09-30T00:15:00Z",FALSE,NA,NA,NA,NA,NA,NA,NA
"KXNFLTOTAL","KXNFLTOTAL-25SEP29NYJMIA","NYJ at MIA (Sep 29)","2025-09-29","2025-09","2025_04_NYJ_MIA","REG","2025-09-29T23:15:00Z",FALSE,NA,NA,NA,NA,NA,NA,NA
"KXNFLTOTAL","KXNFLTOTAL-25SEP28GBDAL","GB at DAL (Sep 28)","2025-09-28","2025-09","2025_04_GB_DAL","REG","2025-09-29T00:20:00Z",FALSE,NA,NA,NA,NA,NA,NA,NA
"KXNFLTOTAL","KXNFLTOTAL-25SEP28CHILV","CHI at LV (Sep 28)","2025-09-28","2025-09","2025_04_CHI_LV","REG","2025-09-28T20:25:00Z",FALSE,NA,NA,NA,NA,NA,NA,NA
"KXNFLTOTAL","KXNFLTOTAL-25SEP28BALKC","BAL at KC (Sep 28)","2025-09-28","2025-09","2025_04_BAL_KC","REG","2025-09-28T20:25:00Z",FALSE,NA,NA,NA,NA,NA,NA,NA
"KXNFLTOTAL","KXNFLTOTAL-25SEP28JACSF","JAC at SF (Sep 28)","2025-09-28","2025-09","2025_04_JAX_SF","REG","2025-09-28T20:05:00Z",FALSE,NA,NA,NA,NA,NA,NA,NA
"KXNFLTOTAL","KXNFLTOTAL-25SEP28INDLA","IND at LA (Sep 28)","2025-09-28","2025-09","2025_04_IND_LA","REG","2025-09-28T20:05:00Z",FALSE,NA,NA,NA,NA,NA,NA,NA
"KXNFLTOTAL","KXNFLTOTAL-25SEP28WASATL","WAS at ATL (Sep 28)","2025-09-28","2025-09","2025_04_WAS_ATL","REG","2025-09-28T17:00:00Z",FALSE,NA,NA,NA,NA,NA,NA,NA
"KXNFLTOTAL","KXNFLTOTAL-25SEP28TENHOU","TEN at HOU (Sep 28)","2025-09-28","2025-09","2025_04_TEN_HOU","REG","2025-09-28T17:00:00Z",FALSE,NA,NA,NA,NA,NA,NA,NA
"KXNFLTOTAL","KXNFLTOTAL-25SEP28PHITB","PHI at TB (Sep 28)","2025-09-28","2025-09","2025_04_PHI_TB","REG","2025-09-28T17:00:00Z",FALSE,NA,NA,NA,NA,NA,NA,NA
"KXNFLTOTAL","KXNFLTOTAL-25SEP28NOBUF","NO at BUF (Sep 28)","2025-09-28","2025-09","2025_04_NO_BUF","REG","2025-09-28T17:00:00Z",FALSE,NA,NA,NA,NA,NA,NA,NA
"KXNFLTOTAL","KXNFLTOTAL-25SEP28LACNYG","LAC at NYG (Sep 28)","2025-09-28","2025-09","2025_04_LAC_NYG","REG","2025-09-28T17:00:00Z",FALSE,NA,NA,NA,NA,NA,NA,NA
"KXNFLTOTAL","KXNFLTOTAL-25SEP28CLEDET","CLE at DET (Sep 28)","2025-09-28","2025-09","2025_04_CLE_DET","REG","2025-09-28T17:00:00Z",FALSE,NA,NA,NA,NA,NA,NA,NA
"KXNFLTOTAL","KXNFLTOTAL-25SEP28CARNE","CAR at NE (Sep 28)","2025-09-28","2025-09","2025_04_CAR_NE","REG","2025-09-28T17:00:00Z",FALSE,NA,NA,NA,NA,NA,NA,NA
"KXNFLTOTAL","KXNFLTOTAL-25SEP28MINPIT","MIN at PIT (Sep 28)","2025-09-28","2025-09","2025_04_MIN_PIT","REG","2025-09-28T13:30:00Z",FALSE,NA,NA,NA,NA,NA,NA,NA
"KXNFLTOTAL","KXNFLTOTAL-25SEP25SEAARI","SEA at ARI (Sep 25)","2025-09-25","2025-09","2025_04_SEA_ARI","REG","2025-09-26T00:15:00Z",FALSE,NA,NA,NA,NA,NA,NA,NA
"KXNFLTOTAL","KXNFLTOTAL-25SEP22DETBAL","DET at BAL (Sep 22)","2025-09-22","2025-09","2025_03_DET_BAL","REG","2025-09-23T00:15:00Z",FALSE,NA,NA,NA,NA,NA,NA,NA
"KXNFLTOTAL","KXNFLTOTAL-25SEP21KCNYG","KC at NYG (Sep 21)","2025-09-21","2025-09","2025_03_KC_NYG","REG","2025-09-22T00:20:00Z",FALSE,NA,NA,NA,NA,NA,NA,NA
"KXNFLTOTAL","KXNFLTOTAL-25SEP21DALCHI","DAL at CHI (Sep 21)","2025-09-21","2025-09","2025_03_DAL_CHI","REG","2025-09-21T20:25:00Z",FALSE,NA,NA,NA,NA,NA,NA,NA
"KXNFLTOTAL","KXNFLTOTAL-25SEP21ARISF","ARI at SF (Sep 21)","2025-09-21","2025-09","2025_03_ARI_SF","REG","2025-09-21T20:25:00Z",FALSE,NA,NA,NA,NA,NA,NA,NA
"KXNFLTOTAL","KXNFLTOTAL-25SEP21NOSEA","NO at SEA (Sep 21)","2025-09-21","2025-09","2025_03_NO_SEA","REG","2025-09-21T20:05:00Z",FALSE,NA,NA,NA,NA,NA,NA,NA
"KXNFLTOTAL","KXNFLTOTAL-25SEP21DENLAC","DEN at LAC (Sep 21)","2025-09-21","2025-09","2025_03_DEN_LAC","REG","2025-09-21T20:05:00Z",FALSE,NA,NA,NA,NA,NA,NA,NA
"KXNFLTOTAL","KXNFLTOTAL-25SEP21PITNE","PIT at NE (Sep 21)","2025-09-21","2025-09","2025_03_PIT_NE","REG","2025-09-21T17:00:00Z",FALSE,NA,NA,NA,NA,NA,NA,NA
"KXNFLTOTAL","KXNFLTOTAL-25SEP21NYJTB","NYJ at TB (Sep 21)","2025-09-21","2025-09","2025_03_NYJ_TB","REG","2025-09-21T17:00:00Z",FALSE,NA,NA,NA,NA,NA,NA,NA
"KXNFLTOTAL","KXNFLTOTAL-25SEP21LVWAS","LV at WAS (Sep 21)","2025-09-21","2025-09","2025_03_LV_WAS","REG","2025-09-21T17:00:00Z",FALSE,NA,NA,NA,NA,NA,NA,NA
"KXNFLTOTAL","KXNFLTOTAL-25SEP21LAPHI","LA at PHI (Sep 21)","2025-09-21","2025-09","2025_03_LA_PHI","REG","2025-09-21T17:00:00Z",FALSE,NA,NA,NA,NA,NA,NA,NA
"KXNFLTOTAL","KXNFLTOTAL-25SEP21INDTEN","IND at TEN (Sep 21)","2025-09-21","2025-09","2025_03_IND_TEN","REG","2025-09-21T17:00:00Z",FALSE,NA,NA,NA,NA,NA,NA,NA
"KXNFLTOTAL","KXNFLTOTAL-25SEP21HOUJAC","HOU at JAC (Sep 21)","2025-09-21","2025-09","2025_03_HOU_JAX","REG","2025-09-21T17:00:00Z",FALSE,NA,NA,NA,NA,NA,NA,NA
"KXNFLTOTAL","KXNFLTOTAL-25SEP21GBCLE","GB at CLE (Sep 21)","2025-09-21","2025-09","2025_03_GB_CLE","REG","2025-09-21T17:00:00Z",FALSE,NA,NA,NA,NA,NA,NA,NA
"KXNFLTOTAL","KXNFLTOTAL-25SEP21CINMIN","CIN at MIN (Sep 21)","2025-09-21","2025-09","2025_03_CIN_MIN","REG","2025-09-21T17:00:00Z",FALSE,NA,NA,NA,NA,NA,NA,NA
"KXNFLTOTAL","KXNFLTOTAL-25SEP21ATLCAR","ATL at CAR (Sep 21)","2025-09-21","2025-09","2025_03_ATL_CAR","REG","2025-09-21T17:00:00Z",FALSE,NA,NA,NA,NA,NA,NA,NA
"KXNFLTOTAL","KXNFLTOTAL-25SEP18MIABUF","MIA at BUF (Sep 18)","2025-09-18","2025-09","2025_03_MIA_BUF","REG","2025-09-19T00:15:00Z",FALSE,NA,NA,NA,NA,NA,NA,NA
"KXNFLTOTAL","KXNFLTOTAL-25SEP15LACLV","LAC at LV (Sep 15)","2025-09-15","2025-09","2025_02_LAC_LV","REG","2025-09-16T02:00:00Z",FALSE,NA,NA,NA,NA,NA,NA,NA
"KXNFLTOTAL","KXNFLTOTAL-25SEP15TBHOU","TB at HOU (Sep 15)","2025-09-15","2025-09","2025_02_TB_HOU","REG","2025-09-15T23:00:00Z",FALSE,NA,NA,NA,NA,NA,NA,NA
"KXNFLTOTAL","KXNFLTOTAL-25SEP14ATLMIN","ATL at MIN (Sep 14)","2025-09-14","2025-09","2025_02_ATL_MIN","REG","2025-09-15T00:20:00Z",FALSE,NA,NA,NA,NA,NA,NA,NA
"KXNFLTOTAL","KXNFLTOTAL-25SEP14PHIKC","PHI at KC (Sep 14)","2025-09-14","2025-09","2025_02_PHI_KC","REG","2025-09-14T20:25:00Z",FALSE,NA,NA,NA,NA,NA,NA,NA
"KXNFLTOTAL","KXNFLTOTAL-25SEP14DENIND","DEN at IND (Sep 14)","2025-09-14","2025-09","2025_02_DEN_IND","REG","2025-09-14T20:05:00Z",FALSE,NA,NA,NA,NA,NA,NA,NA
"KXNFLTOTAL","KXNFLTOTAL-25SEP14CARARI","CAR at ARI (Sep 14)","2025-09-14","2025-09","2025_02_CAR_ARI","REG","2025-09-14T20:05:00Z",FALSE,NA,NA,NA,NA,NA,NA,NA
"KXNFLTOTAL","KXNFLTOTAL-25SEP14SFNO","SF at NO (Sep 14)","2025-09-14","2025-09","2025_02_SF_NO","REG","2025-09-14T17:00:00Z",FALSE,NA,NA,NA,NA,NA,NA,NA
"KXNFLTOTAL","KXNFLTOTAL-25SEP14SEAPIT","SEA at PIT (Sep 14)","2025-09-14","2025-09","2025_02_SEA_PIT","REG","2025-09-14T17:00:00Z",FALSE,NA,NA,NA,NA,NA,NA,NA
"KXNFLTOTAL","KXNFLTOTAL-25SEP14NYGDAL","NYG at DAL (Sep 14)","2025-09-14","2025-09","2025_02_NYG_DAL","REG","2025-09-14T17:00:00Z",TRUE,"historical",9,9,0,NA,NA,9
"KXNFLTOTAL","KXNFLTOTAL-25SEP14NEMIA","NE at MIA (Sep 14)","2025-09-14","2025-09","2025_02_NE_MIA","REG","2025-09-14T17:00:00Z",FALSE,NA,NA,NA,NA,NA,NA,NA
"KXNFLTOTAL","KXNFLTOTAL-25SEP14LATEN","LA at TEN (Sep 14)","2025-09-14","2025-09","2025_02_LA_TEN","REG","2025-09-14T17:00:00Z",FALSE,NA,NA,NA,NA,NA,NA,NA
"KXNFLTOTAL","KXNFLTOTAL-25SEP14JACCIN","JAC at CIN (Sep 14)","2025-09-14","2025-09","2025_02_JAX_CIN","REG","2025-09-14T17:00:00Z",FALSE,NA,NA,NA,NA,NA,NA,NA
"KXNFLTOTAL","KXNFLTOTAL-25SEP14CLEBAL","CLE at BAL (Sep 14)","2025-09-14","2025-09","2025_02_CLE_BAL","REG","2025-09-14T17:00:00Z",FALSE,NA,NA,NA,NA,NA,NA,NA
"KXNFLTOTAL","KXNFLTOTAL-25SEP14CHIDET","CHI at DET (Sep 14)","2025-09-14","2025-09","2025_02_CHI_DET","REG","2025-09-14T17:00:00Z",FALSE,NA,NA,NA,NA,NA,NA,NA
"KXNFLTOTAL","KXNFLTOTAL-25SEP14BUFNYJ","BUF at NYJ (Sep 14)","2025-09-14","2025-09","2025_02_BUF_NYJ","REG","2025-09-14T17:00:00Z",FALSE,NA,NA,NA,NA,NA,NA,NA
"KXNFLTOTAL","KXNFLTOTAL-25SEP11WASGB","WAS at GB (Sep 11)","2025-09-11","2025-09","2025_02_WAS_GB","REG","2025-09-12T00:15:00Z",FALSE,NA,NA,NA,NA,NA,NA,NA
"KXNFLTOTAL","KXNFLTOTAL-25SEP08MINCHI","MIN at CHI (Sep 8)","2025-09-08","2025-09","2025_01_MIN_CHI","REG","2025-09-09T00:15:00Z",FALSE,NA,NA,NA,NA,NA,NA,NA
"KXNFLTOTAL","KXNFLTOTAL-25SEP07BALBUF","BAL at BUF (Sep 7)","2025-09-07","2025-09","2025_01_BAL_BUF","REG","2025-09-08T00:20:00Z",FALSE,NA,NA,NA,NA,NA,NA,NA
"KXNFLTOTAL","KXNFLTOTAL-25SEP07HOULA","HOU at LA (Sep 7)","2025-09-07","2025-09","2025_01_HOU_LA","REG","2025-09-07T20:25:00Z",FALSE,NA,NA,NA,NA,NA,NA,NA
"KXNFLTOTAL","KXNFLTOTAL-25SEP07DETGB","DET at GB (Sep 7)","2025-09-07","2025-09","2025_01_DET_GB","REG","2025-09-07T20:25:00Z",TRUE,"historical",81,81,0,NA,NA,17
"KXNFLTOTAL","KXNFLTOTAL-25SEP07TENDEN","TEN at DEN (Sep 7)","2025-09-07","2025-09","2025_01_TEN_DEN","REG","2025-09-07T20:05:00Z",FALSE,NA,NA,NA,NA,NA,NA,NA
"KXNFLTOTAL","KXNFLTOTAL-25SEP07SFSEA","SF at SEA (Sep 7)","2025-09-07","2025-09","2025_01_SF_SEA","REG","2025-09-07T20:05:00Z",FALSE,NA,NA,NA,NA,NA,NA,NA
"KXNFLTOTAL","KXNFLTOTAL-25SEP07TBATL","TB at ATL (Sep 7)","2025-09-07","2025-09","2025_01_TB_ATL","REG","2025-09-07T17:00:00Z",TRUE,"historical",81,81,0,NA,NA,15
"KXNFLTOTAL","KXNFLTOTAL-25SEP07PITNYJ","PIT at NYJ (Sep 7)","2025-09-07","2025-09","2025_01_PIT_NYJ","REG","2025-09-07T17:00:00Z",FALSE,NA,NA,NA,NA,NA,NA,NA
"KXNFLTOTAL","KXNFLTOTAL-25SEP07NYGWAS","NYG at WAS (Sep 7)","2025-09-07","2025-09","2025_01_NYG_WAS","REG","2025-09-07T17:00:00Z",FALSE,NA,NA,NA,NA,NA,NA,NA
"KXNFLTOTAL","KXNFLTOTAL-25SEP07MIAIND","MIA at IND (Sep 7)","2025-09-07","2025-09","2025_01_MIA_IND","REG","2025-09-07T17:00:00Z",FALSE,NA,NA,NA,NA,NA,NA,NA
"KXNFLTOTAL","KXNFLTOTAL-25SEP07LVNE","LV at NE (Sep 7)","2025-09-07","2025-09","2025_01_LV_NE","REG","2025-09-07T17:00:00Z",FALSE,NA,NA,NA,NA,NA,NA,NA
"KXNFLTOTAL","KXNFLTOTAL-25SEP07CINCLE","CIN at CLE (Sep 7)","2025-09-07","2025-09","2025_01_CIN_CLE","REG","2025-09-07T17:00:00Z",FALSE,NA,NA,NA,NA,NA,NA,NA
"KXNFLTOTAL","KXNFLTOTAL-25SEP07CARJAC","CAR at JAC (Sep 7)","2025-09-07","2025-09","2025_01_CAR_JAX","REG","2025-09-07T17:00:00Z",FALSE,NA,NA,NA,NA,NA,NA,NA
"KXNFLTOTAL","KXNFLTOTAL-25SEP07ARINO","ARI at NO (Sep 7)","2025-09-07","2025-09","2025_01_ARI_NO","REG","2025-09-07T17:00:00Z",FALSE,NA,NA,NA,NA,NA,NA,NA
"KXNFLTOTAL","KXNFLTOTAL-25SEP05KCLAC","KC at LAC (Sep 5)","2025-09-05","2025-09","2025_01_KC_LAC","REG","2025-09-06T00:00:00Z",FALSE,NA,NA,NA,NA,NA,NA,NA
"KXNFLTOTAL","KXNFLTOTAL-25SEP04DALPHI","DAL at PHI (Sep 4)","2025-09-04","2025-09","2025_01_DAL_PHI","REG","2025-09-05T00:20:00Z",FALSE,NA,NA,NA,NA,NA,NA,NA
"KXNFLTOTAL","KXNFLTOTAL-25AUG23LVARI","LV at ARI (Aug 23)","2025-08-23","2025-08",NA,NA,NA,FALSE,NA,NA,NA,NA,NA,NA,NA
"KXNFLTOTAL","KXNFLTOTAL-25AUG23LACSF","LAC at SF (Aug 23)","2025-08-23","2025-08",NA,NA,NA,FALSE,NA,NA,NA,NA,NA,NA,NA
"KXNFLTOTAL","KXNFLTOTAL-25AUG23BUFTB","BUF at TB (Aug 23)","2025-08-23","2025-08",NA,NA,NA,FALSE,NA,NA,NA,NA,NA,NA,NA
"KXNFLTOTAL","KXNFLTOTAL-25AUG23JACMIA","JAC at MIA (Aug 23)","2025-08-23","2025-08",NA,NA,NA,FALSE,NA,NA,NA,NA,NA,NA,NA
"KXNFLTOTAL","KXNFLTOTAL-25AUG23SEAGB","SEA at GB (Aug 23)","2025-08-23","2025-08",NA,NA,NA,FALSE,NA,NA,NA,NA,NA,NA,NA
"KXNFLTOTAL","KXNFLTOTAL-25AUG23LACLE","LA at CLE (Aug 23)","2025-08-23","2025-08",NA,NA,NA,FALSE,NA,NA,NA,NA,NA,NA,NA
"KXNFLTOTAL","KXNFLTOTAL-25AUG23INDCIN","IND at CIN (Aug 23)","2025-08-23","2025-08",NA,NA,NA,FALSE,NA,NA,NA,NA,NA,NA,NA
"KXNFLTOTAL","KXNFLTOTAL-25AUG23HOUDET","HOU at DET (Aug 23)","2025-08-23","2025-08",NA,NA,NA,FALSE,NA,NA,NA,NA,NA,NA,NA
"KXNFLTOTAL","KXNFLTOTAL-25AUG23DENNO","DEN at NO (Aug 23)","2025-08-23","2025-08",NA,NA,NA,FALSE,NA,NA,NA,NA,NA,NA,NA
"KXNFLTOTAL","KXNFLTOTAL-25AUG23BALWAS","BAL at WAS (Aug 23)","2025-08-23","2025-08",NA,NA,NA,FALSE,NA,NA,NA,NA,NA,NA,NA
"KXNFLTOTAL","KXNFLTOTAL-25AUG22CHIKC","CHI at KC (Aug 22)","2025-08-22","2025-08",NA,NA,NA,FALSE,NA,NA,NA,NA,NA,NA,NA
"KXNFLTOTAL","KXNFLTOTAL-25AUG22MINTEN","MIN at TEN (Aug 22)","2025-08-22","2025-08",NA,NA,NA,FALSE,NA,NA,NA,NA,NA,NA,NA
"KXNFLTOTAL","KXNFLTOTAL-25AUG22ATLDAL","ATL at DAL (Aug 22)","2025-08-22","2025-08",NA,NA,NA,FALSE,NA,NA,NA,NA,NA,NA,NA
"KXNFLTOTAL","KXNFLTOTAL-25AUG22PHINYJ","PHI at NYJ (Aug 22)","2025-08-22","2025-08",NA,NA,NA,FALSE,NA,NA,NA,NA,NA,NA,NA
"KXNFLTOTAL","KXNFLTOTAL-25AUG21NENYG","NE at NYG (Aug 21)","2025-08-21","2025-08",NA,NA,NA,FALSE,NA,NA,NA,NA,NA,NA,NA
"KXNFLTOTAL","KXNFLTOTAL-25AUG21PITCAR","PIT at CAR (Aug 21)","2025-08-21","2025-08",NA,NA,NA,FALSE,NA,NA,NA,NA,NA,NA,NA
