game_id,p_LR_E1,p_LR_C1C2,p_GLMNET,p_XGB,p_XGB_FREE,p_GBM,season,week,p_c0,p_c1,p_c2,p_e1
"2014_01_GB_SEA",0.65257036,0.6599935,0.68588485,0.70581818,0.68857414,0.73378398,2014,1,0.68007756,0.74080677,0.72926629,0.73507672
"2014_01_BUF_CHI",0.74243357,0.74576972,0.71983322,0.76027083,0.80935198,0.6921673,2014,1,0.71212946,0.57551071,0.55121052,0.56339866
"2014_01_CIN_BAL",0.53167312,0.55242948,0.5115068,0.55587459,0.56504178,0.5768007,2014,1,0.51729139,0.49451293,0.39739382,0.44543254
"2014_01_CLE_PIT",0.67945943,0.68368031,0.69745565,0.67931533,0.68000895,0.73371632,2014,1,0.69097875,0.69875382,0.69697087,0.6978631
"2014_01_JAX_PHI",0.82289936,0.81058574,0.82932672,0.77980727,0.75203812,0.75780511,2014,1,0.81752096,0.71645943,0.81219332,0.76774929
"2014_01_MIN_STL",0.57916004,0.57888088,0.5931443,0.62299162,0.53924346,0.60622376,2014,1,0.59330144,0.58999894,0.63162704,0.61101533
"2014_01_NE_MIA",0.36035274,0.36492412,0.35862227,0.29756096,0.25958377,0.29487713,2014,1,0.37389941,0.38761935,0.42083408,0.4041169
"2014_01_NO_ATL",0.3964824,0.40811183,0.38595234,0.43925428,0.46112314,0.49097141,2014,1,0.399754,0.40316979,0.38402871,0.3935584
"2014_01_OAK_NYJ",0.72875975,0.73005432,0.72590458,0.75112146,0.803343,0.70718144,2014,1,0.71788518,0.64529215,0.64832624,0.64681068
"2014_01_TEN_KC",0.58749717,0.5855418,0.60059501,0.54610872,0.46729985,0.54479164,2014,1,0.600246,0.58746956,0.63834869,0.61321801
"2014_01_WAS_HOU",0.63401474,0.62734913,0.62535599,0.66056222,0.68293941,0.6543075,2014,1,0.6233496,0.52045873,0.59288062,0.5569724
"2014_01_CAR_TB",0.73039611,0.71678324,0.68126343,0.71316719,0.77780461,0.73711797,2014,1,0.67572961,0.38216294,0.48719733,0.43393853
"2014_01_SF_DAL",0.39841651,0.39458979,0.39503793,0.41022414,0.37800756,0.36462539,2014,1,0.40832074,0.38170311,0.46630857,0.42344479
"2014_01_IND_DEN",0.78290302,0.76769939,0.78350018,0.79514349,0.80722952,0.80674846,2014,1,0.77294229,0.63929798,0.76193412,0.70429096
"2014_01_NYG_DET",0.73755102,0.72104852,0.72153339,0.76324856,0.83850759,0.79749102,2014,1,0.71374046,0.52112096,0.65891735,0.59182228
"2014_01_SD_ARI",0.5963147,0.59953193,0.59140346,0.56346416,0.53263175,0.5766223,2014,1,0.59167926,0.5417416,0.55335644,0.5475555
"2014_02_PIT_BAL",0.60973345,0.619329,0.5854674,0.6196503,0.60295981,0.67158045,2014,2,0.58609272,0.48368877,0.43474316,0.45911737
"2014_02_ARI_NYG",0.54426356,0.55170884,0.51655081,0.56793338,0.55337542,0.52305094,2014,2,0.52179715,0.41538461,0.39329381,0.40429073
"2014_02_ATL_CIN",0.68654317,0.68740592,0.69729489,0.69845384,0.71184957,0.73683931,2014,2,0.69097875,0.67287464,0.69051457,0.68175977
"2014_02_DAL_TEN",0.59991543,0.59307861,0.61200609,0.59719986,0.5867691,0.59997866,2014,2,0.6108836,0.5828506,0.66734228,0.62605692
"2014_02_DET_CAR",0.48760968,0.5063123,0.51172271,0.54246902,0.52391124,0.52980638,2014,2,0.51729139,0.64017928,0.5714109,0.60632158
"2014_02_JAX_WAS",0.67683445,0.66515349,0.67638145,0.63403761,0.61655802,0.66567193,2014,2,0.67125539,0.5632028,0.6730244,0.61964305
"2014_02_MIA_BUF",0.50091098,0.49095328,0.51172271,0.5641076,0.48887539,0.50775543,2014,2,0.51729139,0.49303283,0.61428318,0.55446825
"2014_02_NE_MIN",0.36008818,0.36322376,0.37990623,0.43819314,0.39180249,0.41776344,2014,2,0.39360687,0.48255415,0.5351259,0.50886453
"2014_02_NO_CLE",0.31085531,0.31301455,0.31183138,0.26813346,0.26814592,0.24133621,2014,2,0.32874461,0.35456194,0.40885476,0.38133776
"2014_02_SEA_SD",0.30432642,0.31070435,0.30717543,0.27933666,0.26884273,0.29871551,2014,2,0.32427039,0.3748894,0.39798674,0.38637415
"2014_02_STL_TB",0.67190379,0.65743046,0.66039582,0.61714947,0.6352157,0.62072535,2014,2,0.65622182,0.49368321,0.62461189,0.56019432
"2014_02_HOU_OAK",0.38455939,0.39801467,0.3937584,0.37254283,0.36495575,0.50104832,2014,2,0.40669856,0.4879294,0.45619738,0.47203514
"2014_02_KC_DEN",0.89695262,0.89254146,0.89011504,0.90357453,0.83922291,0.90052957,2014,2,0.87858184,0.72933775,0.76763466,0.74897144
"2014_02_NYJ_GB",0.768753,0.76252103,0.74706103,0.75336111,0.79652524,0.73125855,2014,2,0.73823661,0.53369646,0.58949028,0.56178869
"2014_02_CHI_SF",0.72119789,0.72370466,0.74042443,0.73675805,0.73661059,0.8136717,2014,2,0.73190349,0.74674282,0.75038401,0.74856779
"2014_02_PHI_IND",0.59489877,0.60424423,0.57817458,0.56474811,0.50672585,0.5745217,2014,2,0.57928581,0.5066291,0.46569653,0.48613957
"2014_03_TB_ATL",0.74022287,0.7446823,0.72350213,0.73764688,0.80700552,0.74130607,2014,3,0.71710502,0.59221998,0.55617339,0.5742954
"2014_03_BAL_CLE",0.45484339,0.44028963,0.45362117,0.39144316,0.35714689,0.39358742,2014,3,0.46214743,0.39069023,0.54671433,0.46791814
"2014_03_DAL_STL",0.45119531,0.45506772,0.45906315,0.51368159,0.542229,0.46868539,2014,3,0.46728972,0.49384276,0.52379782,0.50882821
"2014_03_GB_DET",0.51422707,0.49980918,0.53392018,0.55998468,0.48559096,0.61369672,2014,3,0.53785257,0.52792094,0.67667749,0.60472026
"2014_03_HOU_NYG",0.52174806,0.5406417,0.51448585,0.58065301,0.54170847,0.58108532,2014,3,0.51955458,0.52968174,0.43739369,0.48339614
"2014_03_IND_JAX",0.27702939,0.27888282,0.27891329,0.27776954,0.32324469,0.25219259,2014,3,0.29493692,0.33157616,0.39075563,0.36063687
"2014_03_MIN_NO",0.83961851,0.82377871,0.8296682,0.84805381,0.86366242,0.87523914,2014,3,0.81991068,0.59577958,0.75680739,0.68169726
"2014_03_OAK_NE",0.88647025,0.88673018,0.88844094,0.90806144,0.87886941,0.90021889,2014,3,0.87858184,0.81821051,0.8044439,0.81142362
"2014_03_SD_BUF",0.55881166,0.55398165,0.5489568,0.56419659,0.5142895,0.56318541,2014,3,0.55200623,0.45987042,0.53051119,0.49516669
"2014_03_TEN_CIN",0.70361515,0.70582376,0.71463846,0.71965188,0.7475608,0.74888643,2014,3,0.70864099,0.69497802,0.70011466,0.69755252
"2014_03_WAS_PHI",0.64385551,0.65620497,0.66346058,0.66193032,0.65676916,0.65500086,2014,3,0.66000242,0.71737901,0.66716904,0.69284486
"2014_03_SF_ARI",0.38240533,0.38835892,0.40271387,0.39368588,0.34083307,0.39819179,2014,3,0.41390728,0.51145547,0.53937245,0.52543383
"2014_03_DEN_SEA",0.67533747,0.67689853,0.66226424,0.69620377,0.76391864,0.68052628,2014,3,0.6588694,0.55142316,0.55635318,0.55388949
"2014_03_KC_MIA",0.70909585,0.71150683,0.69609853,0.67693138,0.6995762,0.67268098,2014,3,0.69097875,0.58007812,0.57155151,0.57582046
"2014_03_PIT_CAR",0.62703507,0.63429614,0.64200793,0.58708096,0.53112227,0.58613506,2014,3,0.6397068,0.66753832,0.65149449,0.65956213
"2014_03_CHI_NYJ",0.51877909,0.50597963,0.52618089,0.56313902,0.52889454,0.54354039,2014,3,0.53056675,0.48120869,0.61842315,0.55078181
"2014_04_NYG_WAS",0.61867362,0.58630209,0.62097794,0.62345695,0.57168359,0.50606606,2014,4,0.62006711,0.46840133,0.70920324,0.59447041
"2014_04_BUF_HOU",0.55908804,0.54388566,0.55534258,0.51129711,0.48332244,0.53201162,2014,4,0.55860716,0.4542812,0.59263311,0.52391596
"2014_04_CAR_BAL",0.60966107,0.61957758,0.59413324,0.60508895,0.54371637,0.58179657,2014,4,0.59491107,0.5153421,0.47531848,0.4953228
"2014_04_DET_NYJ",0.54083667,0.54505317,0.52537475,0.65423667,0.68190593,0.68539375,2014,4,0.53056675,0.44798384,0.45767621,0.45282556
"2014_04_GB_CHI",0.42206124,0.43669094,0.45240375,0.37461472,0.36227942,0.31124553,2014,4,0.46214743,0.62165338,0.5921905,0.6070193
"2014_04_MIA_OAK",0.35032342,0.35500406,0.34485059,0.28919449,0.26951769,0.16458778,2014,4,0.3602932,0.36114842,0.39073397,0.37582537
"2014_04_TB_PIT",0.75425527,0.75628755,0.76520927,0.70771021,0.75041497,0.69621433,2014,4,0.75662446,0.74158086,0.74069859,0.74113997
"2014_04_TEN_IND",0.76559092,0.7661102,0.75734609,0.79496413,0.84706837,0.81563563,2014,4,0.74908094,0.63562338,0.63752474,0.63657459
"2014_04_JAX_SD",0.81763393,0.82021857,0.83659993,0.82270628,0.76789612,0.81436661,2014,4,0.82599384,0.84581886,0.83618088,0.84105911
"2014_04_ATL_MIN",0.27726072,0.29169335,0.30179035,0.31090063,0.30782521,0.25491381,2014,4,0.31892548,0.51322685,0.48395316,0.4985888
"2014_04_PHI_SF",0.66925962,0.66643111,0.66227556,0.7268132,0.77572775,0.67430112,2014,4,0.6588694,0.55755232,0.60025538,0.57905169
"2014_04_NO_DAL",0.41602409,0.43626944,0.42241814,0.53799212,0.53523082,0.67446524,2014,4,0.43391067,0.51985184,0.44471076,0.48218056
"2014_04_NE_KC",0.42170027,0.41301998,0.42241814,0.3320725,0.31831637,0.39803693,2014,4,0.43391067,0.39984969,0.51463728,0.45666828
"2014_05_MIN_GB",0.80397583,0.7931592,0.78975242,0.78914058,0.81227511,0.76409435,2014,5,0.78108581,0.57164336,0.6668341,0.62039613
"2014_05_ATL_NYG",0.64779607,0.64781376,0.64905674,0.61581397,0.61635345,0.68102753,2014,5,0.64633913,0.59517406,0.62288999,0.60912003
"2014_05_BAL_IND",0.55868989,0.5414601,0.56606517,0.53635478,0.49301282,0.55392685,2014,5,0.56792132,0.50928964,0.64793873,0.58019571
"2014_05_BUF_DET",0.66754221,0.66185688,0.67531593,0.67920202,0.70226079,0.76236327,2014,5,0.67125539,0.62801444,0.68645562,0.6578335
"2014_05_CHI_CAR",0.49927667,0.49805962,0.52185489,0.61933869,0.55500716,0.68145264,2014,5,0.52622156,0.58962374,0.64353612,0.61693942
"2014_05_CLE_TEN",0.45844548,0.48261209,0.46865621,0.49153009,0.46334115,0.57788204,2014,5,0.47598061,0.57305035,0.48446737,0.52898708
"2014_05_HOU_DAL",0.68294172,0.69484016,0.68976852,0.79768193,0.7989853,0.83693033,2014,5,0.68500235,0.68868708,0.63863492,0.66412165
"2014_05_PIT_JAX",0.32302633,0.32479061,0.30525805,0.2489011,0.24154289,0.31324014,2014,5,0.31992244,0.26822132,0.3132224,0.2902065
"2014_05_STL_PHI",0.64425043,0.66056412,0.64776243,0.57272089,0.55007178,0.61356943,2014,5,0.64511278,0.65363668,0.58239776,0.61865512
"2014_05_TB_NO",0.83801748,0.82510722,0.83559197,0.8829422,0.87318319,0.89501435,2014,5,0.82599384,0.67637035,0.78075274,0.73176573
"2014_05_ARI_DEN",0.77978733,0.76684785,0.767004,0.75444174,0.78661746,0.69306006,2014,5,0.75903614,0.55966031,0.66883809,0.61570538
"2014_05_KC_SF",0.65282854,0.65447549,0.65579055,0.67667174,0.70394683,0.67178861,2014,5,0.65272188,0.61318491,0.63023161,0.62174587
"2014_05_NYJ_SD",0.71287167,0.72106773,0.73248952,0.69264233,0.70343125,0.64021526,2014,5,0.72581552,0.76618528,0.73932333,0.75299961
"2014_05_CIN_NE",0.44308242,0.46047673,0.4390986,0.5284884,0.53381616,0.50065486,2014,5,0.44799377,0.4703325,0.42124052,0.44565397
"2014_05_SEA_WAS",0.26779711,0.25382645,0.25518381,0.18223165,0.2238109,0.09535574,2014,5,0.27110501,0.20692878,0.35009802,0.27267886
"2014_06_IND_HOU",0.46153322,0.45270555,0.45044306,0.365224,0.39244825,0.39838361,2014,6,0.45801527,0.36826594,0.46782215,0.41720048
"2014_06_BAL_TB",0.36480615,0.35247743,0.3639765,0.30677679,0.30449346,0.25473576,2014,6,0.3766504,0.34249341,0.4789015,0.40894624
"2014_06_CAR_CIN",0.76313674,0.75492473,0.75449699,0.83768654,0.86460847,0.84625759,2014,6,0.74377745,0.58819302,0.66105609,0.6253343
"2014_06_DEN_NYJ",0.19594981,0.19899946,0.19363441,0.24399345,0.36475599,0.21306756,2014,6,0.21170914,0.24868576,0.29570453,0.27155734
"2014_06_DET_MIN",0.52324165,0.53367142,0.51387335,0.55590743,0.55762357,0.57349365,2014,6,0.51729139,0.47553483,0.45749812,0.46650553
"2014_06_GB_MIA",0.47170148,0.46582633,0.47202091,0.34747085,0.33908042,0.42001645,2014,6,0.47820285,0.44394233,0.5288106,0.48627756
"2014_06_JAX_TEN",0.64012659,0.6331222,0.66516262,0.59446108,0.56108123,0.57924476,2014,6,0.6588694,0.69791046,0.75931801,0.72971079
"2014_06_NE_BUF",0.53441725,0.51703958,0.52344214,0.59872627,0.62971389,0.56098831,2014,6,0.52622156,0.39419806,0.53690743,0.46483305
"2014_06_PIT_CLE",0.55146767,0.53332922,0.53590594,0.64943117,0.67222226,0.58734764,2014,6,0.53785257,0.37925644,0.52368145,0.45042483
"2014_06_SD_OAK",0.24698658,0.24439035,0.22809515,0.21521382,0.28825662,0.24824824,2014,6,0.24583752,0.18530626,0.25130512,0.21649109
"2014_06_CHI_ATL",0.65229442,0.63844508,0.64479656,0.77596027,0.78768921,0.78638524,2014,6,0.6397068,0.5014315,0.61619881,0.5596115
"2014_06_DAL_SEA",0.81630757,0.81143094,0.81115674,0.84977883,0.87543452,0.84201156,2014,6,0.79871912,0.66673994,0.70978056,0.68866764
"2014_06_WAS_ARI",0.66925247,0.69959632,0.68762939,0.74987572,0.73924071,0.7021318,2014,6,0.68007756,0.78384178,0.64045148,0.71763497
"2014_06_NYG_PHI",0.51057225,0.52578076,0.52344214,0.51442993,0.51614529,0.52052725,2014,6,0.52622156,0.60037457,0.55921276,0.57993264
"2014_06_SF_STL",0.34906494,0.33655635,0.34942147,0.36415091,0.31772164,0.34519302,2014,6,0.36284836,0.3366261,0.47732272,0.40502546
"2014_07_NYJ_NE",0.81796556,0.81992265,0.82541304,0.81182384,0.80152512,0.80511319,2014,7,0.81337481,0.80210018,0.79330953,0.7977405
"2014_07_ATL_BAL",0.73419651,0.74647967,0.74067151,0.79880035,0.82660723,0.76370678,2014,7,0.73190349,0.74207573,0.68952796,0.71653721
"2014_07_CAR_GB",0.73423088,0.72433525,0.72749713,0.74335349,0.78550422,0.72584416,2014,7,0.71943296,0.56139501,0.64290765,0.60286478
"2014_07_CIN_IND",0.62819502,0.62317906,0.62781356,0.67674434,0.67928678,0.70060548,2014,7,0.62610059,0.55625678,0.61445716,0.58565585
"2014_07_CLE_JAX",0.33759423,0.3470585,0.32905664,0.38494277,0.39856917,0.3945675,2014,7,0.34727812,0.32526325,0.3365991,0.33090664
"2014_07_MIA_CHI",0.61616652,0.61805566,0.61979954,0.59735233,0.55118531,0.60307114,2014,7,0.61865117,0.59768937,0.61935169,0.608574
"2014_07_MIN_BUF",0.74515489,0.73234039,0.74067151,0.77917016,0.81933665,0.75513973,2014,7,0.73190349,0.58099211,0.67772831,0.63067169
"2014_07_NO_DET",0.51941649,0.52761765,0.52480805,0.47674805,0.39215338,0.52355425,2014,7,0.53056675,0.55744556,0.5585744,0.55801006
"2014_07_SEA_STL",0.24276488,0.2367369,0.24346973,0.29847059,0.34814483,0.28396266,2014,7,0.26462805,0.28415496,0.39049997,0.33524041
"2014_07_TEN_WAS",0.71696561,0.70009113,0.70148023,0.71830332,0.76130342,0.61722357,2014,7,0.69491823,0.44837744,0.57790746,0.51336688
"2014_07_KC_SD",0.57600199,0.58818028,0.59074388,0.60775214,0.5200904,0.64651198,2014,7,0.59167926,0.67549297,0.64943978,0.66258978
"2014_07_ARI_OAK",0.3665241,0.34334735,0.34954141,0.36692107,0.35404131,0.37311784,2014,7,0.36674817,0.21749896,0.3777801,0.29118387
"2014_07_NYG_DAL",0.67779855,0.68082883,0.68566342,0.72141302,0.70652962,0.69717773,2014,7,0.68007756,0.6812202,0.68705319,0.68414394
"2014_07_SF_DEN",0.74417279,0.72880924,0.74067151,0.71103817,0.71470678,0.68623224,2014,7,0.73190349,0.58172659,0.69243466,0.63892371
"2014_07_HOU_PIT",0.59601772,0.6079643,0.6033151,0.51979125,0.48558146,0.55033249,2014,7,0.60334282,0.6362472,0.60847295,0.62246056
"2014_08_SD_DEN",0.80511607,0.79917401,0.79983694,0.77612478,0.76697838,0.76931959,2014,8,0.78681128,0.64069886,0.69307266,0.66740272
"2014_08_DET_ATL",0.38989984,0.40019015,0.37252328,0.43722621,0.45492828,0.45880284,2014,8,0.38565919,0.30801064,0.31453014,0.31126104
"2014_08_BAL_CIN",0.3967369,0.40695075,0.40259737,0.45472902,0.44250602,0.43799982,2014,8,0.41390728,0.47697956,0.47885716,0.47791828
"2014_08_BUF_NYJ",0.59014745,0.58144348,0.5784343,0.66252351,0.65036225,0.68705996,2014,8,0.57754979,0.43452186,0.52073782,0.47746197
"2014_08_CHI_NE",0.66768192,0.67655492,0.68352727,0.71886522,0.68247199,0.68122017,2014,8,0.67572961,0.73629507,0.71360991,0.72509775
"2014_08_HOU_TEN",0.33876917,0.35000523,0.35860823,0.32791829,0.27130359,0.34416219,2014,8,0.37253858,0.54979593,0.54543023,0.547614
"2014_08_MIA_JAX",0.23377106,0.24015755,0.23733717,0.23456219,0.30601767,0.2506008,2014,8,0.25622255,0.33565932,0.36516982,0.35027134
"2014_08_MIN_TB",0.51455431,0.4965307,0.51840446,0.40039518,0.329427,0.44017078,2014,8,0.52179715,0.47019006,0.60688019,0.53927338
"2014_08_SEA_CAR",0.28767434,0.29855189,0.29380964,0.26017955,0.27415806,0.27126183,2014,8,0.31089978,0.40845127,0.41025173,0.4093512
"2014_08_STL_KC",0.76266522,0.75777142,0.76345916,0.7360965,0.77755314,0.76160446,2014,8,0.75164854,0.66777222,0.71050479,0.68954256
"2014_08_PHI_ARI",0.48851622,0.49989302,0.49493634,0.48216549,0.45417142,0.4963888,2014,8,0.5,0.54650206,0.53428502,0.54039961
"2014_08_IND_PIT",0.2998012,0.30193946,0.30777542,0.25785026,0.25632271,0.29680613,2014,8,0.32427039,0.40544742,0.45924296,0.43214514
"2014_08_OAK_CLE",0.71463814,0.70982484,0.72205187,0.68874282,0.66908276,0.71901461,2014,8,0.71212946,0.68170204,0.72383547,0.70320066
"2014_08_GB_NO",0.54172007,0.5317416,0.5379317,0.54588401,0.56764054,0.58840342,2014,8,0.5399277,0.45558881,0.55091238,0.5032804
"2014_08_WAS_DAL",0.79547129,0.8082529,0.80504622,0.84575385,0.84620059,0.81918833,2014,8,0.79188754,0.81855156,0.75295395,0.78759632
"2014_09_NO_CAR",0.38125774,0.39772675,0.38448804,0.39861739,0.37321565,0.38172529,2014,9,0.39665718,0.46832501,0.43386469,0.45103615
"2014_09_ARI_DAL",0.52561462,0.52572828,0.5280084,0.51624864,0.48491296,0.49740624,2014,9,0.53056675,0.51650894,0.55921102,0.53792954
"2014_09_JAX_CIN",0.80772082,0.81706684,0.8152663,0.83237207,0.81954008,0.83213112,2014,9,0.80196619,0.81344864,0.76106024,0.78843849
"2014_09_NYJ_KC",0.79970244,0.79854125,0.80852047,0.76193315,0.74589843,0.78139749,2014,9,0.79536153,0.78613998,0.79651912,0.79137707
"2014_09_PHI_HOU",0.47775538,0.45045398,0.47410816,0.40509319,0.37727523,0.43669856,2014,9,0.48044542,0.36470877,0.56050222,0.46110575
"2014_09_SD_MIA",0.58712602,0.58032331,0.57666454,0.62790447,0.62461215,0.57575876,2014,9,0.57579972,0.43977896,0.51739742,0.47845817
"2014_09_TB_CLE",0.75469735,0.7435251,0.75520343,0.72239137,0.76027638,0.72710427,2014,9,0.74377745,0.6379114,0.72193979,0.68139873
"2014_09_WAS_MIN",0.4650754,0.48675624,0.47766165,0.52864206,0.4683629,0.49355608,2014,9,0.48375319,0.60987093,0.54120875,0.5759061
"2014_09_STL_SF",0.83401445,0.83392102,0.83480572,0.85879505,0.84162402,0.84676925,2014,9,0.82121573,0.74898398,0.75157105,0.75027975
"2014_09_DEN_NE",0.40184171,0.42339578,0.40040232,0.54622436,0.50240809,0.44117944,2014,9,0.41160329,0.45899005,0.3975844,0.42801005
"2014_09_OAK_SEA",0.87206477,0.87648404,0.88114695,0.91371328,0.83422345,0.88627809,2014,9,0.86772487,0.88308182,0.85343392,0.86896833
"2014_09_BAL_PIT",0.54378235,0.53389363,0.54682019,0.43983755,0.42077389,0.51751992,2014,9,0.54804948,0.50705807,0.60120264,0.55462026
"2014_09_IND_NYG",0.4020451,0.39447917,0.40465235,0.44484246,0.40000466,0.40722205,2014,9,0.41558875,0.41052216,0.50964245,0.45968364
"2014_10_CLE_CIN",0.7032971,0.72056691,0.70607676,0.70479327,0.75850481,0.71129744,2014,10,0.6969697,0.70016402,0.62641423,0.66429012
"2014_10_ATL_TB",0.36389098,0.36796421,0.37298795,0.35723126,0.30558667,0.37477316,2014,10,0.38565919,0.4763053,0.5111587,0.49372437
"2014_10_DAL_JAX",0.24297656,0.24319172,0.23243426,0.17657396,0.22258341,0.21567391,2014,10,0.25091906,0.20308442,0.26096839,0.23075833
"2014_10_KC_BUF",0.55509968,0.54750626,0.5469398,0.62402302,0.64204127,0.59191971,2014,10,0.54804948,0.42987459,0.51238785,0.47093265
"2014_10_MIA_DET",0.57696518,0.57119597,0.57864963,0.56887841,0.48489502,0.57027636,2014,10,0.57754979,0.53412918,0.60005146,0.56738857
"2014_10_PIT_NYJ",0.33373765,0.33106422,0.3212444,0.38087547,0.43800253,0.38381886,2014,10,0.33664221,0.25421058,0.32491695,0.28827572
"2014_10_SF_NO",0.70679655,0.68897378,0.70486799,0.70554662,0.7452805,0.71976738,2014,10,0.69582547,0.56101147,0.68283324,0.62387899
"2014_10_TEN_BAL",0.83030839,0.84258734,0.82685373,0.84557849,0.8483302,0.83259325,2014,10,0.81337481,0.74058301,0.65275128,0.69848163
"2014_10_DEN_OAK",0.14307559,0.14065135,0.13582585,0.12922393,0.25315088,0.14376461,2014,10,0.15397249,0.13053041,0.19858541,0.1616885
"2014_10_NYG_SEA",0.80737022,0.80606951,0.81194233,0.82363451,0.83058953,0.81840607,2014,10,0.79871912,0.76025883,0.7718552,0.76610694
"2014_10_STL_ARI",0.73291712,0.74122471,0.74281346,0.70328504,0.70094633,0.71261149,2014,10,0.73190349,0.76287288,0.73334058,0.74839425
"2014_10_CHI_GB",0.78534413,0.77789337,0.78547843,0.79029757,0.81998402,0.77149623,2014,10,0.77294229,0.67376563,0.72987183,0.70258111
"2014_10_CAR_PHI",0.7635216,0.76955197,0.76341502,0.79056418,0.79842353,0.73399671,2014,10,0.75164854,0.69412062,0.67149565,0.68291623
"2014_11_BUF_MIA",0.64672883,0.6457369,0.65081615,0.59414065,0.55965829,0.62228533,2014,11,0.64511278,0.61960843,0.65098518,0.63544069
"2014_11_ATL_CAR",0.4073854,0.42941992,0.42142623,0.40204069,0.42240059,0.39524776,2014,11,0.43207868,0.59400138,0.53262564,0.56355684
"2014_11_CIN_NO",0.78840081,0.77161874,0.78573053,0.79142815,0.84059691,0.80807351,2014,11,0.77294229,0.61366309,0.73140879,0.67530082
"2014_11_DEN_STL",0.22542264,0.23999736,0.21817154,0.25986424,0.33084717,0.2334253,2014,11,0.23815755,0.24907479,0.2368964,0.24293377
"2014_11_HOU_CLE",0.67079723,0.67892392,0.67150146,0.62727785,0.65646386,0.65542176,2014,11,0.66446191,0.63130561,0.61427291,0.62282718
"2014_11_MIN_CHI",0.55206032,0.56340416,0.54635034,0.50303316,0.45806387,0.53569648,2014,11,0.54804948,0.49545802,0.48272363,0.48908905
"2014_11_SEA_KC",0.47019522,0.47187243,0.47099732,0.4089334,0.3582916,0.44750059,2014,11,0.47820285,0.47045551,0.51143016,0.4909276
"2014_11_SF_NYG",0.34594703,0.33801846,0.34495161,0.44113374,0.42777485,0.41784089,2014,11,0.3602932,0.34306514,0.4450698,0.39290012
"2014_11_TB_WAS",0.74397893,0.73781226,0.74294109,0.70654202,0.73361069,0.7208047,2014,11,0.73190349,0.63210719,0.68503374,0.65906605
"2014_11_OAK_SD",0.81591652,0.81568756,0.82720055,0.81450135,0.74723929,0.81871182,2014,11,0.81337481,0.8351333,0.83508481,0.83510905
"2014_11_DET_ARI",0.4551893,0.48386934,0.47099732,0.45910999,0.46820113,0.44648205,2014,11,0.47820285,0.65181581,0.55786471,0.60581767
"2014_11_PHI_GB",0.65998179,0.63075613,0.65729113,0.63800359,0.65107125,0.63977869,2014,11,0.65116279,0.49169966,0.67255008,0.58498427
"2014_11_NE_IND",0.61086291,0.59276646,0.6026337,0.63478106,0.56212157,0.62851763,2014,11,0.600246,0.43855889,0.56997509,0.50434198
"2014_11_PIT_TEN",0.24262442,0.24604766,0.24361748,0.29137385,0.40892041,0.29931149,2014,11,0.26311038,0.31356285,0.36076558,0.33675722
"2014_12_KC_OAK",0.24840694,0.24102595,0.23417601,0.23706593,0.34645769,0.27028199,2014,12,0.25091906,0.15643212,0.24009683,0.19488375
"2014_12_CIN_HOU",0.58712812,0.54166477,0.58470685,0.53352034,0.44386077,0.52872286,2014,12,0.58441125,0.41809134,0.65457563,0.53849863
"2014_12_CLE_ATL",0.5803659,0.58309435,0.57740394,0.57415533,0.53659034,0.59950028,2014,12,0.57754979,0.51489755,0.54315416,0.52904913
"2014_12_DET_NE",0.74371056,0.75899606,0.74703345,0.79131031,0.82781523,0.76587204,2014,12,0.73823661,0.73473029,0.67370841,0.70513698
"2014_12_GB_MIN",0.23076579,0.25002951,0.22902009,0.28911477,0.38656333,0.29272104,2014,12,0.24583752,0.3123199,0.28056527,0.29619619
"2014_12_JAX_IND",0.86282157,0.87479805,0.86531274,0.87960351,0.85542464,0.87383026,2014,12,0.85409447,0.83895207,0.76414804,0.80423938
"2014_12_TB_CHI",0.65895024,0.69172625,0.65721863,0.63419276,0.69933736,0.65634159,2014,12,0.65272188,0.65500867,0.52775431,0.59293945
"2014_12_TEN_PHI",0.8482559,0.86100694,0.84797042,0.86942708,0.8311736,0.81785088,2014,12,0.83675373,0.79238838,0.71224837,0.75451805
"2014_12_ARI_SEA",0.78456066,0.76403798,0.77391259,0.82288069,0.86929059,0.80526878,2014,12,0.76415094,0.49681403,0.64836151,0.5743326
"2014_12_STL_SD",0.64184546,0.62927449,0.6491655,0.68483543,0.65430802,0.73668113,2014,12,0.64511278,0.62667767,0.70192347,0.66535091
"2014_12_MIA_DEN",0.73101204,0.72267606,0.73079142,0.74628276,0.77428502,0.74314928,2014,12,0.72266244,0.62807309,0.68897497,0.65918072
"2014_12_WAS_SF",0.79186865,0.81475668,0.79876179,0.80580443,0.83907342,0.8102851,2014,12,0.78829086,0.82980181,0.72435656,0.78163151
"2014_12_DAL_NYG",0.33926078,0.35699896,0.33350077,0.39442605,0.4213587,0.37296934,2014,12,0.34727812,0.34935885,0.33323219,0.34124961
"2014_12_NYJ_BUF",0.56934213,0.58319231,0.5736627,0.59569037,0.52603221,0.59470334,2014,12,0.57403544,0.6012444,0.57542875,0.58839739
"2014_12_BAL_NO",0.558054,0.55538018,0.55723343,0.51267707,0.4490405,0.53084062,2014,12,0.55860716,0.50772711,0.56036053,0.53413884
"2014_13_CHI_DET",0.7610899,0.74975217,0.75998492,0.75730789,0.79676348,0.75156626,2014,13,0.74908094,0.63479021,0.70720682,0.67202092
"2014_13_PHI_DAL",0.59959678,0.5796626,0.60256101,0.57062757,0.4743813,0.63178023,2014,13,0.600246,0.53656384,0.64969569,0.59438176
"2014_13_SEA_SF",0.51973278,0.52571723,0.51609586,0.50568044,0.49146944,0.53071659,2014,13,0.51955458,0.47331323,0.4959268,0.48461214
"2014_13_CAR_MIN",0.57754568,0.58642995,0.57450255,0.55656105,0.49724084,0.56809459,2014,13,0.57403544,0.52546295,0.52914859,0.52730614
"2014_13_CIN_TB",0.2968934,0.25030322,0.29902234,0.22427216,0.20527747,0.29847324,2014,13,0.31499765,0.25457855,0.53636299,0.38596256
"2014_13_CLE_BUF",0.61986245,0.6165087,0.62222985,0.67107046,0.63426715,0.64543188,2014,13,0.61865117,0.58060886,0.62498463,0.60300856
"2014_13_NO_PIT",0.63141735,0.61616614,0.63780649,0.59337962,0.56252384,0.62101625,2014,13,0.63325183,0.60203989,0.68721713,0.64578361
"2014_13_NYG_JAX",0.40299039,0.39473257,0.4007373,0.32309982,0.31051156,0.36987978,2014,13,0.41160329,0.37496666,0.46502306,0.41932322
"2014_13_OAK_STL",0.73153396,0.75863684,0.73570513,0.83358055,0.84726232,0.79914086,2014,13,0.72581552,0.75205343,0.64375976,0.70070498
"2014_13_SD_BAL",0.74398873,0.74322044,0.73570513,0.78012222,0.82247221,0.75535705,2014,13,0.72581552,0.5674867,0.60055068,0.58411332
"2014_13_TEN_HOU",0.72863182,0.71930852,0.73240232,0.62846285,0.65285021,0.68845113,2014,13,0.72266244,0.66619543,0.72179417,0.69470379
"2014_13_WAS_IND",0.78218826,0.80627334,0.78897825,0.78223842,0.80952913,0.78489143,2014,13,0.77709035,0.81525284,0.71169674,0.767469
"2014_13_ARI_ATL",0.48322142,0.44842506,0.46705783,0.49795979,0.50339961,0.46921517,2014,13,0.47377844,0.26898631,0.45566958,0.35691481
"2014_13_NE_GB",0.61005408,0.57149871,0.60256101,0.59934431,0.50092417,0.59716206,2014,13,0.600246,0.40694545,0.60976861,0.50871567
"2014_13_DEN_KC",0.51086204,0.52611346,0.50510096,0.57237393,0.59116524,0.56928011,2014,13,0.50929843,0.46694416,0.45439617,0.46066393
"2014_13_MIA_NYJ",0.2482215,0.25179511,0.2469931,0.31698954,0.38589796,0.29267131,2014,13,0.26462805,0.29357744,0.34066293,0.31665073
"2014_14_DAL_CHI",0.34777154,0.35402735,0.3497288,0.35043296,0.35128781,0.39755341,2014,14,0.36413926,0.4037281,0.43444387,0.41900751
"2014_14_BAL_MIA",0.60831726,0.60475112,0.60577501,0.55418545,0.54565215,0.57256325,2014,14,0.60334282,0.52601619,0.578758,0.55253486
"2014_14_CAR_NO",0.79386343,0.79069046,0.79345189,0.81654859,0.8427766,0.8051336,2014,14,0.78108581,0.6909051,0.71890444,0.70509805
"2014_14_HOU_JAX",0.27036373,0.29145204,0.2667045,0.24929281,0.31123325,0.27061847,2014,14,0.28466609,0.32619277,0.29798478,0.31191447
"2014_14_IND_CLE",0.40114568,0.38642629,0.3965723,0.3819885,0.37562743,0.40645391,2014,14,0.40832074,0.34147516,0.46014335,0.39933267
"2014_14_NYG_TEN",0.41040983,0.39799348,0.4153795,0.40550965,0.37229612,0.37947277,2014,14,0.42596456,0.43491973,0.53842297,0.48652691
"2014_14_NYJ_MIN",0.67097263,0.6851396,0.67605421,0.71586978,0.72042263,0.69424678,2014,14,0.66912912,0.68059468,0.64172881,0.66143392
"2014_14_PIT_CIN",0.56782223,0.60363503,0.56774121,0.63448822,0.61147726,0.60360893,2014,14,0.56792132,0.60185503,0.49050423,0.54676452
"2014_14_STL_WAS",0.43767126,0.40503371,0.43186299,0.37488237,0.35602716,0.40020094,2014,14,0.44139284,0.32287112,0.51105234,0.41381997
"2014_14_TB_DET",0.81804812,0.83072783,0.82085892,0.81483245,0.79061085,0.81011767,2014,14,0.80784522,0.78960769,0.72729552,0.75983101
"2014_14_BUF_DEN",0.78941071,0.78161864,0.79345189,0.77591646,0.78632116,0.79443202,2014,14,0.78108581,0.72440427,0.76690231,0.74623997
"2014_14_KC_ARI",0.39442251,0.41011985,0.41162953,0.36747304,0.34063965,0.4025104,2014,14,0.42245021,0.59396845,0.5680715,0.58107582
"2014_14_SEA_PHI",0.45552594,0.46428808,0.45408381,0.40759999,0.40067542,0.34029828,2014,14,0.46214743,0.45411709,0.46966823,0.46188339
"2014_14_SF_OAK",0.22368523,0.2160226,0.21612131,0.18592612,0.25562811,0.2019388,2014,14,0.23519829,0.19255356,0.28881867,0.23734058
"2014_14_NE_SD",0.32160988,0.31308134,0.32550679,0.30584246,0.28643394,0.31524488,2014,14,0.3411306,0.3705159,0.46895865,0.41893064
"2014_14_ATL_GB",0.87137109,0.86479753,0.87176612,0.87989348,0.83292383,0.87032731,2014,14,0.85853077,0.76407647,0.80319035,0.78427537
"2014_15_ARI_STL",0.7222018,0.7006459,0.70855514,0.72242796,0.74693465,0.72143872,2014,15,0.7013921,0.42543797,0.57391852,0.49967099
"2014_15_CIN_CLE",0.56988476,0.52936787,0.56553152,0.54741055,0.48450691,0.5513148,2014,15,0.56792132,0.40256721,0.61272481,0.5079994
"2014_15_GB_BUF",0.3713245,0.37014306,0.36710121,0.37359333,0.35010675,0.38831563,2014,15,0.38277512,0.34601763,0.41099226,0.37795723
"2014_15_HOU_IND",0.75177018,0.77939665,0.74747305,0.74789399,0.78340256,0.75353675,2014,15,0.73823661,0.68774977,0.56287876,0.62743696
"2014_15_JAX_BAL",0.87400701,0.87693613,0.88012124,0.88383418,0.81931716,0.8751546,2014,15,0.86772487,0.87145053,0.85004225,0.86109192
"2014_15_MIA_NE",0.79620269,0.80414552,0.79965673,0.80434555,0.79792029,0.79691873,2014,15,0.78829086,0.76872942,0.73551718,0.75249697
"2014_15_OAK_KC",0.82057801,0.81923053,0.82542808,0.80641168,0.77244979,0.81179083,2014,15,0.81337481,0.78754922,0.79358673,0.79058397
"2014_15_PIT_ATL",0.40471093,0.40854612,0.40015112,0.4191052,0.43180221,0.42262848,2014,15,0.41390728,0.37682047,0.4192291,0.39783305
"2014_15_TB_CAR",0.62410712,0.63647002,0.63580869,0.60274947,0.55276376,0.54887388,2014,15,0.63325183,0.71098462,0.6814259,0.69640814
"2014_15_WAS_NYG",0.73887163,0.74998192,0.74081023,0.76663071,0.78453583,0.76193566,2014,15,0.73190349,0.70643807,0.66990881,0.6884665
"2014_15_DEN_SD",0.34379111,0.35066146,0.34337122,0.35957265,0.40011311,0.37633748,2014,15,0.3602932,0.38164826,0.41139467,0.39642571
"2014_15_NYJ_TEN",0.33699746,0.33344472,0.34879171,0.33686474,0.29434571,0.28738881,2014,15,0.36543917,0.48746414,0.55211734,0.51987395
"2014_15_MIN_DET",0.76799674,0.75596241,0.76926633,0.78367579,0.80607051,0.78048553,2014,15,0.75903614,0.66825722,0.73766725,0.70414111
"2014_15_SF_SEA",0.79949165,0.79948882,0.80336935,0.81831497,0.80920964,0.80603954,2014,15,0.79188754,0.75813541,0.76214859,0.76014775
"2014_15_DAL_PHI",0.60144301,0.62569258,0.59971705,0.56212419,0.49332878,0.50514478,2014,15,0.59966613,0.5874751,0.52052213,0.55424466
"2014_15_NO_CHI",0.35347194,0.36061639,0.36062422,0.34635738,0.29797167,0.36081174,2014,15,0.3766504,0.4709178,0.49106389,0.48098312
"2014_16_TEN_JAX",0.65544358,0.67183368,0.64996651,0.6441412,0.65300387,0.61986749,2014,16,0.64633913,0.54241285,0.51231032,0.52738648
"2014_16_PHI_WAS",0.23642972,0.20720523,0.23491431,0.23259543,0.26649055,0.24686722,2014,16,0.25896228,0.20988836,0.41143883,0.30115382
"2014_16_SD_SF",0.54301867,0.5505369,0.54306087,0.51914763,0.44700953,0.49800186,2014,16,0.54804948,0.52817922,0.54016327,0.53417618
"2014_16_ATL_NO",0.68847528,0.68573713,0.6895914,0.67918974,0.69681215,0.68752936,2014,16,0.68305033,0.62925882,0.66309754,0.64636146
"2014_16_BAL_HOU",0.28228287,0.26538541,0.28650252,0.28946742,0.28692558,0.21724107,2014,16,0.30902125,0.35972767,0.49705113,0.42698305
"2014_16_CLE_CAR",0.69201398,0.69103152,0.6927303,0.70593005,0.74157095,0.71528029,2014,16,0.68596957,0.62940019,0.65651966,0.64307452
"2014_16_DET_CHI",0.18909905,0.19752126,0.19070419,0.20416637,0.297189,0.20523653,2014,16,0.21506283,0.30689234,0.32676524,0.31674519
"2014_16_GB_TB",0.13410512,0.12603811,0.13451759,0.13567857,0.23860681,0.14406733,2014,16,0.15746333,0.19162855,0.30801975,0.24519083
"2014_16_KC_PIT",0.54809144,0.53930106,0.5545672,0.51029074,0.38439459,0.49724789,2014,16,0.55860716,0.59238928,0.65243969,0.62288599
"2014_16_MIN_MIA",0.68341979,0.694374,0.68171131,0.66786247,0.70081025,0.66292629,2014,16,0.67572961,0.61024217,0.59231247,0.60131128
"2014_16_NE_NYJ",0.18276606,0.16664577,0.17705611,0.1915601,0.34066007,0.19284973,2014,16,0.20128088,0.13306585,0.25994668,0.18843944
"2014_16_NYG_STL",0.73807563,0.73721258,0.73535092,0.74054706,0.79682714,0.74543379,2014,16,0.72581552,0.60706343,0.63692106,0.622108
"2014_16_BUF_OAK",0.25306477,0.2542741,0.25048021,0.25115439,0.29724133,0.27304085,2014,16,0.27418448,0.26931565,0.32880656,0.29820868
"2014_16_IND_DAL",0.62857877,0.62229985,0.62653593,0.62308055,0.62286639,0.62449507,2014,16,0.62473002,0.52918565,0.59136128,0.56051085
"2014_16_SEA_ARI",0.19317161,0.20822266,0.19852676,0.19656655,0.27046195,0.13500395,2014,16,0.22290965,0.40626742,0.38065928,0.39339011
"2014_16_DEN_CIN",0.34278068,0.36092983,0.34038706,0.3738111,0.37664753,0.35966644,2014,16,0.3602932,0.37418426,0.36338473,0.36876806
"2014_17_BUF_NE",0.66304464,0.68554544,0.67458873,0.6732145,0.66030276,0.70303266,2014,17,0.66912912,0.79286645,0.72037069,0.75846753
"2014_17_CHI_MIN",0.74077276,0.73191902,0.74083753,0.73435068,0.78178525,0.76280554,2014,17,0.73190349,0.63874491,0.6986196,0.66936777
"2014_17_CLE_BAL",0.90114152,0.90630769,0.8981674,0.88972837,0.84432161,0.91354353,2014,17,0.88659794,0.75732003,0.71263323,0.73558085
"2014_17_DAL_WAS",0.29670099,0.2863179,0.2855575,0.30249274,0.36358732,0.29296252,2014,17,0.3030303,0.17622092,0.27417934,0.22134556
"2014_17_IND_TEN",0.24020581,0.20227718,0.23751729,0.25206253,0.31361139,0.27627024,2014,17,0.25622255,0.17472619,0.424057,0.28306311
"2014_17_JAX_HOU",0.78643652,0.7863548,0.7919958,0.77893472,0.74608314,0.70508215,2014,17,0.78108581,0.78667112,0.78718458,0.78692796
"2014_17_NO_TB",0.29010549,0.28664549,0.29176027,0.30395719,0.27010116,0.25718371,2014,17,0.30902125,0.34817084,0.42657435,0.38663824
"2014_17_NYJ_MIA",0.74965093,0.76030035,0.75325903,0.74412936,0.77037746,0.76160498,2014,17,0.74377745,0.74727486,0.70840165,0.72827382
"2014_17_PHI_NYG",0.49363925,0.48658739,0.49371667,0.50462765,0.4659293,0.51122707,2014,17,0.5,0.46290062,0.53898462,0.50094811
"2014_17_SD_KC",0.58908637,0.58526975,0.58844141,0.57507181,0.45920631,0.45979203,2014,17,0.58839671,0.52658243,0.58070426,0.55380278
"2014_17_ARI_SF",0.7084916,0.66726225,0.70190966,0.70117247,0.74223989,0.75143373,2014,17,0.69491823,0.42602792,0.65801622,0.54443129
"2014_17_CAR_ATL",0.54347676,0.54132953,0.54520583,0.55060017,0.49611136,0.55092787,2014,17,0.54804948,0.53136653,0.57883604,0.55522727
"2014_17_DET_GB",0.79563167,0.7845424,0.7919958,0.78224438,0.82737863,0.79193417,2014,17,0.78108581,0.60515001,0.68840783,0.64790165
"2014_17_OAK_DEN",0.91361146,0.91111571,0.91588317,0.90503788,0.79762024,0.9057351,2014,17,0.9049236,0.87224241,0.87596399,0.87411497
"2014_17_STL_SEA",0.82650936,0.82949408,0.83306351,0.82294005,0.79419494,0.86444436,2014,17,0.82121573,0.84712167,0.8290402,0.83828479
"2014_17_CIN_PIT",0.57894934,0.5416832,0.58597411,0.58468151,0.50443625,0.64508409,2014,17,0.58609272,0.55839518,0.72597769,0.64668073
"2014_18_ARI_CAR",0.70142857,0.65801075,0.69814166,0.65326011,0.65194529,0.67173494,2014,18,0.69097875,0.47174956,0.71499361,0.59948504
"2014_18_BAL_PIT",0.59908346,0.59947566,0.60386092,0.57399195,0.58801711,0.59670298,2014,18,0.60334282,0.60886052,0.63558188,0.62231409
"2014_18_CIN_IND",0.65867954,0.64884391,0.65713354,0.68348104,0.72977781,0.67669683,2014,18,0.65272188,0.55195583,0.63065419,0.59189392
"2014_18_DET_DAL",0.7110405,0.70447295,0.71315809,0.70881927,0.7165789,0.7150168,2014,18,0.70506308,0.64671942,0.69661419,0.67215283
"2014_19_BAL_NE",0.73735319,0.73855642,0.73576494,0.71507639,0.76553756,0.72615471,2014,19,0.72581552,0.64048965,0.65376611,0.64715628
"2014_19_CAR_SEA",0.86727909,0.86635865,0.86815636,0.87050408,0.81222975,0.85728391,2014,19,0.85409447,0.78631467,0.7899355,0.78813074
"2014_19_DAL_GB",0.69073259,0.6763113,0.68700584,0.68495625,0.72469246,0.69542733,2014,19,0.68007756,0.53579794,0.64284229,0.59039042
"2014_19_IND_DEN",0.8116579,0.79625506,0.80854752,0.79621196,0.79954296,0.80421861,2014,19,0.79536153,0.62220571,0.7363921,0.68202866
"2014_20_GB_SEA",0.77987302,0.78713757,0.77693666,0.80701703,0.83639205,0.78404433,2014,20,0.7653415,0.67304471,0.64556784,0.65944026
"2014_20_IND_NE",0.75880259,0.7620566,0.75432865,0.75385141,0.77856147,0.75653622,2014,20,0.74377745,0.62232823,0.62584897,0.62409024
"2014_21_NE_SEA",0.48504774,0.49381339,0.4923762,0.45736963,0.38644275,0.45603114,2014,21,0.5,0.56832065,0.56842003,0.56837034
"2015_01_PIT_NE",0.77458997,0.77889269,0.77089239,0.78310513,0.82251441,0.76869044,2015,1,0.75903614,0.65392029,0.64642315,0.650181
"2015_01_CAR_JAX",0.41707653,0.42817581,0.40803641,0.40582842,0.43056601,0.41608187,2015,1,0.42245021,0.36022649,0.37179309,0.36599048
"2015_01_CLE_NYJ",0.63739743,0.6312421,0.63657897,0.69571042,0.70352244,0.63836913,2015,1,0.63325183,0.55560823,0.61780035,0.58705147
"2015_01_GB_CHI",0.28508309,0.30322028,0.2815226,0.25644249,0.31154042,0.28613887,2015,1,0.3030303,0.3343741,0.31152911,0.32284589
"2015_01_IND_BUF",0.476123,0.46751327,0.48177912,0.53855407,0.46322587,0.50985399,2015,1,0.49070157,0.50128891,0.5843307,0.54310929
"2015_01_KC_HOU",0.48677088,0.48009055,0.49186943,0.45466611,0.3926107,0.48392399,2015,1,0.5,0.50762813,0.58118144,0.54464827
"2015_01_MIA_WAS",0.3229879,0.32667716,0.32789741,0.27188265,0.27427301,0.32552944,2015,1,0.34727812,0.41849478,0.45879469,0.4385434
"2015_01_SEA_STL",0.36646494,0.37095271,0.35903505,0.37603673,0.37710491,0.39066401,2015,1,0.3766504,0.32467812,0.36723523,0.34564774
"2015_01_DET_SD",0.63681696,0.64073603,0.63031358,0.65763026,0.68229955,0.62749389,2015,1,0.62746142,0.51962049,0.53956365,0.52960388
"2015_01_NO_ARI",0.54354622,0.56027387,0.54839158,0.57565629,0.54617459,0.56206282,2015,1,0.55200623,0.59873613,0.55879037,0.57889234
"2015_01_BAL_DEN",0.68010369,0.6729582,0.6775671,0.72006553,0.74024051,0.69678759,2015,1,0.67125539,0.56495364,0.63069486,0.59826593
"2015_01_CIN_OAK",0.40337022,0.40894765,0.39886048,0.3794136,0.37940013,0.40123156,2015,1,0.41390728,0.38200131,0.41569494,0.39872824
"2015_01_TEN_TB",0.58884271,0.58734988,0.59327399,0.56521165,0.52016455,0.58229489,2015,1,0.59330144,0.58556841,0.62403005,0.60496165
"2015_01_NYG_DAL",0.74100361,0.73239256,0.7437827,0.72662491,0.74088562,0.73885556,2015,1,0.73330149,0.66875857,0.72582145,0.69805438
"2015_01_PHI_ATL",0.35325027,0.35654974,0.35903505,0.35965919,0.32443914,0.36736433,2015,1,0.3766504,0.44733727,0.4866533,0.46694397
"2015_01_MIN_SF",0.37376908,0.37873639,0.39112951,0.39466748,0.35569546,0.40636163,2015,1,0.40669856,0.58611761,0.60251963,0.59434494
"2015_02_DEN_KC",0.61098425,0.61121664,0.60586895,0.61725771,0.6132744,0.60775821,2015,2,0.60334282,0.4945136,0.53535678,0.51496017
"2015_02_ARI_CHI",0.46863756,0.47049829,0.46020445,0.48534939,0.51590604,0.45531558,2015,2,0.46943325,0.36391027,0.41299886,0.38817094
"2015_02_ATL_NYG",0.52803036,0.5105269,0.53462349,0.53982097,0.45142865,0.51492551,2015,2,0.53785257,0.53907674,0.65322591,0.59747084
"2015_02_DET_MIN",0.58398981,0.60510372,0.57401475,0.57197922,0.53414255,0.57331628,2015,2,0.57403544,0.46731721,0.41511008,0.44105072
"2015_02_HOU_CAR",0.56858781,0.57741133,0.57401475,0.55590487,0.51639533,0.57457276,2015,2,0.57403544,0.61532698,0.60619191,0.61076917
"2015_02_NE_BUF",0.54375359,0.53971376,0.5368833,0.54036701,0.53612417,0.58106879,2015,2,0.5399277,0.4182983,0.4878457,0.45284187
"2015_02_SD_CIN",0.62288267,0.62627654,0.62247363,0.66141087,0.62417412,0.62201795,2015,2,0.61865117,0.57073019,0.58785605,0.57931698
"2015_02_SF_PIT",0.70908792,0.70037181,0.70460112,0.66226393,0.6886003,0.67072495,2015,2,0.69491823,0.54473284,0.62287877,0.58433581
"2015_02_STL_WAS",0.35849942,0.3484136,0.36021282,0.32415569,0.2873759,0.31038938,2015,2,0.3766504,0.37868278,0.48806988,0.43255454
"2015_02_TB_NO",0.799304,0.79265472,0.79935057,0.8057006,0.85322404,0.81176443,2015,2,0.78493717,0.68768809,0.73697704,0.71296419
"2015_02_TEN_CLE",0.51356506,0.54429865,0.51223508,0.50696564,0.48517457,0.49678083,2015,2,0.51729139,0.5470539,0.44830279,0.49765548
"2015_02_BAL_OAK",0.28066442,0.29507887,0.27871358,0.31102633,0.35771352,0.2943906,2015,2,0.29948225,0.33595645,0.32756035,0.33174502
"2015_02_MIA_JAX",0.29888471,0.30064809,0.30010417,0.25948066,0.2462147,0.27993914,2015,2,0.31992244,0.35930562,0.41324452,0.38592502
"2015_02_DAL_PHI",0.7471223,0.74696133,0.73412042,0.72868413,0.76547396,0.72193923,2015,2,0.72266244,0.4627547,0.50383122,0.48326469
"2015_02_SEA_GB",0.64209207,0.63432049,0.63828149,0.66145885,0.71236956,0.64461083,2015,2,0.63325183,0.51204298,0.58818794,0.55041073
"2015_02_NYJ_IND",0.70107324,0.71444608,0.69838213,0.68828803,0.7288546,0.69158915,2015,2,0.68910022,0.62547009,0.58003451,0.60297427
"2015_03_WAS_NYG",0.61165179,0.61493864,0.61316639,0.61497635,0.57306486,0.60112284,2015,3,0.6108836,0.59975375,0.6150162,0.60741121
"2015_03_ATL_DAL",0.50858247,0.50879796,0.51817611,0.55601573,0.46696281,0.54353902,2015,3,0.52179715,0.68172745,0.69993152,0.69090354
"2015_03_CIN_BAL",0.56601142,0.5486832,0.56543571,0.54690707,0.49315581,0.5756648,2015,3,0.56608933,0.47461226,0.59389501,0.53475044
"2015_03_IND_TEN",0.36591731,0.33451799,0.36907197,0.41704658,0.38678429,0.42379567,2015,3,0.38134883,0.38081709,0.58458242,0.48194935
"2015_03_JAX_NE",0.91678734,0.91941413,0.91696916,0.91094625,0.79760593,0.91829834,2015,3,0.90649212,0.84906969,0.81969687,0.83490668
"2015_03_NO_CAR",0.79250603,0.79858308,0.79184044,0.79724765,0.80583137,0.80651486,2015,3,0.78108581,0.70168614,0.67958485,0.69074453
"2015_03_OAK_CLE",0.62477404,0.6122454,0.62642315,0.57269859,0.56510818,0.60196095,2015,3,0.6233496,0.57615215,0.6602873,0.61911323
"2015_03_PHI_NYJ",0.60438691,0.59879653,0.60514051,0.61638016,0.589881,0.63202755,2015,3,0.60334282,0.55751191,0.6160906,0.58710949
"2015_03_PIT_STL",0.54268755,0.56233338,0.53530788,0.53957027,0.55733645,0.54321124,2015,3,0.53785257,0.39829349,0.37129725,0.38470663
"2015_03_SD_MIN",0.53752758,0.555825,0.53530788,0.6206677,0.62591356,0.58727647,2015,3,0.53785257,0.50037057,0.46598739,0.48315905
"2015_03_TB_HOU",0.70485921,0.69435027,0.70710216,0.67459476,0.64687914,0.69347193,2015,3,0.69963837,0.65614402,0.72010251,0.68902473
"2015_03_SF_ARI",0.74299655,0.7442409,0.74162129,0.73342228,0.7676174,0.7346878,2015,3,0.73260427,0.62819876,0.64445122,0.6363639
"2015_03_BUF_MIA",0.49978367,0.49262694,0.49988181,0.49926406,0.47674176,0.50868194,2015,3,0.50464662,0.46594099,0.54438798,0.50519647
"2015_03_CHI_SEA",0.91716879,0.9090242,0.91696916,0.93409258,0.85704303,0.9268526,2015,3,0.90649212,0.78840786,0.84969705,0.82109604
"2015_03_DEN_DET",0.42624311,0.41516073,0.42461971,0.42801082,0.4585782,0.4433926,2015,3,0.43391067,0.37030433,0.47645483,0.42248489
"2015_03_KC_GB",0.67973574,0.68031032,0.6819193,0.62347537,0.63670039,0.65790067,2015,3,0.67572961,0.66055513,0.67736253,0.66901273
"2015_04_BAL_PIT",0.39837423,0.41957356,0.40923789,0.39953208,0.35566908,0.37649383,2015,4,0.42245021,0.65338902,0.59935539,0.62676766
"2015_04_NYJ_MIA",0.43070643,0.45245401,0.42948417,0.46228752,0.51526111,0.43831751,2015,4,0.44139284,0.4561883,0.42224727,0.43914663
"2015_04_CAR_TB",0.41765207,0.41831399,0.40923789,0.43764016,0.45483056,0.43427238,2015,4,0.42245021,0.28426633,0.34489994,0.31378885
"2015_04_HOU_ATL",0.65739096,0.66840046,0.65686268,0.6651988,0.73703969,0.67057632,2015,4,0.65272188,0.60761784,0.59001055,0.59884608
"2015_04_JAX_IND",0.64557046,0.63273173,0.65391386,0.66457635,0.62676448,0.65048999,2015,4,0.64996898,0.70869226,0.76256464,0.73651177
"2015_04_KC_CIN",0.62292192,0.63039196,0.62534693,0.62614465,0.61257786,0.61482007,2015,4,0.6233496,0.62866605,0.62511156,0.62689052
"2015_04_NYG_BUF",0.69645373,0.70613901,0.69770629,0.7029888,0.73507041,0.68736544,2015,4,0.69097875,0.66911518,0.64755021,0.65841458
"2015_04_OAK_CHI",0.35671903,0.36081472,0.36056679,0.36584216,0.3767688,0.3609556,2015,4,0.3766504,0.46403977,0.49741799,0.48070735
"2015_04_PHI_WAS",0.40215214,0.38200806,0.40191936,0.36718342,0.32769254,0.39125893,2015,4,0.41558875,0.36845352,0.50851642,0.43723434
"2015_04_CLE_SD",0.68360458,0.67591326,0.68609636,0.67601967,0.67769325,0.67413713,2015,4,0.68007756,0.6448505,0.69607049,0.67096821
"2015_04_GB_SF",0.23494386,0.24671462,0.23539338,0.26126155,0.37035599,0.25782225,2015,4,0.25622255,0.32855673,0.33525949,0.3318996
"2015_04_MIN_DEN",0.72934329,0.72511273,0.73208557,0.73364812,0.72912991,0.72637305,2015,4,0.72341249,0.69454117,0.72508271,0.71004981
"2015_04_STL_ARI",0.72462616,0.70484474,0.73129361,0.71949285,0.67700887,0.72602273,2015,4,0.72266244,0.73210632,0.8059422,0.77111111
"2015_04_DAL_NO",0.58035035,0.55939273,0.57224616,0.56841153,0.52194464,0.57756748,2015,4,0.57403544,0.34935657,0.48885557,0.41745568
"2015_04_DET_SEA",0.81620953,0.81108473,0.81688356,0.8440215,0.86322403,0.8322431,2015,4,0.80479452,0.72555106,0.75842572,0.74233055
"2015_05_IND_HOU",0.67173291,0.66249412,0.66519439,0.64533085,0.7058481,0.65950179,2015,5,0.66000242,0.46588021,0.55361795,0.50982474
"2015_05_BUF_TEN",0.51089852,0.47411141,0.50538936,0.53527284,0.49520826,0.51171608,2015,5,0.51162791,0.32767189,0.53784376,0.42958751
"2015_05_CHI_KC",0.80115772,0.79738241,0.80039489,0.82773244,0.8304047,0.79223564,2015,5,0.78829086,0.68297945,0.71713337,0.70033471
"2015_05_CLE_BAL",0.70539813,0.70692453,0.70931364,0.75705326,0.71436536,0.7107484,2015,5,0.7013921,0.70065136,0.70809509,0.70438682
"2015_05_JAX_TB",0.5147944,0.51574558,0.51636008,0.50348669,0.45669436,0.51870655,2015,5,0.52179715,0.51882696,0.55684197,0.53788953
"2015_05_NO_PHI",0.72806076,0.73118489,0.72595936,0.67492282,0.72231746,0.71392097,2015,5,0.71710502,0.6171987,0.62642691,0.62182383
"2015_05_SEA_CIN",0.57841301,0.5855919,0.57653331,0.63418525,0.62004203,0.59332669,2015,5,0.57754979,0.52215192,0.53190063,0.52702885
"2015_05_STL_GB",0.7738841,0.76477313,0.78002396,0.72231787,0.74018741,0.76266829,2015,5,0.76863247,0.77417708,0.81196514,0.79371074
"2015_05_WAS_ATL",0.75466807,0.76169224,0.75686583,0.78949839,0.77746207,0.75874418,2015,5,0.74645787,0.72740344,0.70444826,0.71606582
"2015_05_ARI_DET",0.3302193,0.33997285,0.32983757,0.3550615,0.32904202,0.34684936,2015,5,0.34727812,0.37831121,0.39384703,0.38605011
"2015_05_DEN_OAK",0.30911549,0.29565764,0.30572724,0.27025902,0.27586758,0.31702961,2015,5,0.32427039,0.26365858,0.38872762,0.32303665
"2015_05_NE_DAL",0.21628337,0.21729003,0.22000474,0.25168014,0.32898232,0.23552106,2015,5,0.24096386,0.35218986,0.41055501,0.38094258
"2015_05_SF_NYG",0.77056372,0.7506878,0.77002397,0.77302074,0.7879622,0.75734828,2015,5,0.75903614,0.61762146,0.73785247,0.68073477
"2015_05_PIT_SD",0.67088415,0.65653963,0.66398193,0.69490284,0.73193234,0.66122826,2015,5,0.6588694,0.44653508,0.55982749,0.50322265
"2015_06_ATL_NO",0.4040968,0.39949131,0.40216966,0.41361415,0.41727385,0.41364352,2015,6,0.41728362,0.34752769,0.42659415,0.38631172
"2015_06_ARI_PIT",0.29704486,0.32823737,0.29955931,0.31656,0.31609935,0.31545535,2015,6,0.31992244,0.50844237,0.41317961,0.46044983
"2015_06_CHI_DET",0.65579578,0.65695559,0.6556081,0.65174836,0.6730451,0.64931652,2015,6,0.65272188,0.58844278,0.61439243,0.60148888
"2015_06_CIN_BUF",0.38768037,0.37753076,0.3891867,0.41086209,0.38994545,0.40148192,2015,6,0.40508893,0.43470571,0.52930406,0.48184218
"2015_06_DEN_CLE",0.37983639,0.34587537,0.37699183,0.38241169,0.34718317,0.39003507,2015,6,0.39360687,0.25053131,0.44856141,0.34273432
"2015_06_HOU_JAX",0.59598927,0.60316901,0.59161025,0.59142995,0.52129859,0.58967969,2015,6,0.59330144,0.41937822,0.44409848,0.43169582
"2015_06_KC_MIN",0.60233547,0.60730026,0.60244607,0.61208326,0.59013963,0.59975017,2015,6,0.60334282,0.56831454,0.58286335,0.57560532
"2015_06_MIA_TEN",0.54656078,0.51227844,0.54701255,0.5441457,0.4294937,0.54829672,2015,6,0.55200623,0.45888449,0.63781607,0.54996561
"2015_06_WAS_NYJ",0.76754625,0.75151034,0.76860163,0.7573483,0.76583296,0.75628403,2015,6,0.75903614,0.68109922,0.76369069,0.72430644
"2015_06_CAR_SEA",0.74689804,0.74889,0.74458884,0.73934293,0.74128705,0.73328983,2015,6,0.73621103,0.57470845,0.59701115,0.58590383
"2015_06_BAL_SF",0.41774708,0.43792338,0.41796066,0.43103942,0.46295583,0.42840441,2015,6,0.43207868,0.47645682,0.44466362,0.46052006
"2015_06_SD_GB",0.83000005,0.83434086,0.83059612,0.8154422,0.77016503,0.81662785,2015,6,0.81886175,0.77157144,0.75214232,0.76199318
"2015_06_NE_IND",0.22580016,0.2343884,0.22613835,0.24976604,0.3941502,0.245564,2015,6,0.24835146,0.32189976,0.34221201,0.33197774
"2015_06_NYG_PHI",0.65712447,0.65909252,0.6556081,0.65394306,0.70074964,0.64931652,2015,6,0.65272188,0.54457275,0.57341927,0.55904584
"2015_07_SEA_SF",0.26763713,0.28030309,0.2673983,0.28440335,0.36375424,0.28563807,2015,7,0.28787054,0.38761261,0.38970422,0.3886579
"2015_07_BUF_JAX",0.36931062,0.36423061,0.36943856,0.38530552,0.41144848,0.38391812,2015,7,0.38565919,0.26376167,0.34729261,0.3039127
"2015_07_ATL_TEN",0.30055406,0.30019243,0.30051517,0.3191554,0.34081131,0.31108224,2015,7,0.31992244,0.28170488,0.34810731,0.31395472
"2015_07_CLE_STL",0.7233189,0.72490071,0.72349642,0.71886098,0.74897683,0.71696733,2015,7,0.71632062,0.59800021,0.62189306,0.61001263
"2015_07_HOU_MIA",0.6730496,0.69134267,0.67329996,0.66472566,0.67184097,0.66618835,2015,7,0.66912912,0.54211325,0.50821418,0.52519274
"2015_07_MIN_DET",0.51493284,0.49517869,0.51493733,0.51708031,0.46103674,0.51914612,2015,7,0.52179715,0.43676735,0.55846214,0.49757889
"2015_07_NO_IND",0.69111498,0.71374822,0.69126453,0.68870425,0.70514077,0.68429178,2015,7,0.68596957,0.62724033,0.56231624,0.59519457
"2015_07_NYJ_NE",0.73997959,0.7638227,0.73995879,0.73699045,0.74097371,0.72929493,2015,7,0.73190349,0.77080409,0.68492441,0.73001063
"2015_07_PIT_KC",0.66187822,0.65165023,0.6623318,0.65622818,0.66890299,0.65705308,2015,7,0.6588694,0.35976166,0.46225897,0.41003389
"2015_07_TB_WAS",0.58415346,0.59750967,0.58417747,0.58065474,0.49680051,0.58287399,2015,7,0.58609272,0.56112583,0.54889286,0.55501768
"2015_07_OAK_SD",0.64184604,0.63728278,0.64180531,0.63825339,0.61486006,0.63725501,2015,7,0.6397068,0.6210836,0.66221783,0.64191183
"2015_07_DAL_NYG",0.5918843,0.58807819,0.59193734,0.59305471,0.51138604,0.59009956,2015,7,0.59330144,0.52096292,0.57595369,0.54860669
"2015_07_PHI_CAR",0.56078883,0.56435598,0.56064603,0.56155962,0.43986499,0.56028007,2015,7,0.56424211,0.60191911,0.61794398,0.60996122
"2015_07_BAL_ARI",0.81118611,0.80644873,0.81135731,0.79847533,0.76345789,0.79998977,2015,7,0.80035612,0.67230034,0.71346888,0.69326957
"2015_08_MIA_NE",0.80009252,0.81193261,0.8019135,0.79304868,0.79024732,0.7883694,2015,8,0.79010495,0.81412834,0.76675039,0.79142838
"2015_08_DET_KC",0.61466108,0.62146283,0.61543661,0.61544824,0.5503639,0.61186587,2015,8,0.61434081,0.606846,0.61096045,0.60890516
"2015_08_ARI_CLE",0.24257203,0.25205656,0.24164511,0.26133245,0.31612369,0.26109247,2015,8,0.26311038,0.27893608,0.30489038,0.29174352
"2015_08_CIN_PIT",0.5204804,0.50026055,0.52025107,0.5209167,0.43881863,0.51740721,2015,8,0.52622156,0.44952213,0.57015632,0.50998459
"2015_08_MIN_CHI",0.46545258,0.43568564,0.46367752,0.46847945,0.42399427,0.47117793,2015,8,0.47377844,0.33617201,0.50190579,0.41668703
"2015_08_NYG_NO",0.61259696,0.59995369,0.61170901,0.61241239,0.607234,0.60905785,2015,8,0.6108836,0.4967596,0.58697023,0.54221087
"2015_08_SD_BAL",0.66376926,0.66360119,0.663325,0.66159123,0.69997954,0.65652045,2015,8,0.6588694,0.57589979,0.60964631,0.5928826
"2015_08_SF_STL",0.7945602,0.79402545,0.79257257,0.78234237,0.78291702,0.77929652,2015,8,0.78108581,0.58349309,0.61943321,0.60160003
"2015_08_TB_ATL",0.791813,0.80283384,0.79257257,0.7831555,0.77634192,0.77929652,2015,8,0.78108581,0.75921022,0.71793422,0.7391
"2015_08_TEN_HOU",0.63294878,0.62656602,0.63580531,0.63375622,0.57552528,0.63082533,2015,8,0.63325183,0.68004447,0.71510098,0.69786096
"2015_08_NYJ_OAK",0.36962278,0.39761577,0.36941646,0.386399,0.4669852,0.38384257,2015,8,0.38565919,0.4390944,0.38967303,0.41416773
"2015_08_SEA_DAL",0.32227998,0.33338758,0.3224261,0.34161907,0.35548294,0.33878943,2015,8,0.3411306,0.38963969,0.40374271,0.39666973
"2015_08_GB_DEN",0.42996216,0.44973051,0.43093026,0.44103605,0.4027566,0.44072956,2015,8,0.44330289,0.51318455,0.48509943,0.49914131
"2015_08_IND_CAR",0.6739014,0.66635649,0.67659335,0.67070764,0.61204427,0.66955969,2015,8,0.67125539,0.70302782,0.73837365,0.72104384
"2015_09_CLE_CIN",0.88657183,0.89978357,0.88678782,0.8760404,0.78882873,0.87310957,2015,9,0.87339242,0.85036249,0.77216068,0.81442141
"2015_09_GB_CAR",0.45680635,0.44702786,0.45739304,0.46540192,0.43268752,0.46558517,2015,9,0.46728972,0.51724173,0.58925515,0.55352924
"2015_09_JAX_NYJ",0.7623359,0.75784603,0.76274961,0.75232792,0.75660771,0.75063516,2015,9,0.75164854,0.71337995,0.74036201,0.72707921
"2015_09_MIA_BUF",0.65744818,0.63067605,0.65765677,0.64996004,0.6579833,0.65116774,2015,9,0.65272188,0.56345829,0.68753838,0.62759724
"2015_09_OAK_PIT",0.71333961,0.70834116,0.71357871,0.70533949,0.6932686,0.70393449,2015,9,0.70506308,0.64857791,0.6876373,0.66839733
"2015_09_STL_MIN",0.53293661,0.54039759,0.53363969,0.53924006,0.4489682,0.53543692,2015,9,0.53785257,0.60853299,0.61083713,0.60968567
"2015_09_TEN_NO",0.7412689,0.75632307,0.74199198,0.73465544,0.75152898,0.72857074,2015,9,0.73190349,0.77221491,0.72328497,0.74853943
"2015_09_WAS_NE",0.90721794,0.9122774,0.90761494,0.89630055,0.78766865,0.89456988,2015,9,0.89481066,0.88770403,0.85316717,0.87142088
"2015_09_ATL_SF",0.18963197,0.21727665,0.18996535,0.20868279,0.32210988,0.2100924,2015,9,0.21170914,0.40898125,0.32559884,0.36628938
"2015_09_NYG_TB",0.46949567,0.44846659,0.4691604,0.46946463,0.43364656,0.47577929,2015,9,0.47820285,0.38790319,0.51655649,0.4514182
"2015_09_DEN_IND",0.37082979,0.36420143,0.36993873,0.38652256,0.43910098,0.38437556,2015,9,0.38565919,0.28428779,0.3721525,0.32670139
"2015_09_PHI_DAL",0.37655285,0.39557449,0.37679135,0.39016652,0.39779609,0.38978569,2015,9,0.39209884,0.47674639,0.45529592,0.46600544
"2015_09_CHI_SD",0.62840736,0.60748323,0.62902194,0.62212944,0.55801052,0.62621357,2015,9,0.62610059,0.60977263,0.70167285,0.65719445
"2015_10_BUF_NYJ",0.54146958,0.52818024,0.54158634,0.54453886,0.44659272,0.54267487,2015,10,0.54402389,0.51416191,0.59812149,0.55654543
"2015_10_CAR_TEN",0.34083573,0.29971337,0.34003979,0.35017785,0.37934762,0.35157913,2015,10,0.35488722,0.18047519,0.37689966,0.26738516
"2015_10_CHI_STL",0.7810694,0.79459771,0.78096945,0.77105826,0.78072518,0.76990388,2015,10,0.76977591,0.66772545,0.62855756,0.6483911
"2015_10_CLE_PIT",0.74617356,0.7495096,0.74675925,0.73759687,0.67733258,0.73651225,2015,10,0.73688962,0.77975432,0.76922216,0.77453183
"2015_10_DAL_TB",0.48451519,0.45543496,0.4844074,0.4838734,0.37543949,0.48708336,2015,10,0.49070157,0.40657343,0.55768781,0.48171247
"2015_10_DET_GB",0.84719712,0.86363161,0.84736156,0.83748198,0.77687001,0.83664194,2015,10,0.83480572,0.8082041,0.72919733,0.77108863
"2015_10_JAX_BAL",0.66376638,0.65690666,0.66442495,0.66080385,0.65140808,0.66233309,2015,10,0.6588694,0.71537548,0.74331059,0.72956998
"2015_10_MIA_PHI",0.68659205,0.68777303,0.68693705,0.67798752,0.64231408,0.67799839,2015,10,0.68007756,0.68040632,0.69184202,0.68615243
"2015_10_NO_WAS",0.47624193,0.50106807,0.47584719,0.48428106,0.51686066,0.48604907,2015,10,0.48270861,0.43451525,0.40789702,0.42114885
"2015_10_MIN_OAK",0.60887232,0.58341217,0.60843416,0.60528296,0.6284188,0.60558593,2015,10,0.60639313,0.40793531,0.55272378,0.47990767
"2015_10_KC_DEN",0.65768119,0.70476823,0.65788499,0.65438974,0.68794036,0.65289171,2015,10,0.65272188,0.7116408,0.56085964,0.63968771
"2015_10_NE_NYG",0.23805232,0.23845163,0.23778799,0.25661841,0.33467871,0.25518779,2015,10,0.25622255,0.26557917,0.32837946,0.2960151
"2015_10_ARI_SEA",0.58684607,0.61121908,0.5866977,0.58908141,0.56067604,0.58626791,2015,10,0.58609272,0.55049905,0.50566113,0.52813684
"2015_10_HOU_CIN",0.81680335,0.84368513,0.81695869,0.80760098,0.78936964,0.80752568,2015,10,0.80479452,0.79679315,0.67636006,0.74110742
"2015_11_TEN_JAX",0.56455227,0.57159909,0.56480263,0.56848603,0.47434279,0.56471634,2015,11,0.56973826,0.57488882,0.58055404,0.57772399
"2015_11_DAL_MIA",0.42934097,0.45390151,0.42986876,0.4418515,0.45946833,0.43708355,2015,11,0.44139284,0.55938396,0.49902738,0.52931282
"2015_11_DEN_CHI",0.45226203,0.41997549,0.45159444,0.4608784,0.42677182,0.45706644,2015,11,0.46214743,0.31298987,0.50101481,0.40346228
"2015_11_IND_ATL",0.62550903,0.60347813,0.62567516,0.62626696,0.55451977,0.62266703,2015,11,0.62746142,0.54394696,0.66468501,0.60593164
"2015_11_NYJ_HOU",0.33418043,0.35965334,0.33500004,0.34887013,0.37136111,0.34263717,2015,11,0.35003102,0.54871532,0.47668085,0.51276436
"2015_11_OAK_DET",0.44268412,0.45172376,0.44301217,0.45268911,0.44013131,0.44888851,2015,11,0.4539546,0.51008815,0.51698018,0.51353481
"2015_11_STL_BAL",0.57969419,0.55505178,0.58027916,0.58317053,0.46385449,0.57943418,2015,11,0.58441125,0.5621785,0.68427294,0.62521509
"2015_11_TB_PHI",0.73939261,0.75272214,0.73979776,0.73645383,0.70704401,0.72981934,2015,11,0.73621103,0.73697027,0.68869,0.71343813
"2015_11_WAS_CAR",0.7437304,0.75177943,0.74482804,0.74005657,0.66096812,0.73709256,2015,11,0.74103772,0.80978326,0.77833658,0.79450551
"2015_11_KC_SD",0.37399356,0.34073153,0.37387997,0.38643029,0.37918651,0.3827969,2015,11,0.38764175,0.32182584,0.52186944,0.41850099
"2015_11_GB_MIN",0.47284638,0.4772976,0.47316447,0.48143366,0.42972296,0.47760229,2015,11,0.48270861,0.51841827,0.54209589,0.53027412
"2015_11_SF_SEA",0.89957126,0.89784194,0.89936884,0.89249438,0.73800647,0.89039364,2015,11,0.89237428,0.73954786,0.76068458,0.75026537
"2015_11_CIN_ARI",0.64934619,0.62456829,0.64938272,0.650392,0.59607822,0.64597819,2015,11,0.64996898,0.53613237,0.67092213,0.60553221
"2015_11_BUF_NE",0.76033765,0.77338413,0.76104291,0.75685471,0.72091502,0.75283756,2015,11,0.75662446,0.79092811,0.73899937,0.76596245
"2015_12_PHI_DET",0.58073725,0.58629239,0.58200024,0.5867604,0.54515332,0.5860591,2015,12,0.58609272,0.4684793,0.49789593,0.48317304
"2015_12_CAR_DAL",0.47088037,0.45173106,0.47309306,0.48383301,0.49155995,0.47869795,2015,12,0.48270861,0.28862818,0.42464655,0.3536824
"2015_12_CHI_GB",0.79055841,0.81100108,0.79035711,0.78626662,0.77278852,0.7839313,2015,12,0.78493717,0.77976293,0.68862643,0.7367211
"2015_12_BUF_KC",0.66994695,0.6674855,0.66950398,0.66729259,0.65322769,0.66309579,2015,12,0.66912912,0.63802671,0.66910433,0.65372948
"2015_12_MIA_NYJ",0.66476557,0.64364981,0.66459587,0.66285002,0.63072526,0.65823393,2015,12,0.66446191,0.57567753,0.68650957,0.6328476
"2015_12_MIN_ATL",0.54199498,0.51179966,0.54187219,0.54426384,0.49544802,0.54151341,2015,12,0.54804948,0.45988276,0.61873925,0.54033538
"2015_12_NO_HOU",0.64804087,0.67279681,0.64807859,0.64979553,0.66421849,0.64654176,2015,12,0.64876715,0.64380457,0.56965701,0.60734933
"2015_12_NYG_WAS",0.47996371,0.49669934,0.48149036,0.49022314,0.47165921,0.48523566,2015,12,0.49070157,0.39924896,0.39794173,0.39859516
"2015_12_OAK_TEN",0.47063195,0.44448661,0.47071644,0.47303796,0.44269302,0.47242076,2015,12,0.48044542,0.40087784,0.55448966,0.4771433
"2015_12_SD_JAX",0.69107465,0.69006585,0.69245414,0.6891157,0.68041354,0.6858599,2015,12,0.69097875,0.52519049,0.57250184,0.54895681
"2015_12_STL_CIN",0.79437563,0.79859493,0.79381865,0.7894609,0.77163476,0.78647871,2015,12,0.78829086,0.77248189,0.75609525,0.7643871
"2015_12_TB_IND",0.55199301,0.58517308,0.55099123,0.5566873,0.5084852,0.52731493,2015,12,0.55669711,0.64797393,0.54909453,0.59954726
"2015_12_ARI_SF",0.21617561,0.2321715,0.21671458,0.2322855,0.38634413,0.23079892,2015,12,0.23358618,0.25203361,0.24995503,0.25099289
"2015_12_PIT_SEA",0.5634819,0.56712651,0.56283012,0.56827265,0.49994868,0.56524963,2015,12,0.56792132,0.5782264,0.59624581,0.58726533
"2015_12_NE_DEN",0.43109959,0.42396769,0.43178911,0.44191074,0.4840059,0.43851682,2015,12,0.44330289,0.36964422,0.45692989,0.41260036
"2015_12_BAL_CLE",0.70402533,0.69782087,0.70722008,0.70470226,0.68474305,0.69797227,2015,12,0.70506308,0.38155275,0.4736184,0.42695304
"2015_13_GB_DET",0.45272198,0.42785306,0.45492369,0.4629927,0.42799535,0.45982317,2015,13,0.46516523,0.36345286,0.5135603,0.43706625
"2015_13_ARI_STL",0.34997631,0.35860048,0.35876101,0.37319672,0.44990903,0.36752928,2015,13,0.37253858,0.24520251,0.28801432,0.26605983
"2015_13_ATL_TB",0.51510374,0.50184555,0.51419857,0.51814449,0.42452598,0.51643272,2015,13,0.52179715,0.48278218,0.57485514,0.5290659
"2015_13_BAL_MIA",0.60817776,0.61468587,0.6159211,0.61490524,0.59146482,0.6135686,2015,13,0.61865117,0.43393496,0.46812369,0.45097146
"2015_13_CIN_CLE",0.23621056,0.2223553,0.24030428,0.25344366,0.34141603,0.25214876,2015,13,0.25622255,0.18580282,0.30759617,0.24150444
"2015_13_HOU_BUF",0.56891849,0.56952817,0.56904332,0.57881695,0.54050785,0.56877272,2015,13,0.57403544,0.53104174,0.56843061,0.54980649
"2015_13_JAX_TEN",0.56083148,0.55248719,0.56261975,0.56920254,0.54419923,0.56264061,2015,13,0.56792132,0.47854049,0.5564516,0.51760303
"2015_13_NYJ_NYG",0.45515584,0.48508965,0.45177312,0.46556252,0.49762288,0.45755906,2015,13,0.46214743,0.56399857,0.49072767,0.52751126
"2015_13_SEA_MIN",0.41166157,0.43454899,0.41042793,0.42593399,0.4461644,0.41721603,2015,13,0.42245021,0.48219301,0.44465517,0.4633722
"2015_13_SF_CHI",0.69986649,0.67844142,0.69803748,0.69248015,0.62631828,0.69241196,2015,13,0.6969697,0.62417678,0.7240595,0.67612089
"2015_13_DEN_SD",0.30309573,0.26697395,0.30478521,0.31971908,0.36368904,0.31591674,2015,13,0.31992244,0.23822832,0.45077405,0.33626565
"2015_13_KC_OAK",0.38784458,0.37784009,0.39241161,0.40477276,0.45481017,0.39992091,2015,13,0.40508893,0.3049436,0.40743619,0.35452212
"2015_13_CAR_NO",0.30098277,0.29633625,0.30922335,0.32496873,0.44401574,0.32023588,2015,13,0.32427039,0.19616489,0.28078706,0.23586232
"2015_13_PHI_NE",0.79844064,0.81266137,0.79292483,0.79051107,0.73640901,0.78468231,2015,13,0.78829086,0.8450936,0.78602442,0.8174068
"2015_13_IND_PIT",0.79885416,0.78368402,0.80366038,0.79721773,0.73055106,0.79524216,2015,13,0.79871912,0.55970381,0.67536261,0.61922275
"2015_13_DAL_WAS",0.52371761,0.53088391,0.52339783,0.52661765,0.49555731,0.52521118,2015,13,0.53056675,0.51779024,0.53366018,0.52573171
"2015_14_MIN_ARI",0.80458479,0.78192626,0.80343715,0.7968446,0.71357173,0.7941926,2015,14,0.79871912,0.70410436,0.80499896,0.75811596
"2015_14_ATL_CAR",0.77661916,0.78358534,0.77214805,0.76724148,0.68272644,0.76312609,2015,14,0.76863247,0.81696196,0.78623381,0.80204658
"2015_14_BUF_PHI",0.5056809,0.51859372,0.50677286,0.51627982,0.5198406,0.51031613,2015,14,0.51729139,0.48697857,0.48749498,0.48723677
"2015_14_DET_STL",0.39144526,0.41372869,0.39073927,0.40766525,0.42998391,0.39931012,2015,14,0.40669856,0.4623362,0.42809118,0.44514858
"2015_14_IND_JAX",0.5031657,0.45155728,0.50677286,0.5106374,0.44179037,0.51031613,2015,14,0.51729139,0.31372449,0.56389222,0.43465216
"2015_14_NO_TB",0.69517282,0.67951284,0.69474915,0.68946165,0.64284509,0.68836878,2015,14,0.69491823,0.60828143,0.69382934,0.6522828
"2015_14_PIT_CIN",0.49885618,0.51118678,0.49342911,0.50768727,0.42838633,0.49696926,2015,14,0.50464662,0.62373221,0.60281762,0.61332717
"2015_14_SD_KC",0.83974133,0.84506758,0.838339,0.82998139,0.73978955,0.82824531,2015,14,0.83257005,0.81114116,0.78325221,0.7975548
"2015_14_SEA_BAL",0.19027262,0.20144334,0.18916712,0.21120255,0.35105819,0.20309673,2015,14,0.20811246,0.30159166,0.30755222,0.30456375
"2015_14_SF_CLE",0.54127681,0.5299374,0.54553845,0.54939443,0.52748865,0.54635922,2015,14,0.55395933,0.39642139,0.49815554,0.44673088
"2015_14_TEN_NYJ",0.75988791,0.76164374,0.75702685,0.75501448,0.7162624,0.74842444,2015,14,0.75416248,0.75847867,0.7537137,0.75610407
"2015_14_WAS_CHI",0.65607362,0.64433508,0.65665588,0.66242772,0.66156924,0.65193368,2015,14,0.6588694,0.56153436,0.6408368,0.60185367
"2015_14_OAK_DEN",0.71583717,0.73682653,0.70921768,0.70531607,0.64080393,0.69959736,2015,14,0.70864099,0.82262139,0.74943523,0.78833295
"2015_14_DAL_GB",0.717036,0.72520649,0.71458858,0.71313709,0.70772266,0.70742496,2015,14,0.71374046,0.72320361,0.70081164,0.71213732
"2015_14_NE_HOU",0.32854021,0.30761399,0.32927173,0.34759957,0.36066675,0.34097598,2015,14,0.34727812,0.29795271,0.44646996,0.36911742
"2015_14_NYG_MIA",0.44957726,0.44713942,0.44870599,0.4546811,0.41071486,0.45452336,2015,14,0.46214743,0.46001578,0.51759391,0.48876759
"2015_15_TB_STL",0.48784978,0.54134173,0.48814945,0.51934904,0.51904905,0.50994792,2015,15,0.5,0.55533095,0.39945622,0.47682943
"2015_15_NYJ_DAL",0.39493177,0.44475434,0.39535127,0.4209154,0.47095484,0.35698549,2015,15,0.41160329,0.46890813,0.33838421,0.40190939
"2015_15_ATL_JAX",0.53271069,0.51208937,0.53255452,0.48863778,0.42799413,0.50099231,2015,15,0.54198473,0.47654195,0.59764599,0.53764924
"2015_15_BUF_WAS",0.44806112,0.45498767,0.44827241,0.48809275,0.50197411,0.45830495,2015,15,0.46214743,0.44017814,0.46766463,0.45388625
"2015_15_CAR_NYG",0.32101456,0.33514866,0.32240633,0.35639867,0.4129867,0.34492051,2015,15,0.3411306,0.27555461,0.29462383,0.28499331
"2015_15_CHI_MIN",0.64362208,0.67777258,0.64325653,0.64887238,0.65460944,0.64674529,2015,15,0.64633913,0.68668539,0.57335875,0.63183992
"2015_15_HOU_IND",0.54753997,0.56638263,0.54814579,0.55815315,0.55521554,0.57575413,2015,15,0.55669711,0.51237759,0.48720371,0.49979052
"2015_15_KC_BAL",0.27477945,0.28983131,0.27527749,0.2861748,0.34089428,0.28714402,2015,15,0.29493692,0.30000178,0.30629564,0.30313948
"2015_15_TEN_NE",0.89484246,0.90608954,0.89410688,0.89847082,0.76744455,0.88909221,2015,15,0.88741044,0.91284475,0.84896989,0.88469984
"2015_15_CLE_SEA",0.89488617,0.88384053,0.89410688,0.88600671,0.73609412,0.89223542,2015,15,0.88741044,0.87175201,0.90188054,0.88769579
"2015_15_GB_OAK",0.32830516,0.31467693,0.32872289,0.32587019,0.31243902,0.35418318,2015,15,0.34727812,0.29365819,0.41400054,0.35147381
"2015_15_CIN_SF",0.24955467,0.24815053,0.24978165,0.2538549,0.34698144,0.26476495,2015,15,0.26967544,0.2654378,0.33841277,0.30066466
"2015_15_DEN_PIT",0.75817467,0.74477543,0.75964172,0.77321059,0.76376069,0.78632316,2015,15,0.75662446,0.52566636,0.63387065,0.58073881
"2015_15_MIA_SD",0.4892146,0.48037443,0.48814945,0.476129,0.42188162,0.48244811,2015,15,0.5,0.52923624,0.59771483,0.56377954
"2015_15_ARI_PHI",0.36222001,0.3924751,0.36389909,0.38381919,0.46380672,0.38785508,2015,15,0.38134883,0.31842694,0.28318563,0.30051171
"2015_15_DET_NO",0.53069533,0.52910321,0.53037565,0.52473825,0.490868,0.53386943,2015,15,0.5399277,0.52358216,0.5692502,0.54651403
"2015_16_SD_OAK",0.64761382,0.66425941,0.65021551,0.65170991,0.66242033,0.64489269,2015,16,0.65272188,0.56077838,0.53122759,0.54604353
"2015_16_WAS_PHI",0.63284268,0.6659272,0.63625513,0.62616634,0.63773364,0.63075471,2015,16,0.6397068,0.56415139,0.46880506,0.51662957
"2015_16_CAR_ATL",0.26094666,0.26767837,0.2645934,0.28697118,0.37069228,0.28131145,2015,16,0.28787054,0.22732286,0.26998504,0.24803979
"2015_16_CHI_TB",0.62273773,0.58887726,0.62165079,0.57930529,0.55062717,0.60909058,2015,16,0.62610059,0.5335239,0.69259093,0.61615947
"2015_16_CLE_KC",0.83768656,0.83317099,0.83341494,0.81684816,0.71132469,0.81740164,2015,16,0.82599384,0.86273815,0.86525017,0.86399904
"2015_16_DAL_BUF",0.70651034,0.68548182,0.7061978,0.68220776,0.64345092,0.69865884,2015,16,0.70506308,0.60291993,0.71171023,0.65941213
"2015_16_HOU_TEN",0.3611945,0.36351601,0.36542923,0.39872125,0.44075352,0.3687512,2015,16,0.38565919,0.28601686,0.34597255,0.31522596
"2015_16_IND_MIA",0.54621119,0.5264945,0.54712497,0.54511786,0.52082574,0.55331478,2015,16,0.55669711,0.45561731,0.57887523,0.51751265
"2015_16_NE_NYJ",0.42161867,0.38816354,0.42409019,0.42280245,0.41424382,0.42900412,2015,16,0.44139284,0.30528479,0.49669353,0.39705732
"2015_16_PIT_BAL",0.15370928,0.1543946,0.15203933,0.16604149,0.31732589,0.16965407,2015,16,0.17400616,0.27189302,0.32957632,0.29994273
"2015_16_SF_DET",0.78552656,0.77540786,0.78666619,0.78989267,0.7690841,0.77719395,2015,16,0.78108581,0.64571682,0.7151673,0.68144915
"2015_16_JAX_NO",0.54337149,0.559131,0.54209269,0.53949577,0.48998404,0.53966345,2015,16,0.55200623,0.57821879,0.55178789,0.56504957
"2015_16_GB_ARI",0.69780797,0.66713336,0.69634205,0.669177,0.60586542,0.68381592,2015,16,0.69582547,0.60770587,0.74498747,0.68023825
"2015_16_STL_SEA",0.84293978,0.8168736,0.83926777,0.82713223,0.72543424,0.82570724,2015,16,0.83167082,0.81397425,0.89208851,0.85743518
"2015_16_NYG_MIN",0.73605926,0.7484148,0.73843338,0.76173198,0.74393821,0.73772275,2015,16,0.73537195,0.62496886,0.59643937,0.61079895
"2015_16_CIN_DEN",0.62788084,0.62312522,0.62932769,0.64987826,0.65656847,0.63774804,2015,16,0.63325183,0.53101281,0.59003278,0.56073752
"2015_17_BAL_CIN",0.77673294,0.78156938,0.77633728,0.77146685,0.77744901,0.73522647,2015,17,0.77294229,0.73563961,0.72317236,0.72945116
"2015_17_DET_CHI",0.44733117,0.44597852,0.44676387,0.4199852,0.40943578,0.43567071,2015,17,0.4600723,0.46449395,0.51710897,0.49077591
"2015_17_JAX_HOU",0.67164284,0.69462943,0.66958773,0.67483252,0.66830295,0.67187429,2015,17,0.67125539,0.74840167,0.67382914,0.71255603
"2015_17_NE_MIA",0.20692292,0.19668536,0.20834209,0.21663438,0.33388343,0.23674561,2015,17,0.22705771,0.16749692,0.27421847,0.2161241
"2015_17_NO_ATL",0.694813,0.71598004,0.6954981,0.68852007,0.68126559,0.69567049,2015,17,0.69582547,0.64462568,0.58246028,0.61400762
"2015_17_NYJ_BUF",0.40855133,0.4163862,0.40745667,0.41168311,0.39710841,0.41164739,2015,17,0.42245021,0.4779843,0.49396593,0.48597153
"2015_17_PHI_NYG",0.64978457,0.63660419,0.65001437,0.66445291,0.69448525,0.67013001,2015,17,0.65272188,0.55850596,0.64302552,0.60152191
"2015_17_PIT_CLE",0.14646945,0.14197828,0.1460613,0.14872776,0.31271839,0.13015756,2015,17,0.16324627,0.20921521,0.29872506,0.25133227
"2015_17_TEN_IND",0.63207345,0.66348188,0.62943404,0.63836491,0.60037512,0.58039227,2015,17,0.63325183,0.7522435,0.65175132,0.70447095
"2015_17_WAS_DAL",0.6023184,0.62165879,0.60577783,0.63178164,0.63131386,0.6497459,2015,17,0.6108836,0.43539476,0.42127883,0.42832222
"2015_17_OAK_KC",0.73022166,0.72634229,0.72704061,0.70437139,0.68054754,0.70823867,2015,17,0.72581552,0.79685546,0.80319453,0.80004384
"2015_17_SD_DEN",0.80665165,0.83401204,0.80647192,0.76953453,0.74342132,0.78611861,2015,17,0.80196619,0.80425857,0.67559274,0.74523509
"2015_17_SEA_ARI",0.68280843,0.69978359,0.68306482,0.66198295,0.65613669,0.67007707,2015,17,0.68402929,0.64632744,0.60254626,0.62469168
"2015_17_STL_SF",0.38096062,0.36861002,0.38064432,0.36350417,0.33878711,0.37487925,2015,17,0.39665718,0.38147935,0.48591164,0.43295102
"2015_17_TB_CAR",0.78757349,0.81402669,0.78538722,0.77278805,0.76779675,0.77736308,2015,17,0.78163849,0.86087322,0.75777673,0.81480587
"2015_17_MIN_GB",0.57459246,0.59637628,0.57418048,0.56205499,0.53629202,0.56552279,2015,17,0.58100796,0.59873925,0.54944778,0.57427805
"2015_18_KC_HOU",0.41082253,0.39675569,0.41217803,0.38773185,0.41129833,0.4095587,2015,18,0.42596456,0.36402747,0.4794724,0.42066568
"2015_18_PIT_CIN",0.46079625,0.46820422,0.45728546,0.46710521,0.42626747,0.40178837,2015,18,0.46943325,0.5294228,0.53841244,0.53392038
"2015_18_SEA_MIN",0.3181121,0.35537958,0.31820436,0.38196379,0.42258841,0.35451125,2015,18,0.33444104,0.4231928,0.32595631,0.37329525
"2015_18_GB_WAS",0.53706266,0.49122607,0.53517065,0.48907986,0.45019111,0.51773684,2015,18,0.54402389,0.44976196,0.66642314,0.56099705
"2015_19_KC_NE",0.69642658,0.68786403,0.70352627,0.69729173,0.69187164,0.7002968,2015,19,0.70506308,0.45586142,0.54926905,0.50258781
"2015_19_GB_ARI",0.71804876,0.67208757,0.71515508,0.71696979,0.68955636,0.71302767,2015,19,0.71612415,0.61536095,0.79887104,0.71597407
"2015_19_SEA_CAR",0.56929579,0.56104819,0.56909401,0.54642069,0.51794821,0.55552169,2015,19,0.57754979,0.5223953,0.59312244,0.55805322
"2015_19_PIT_DEN",0.71947957,0.72505853,0.72533408,0.73629606,0.73754716,0.73686543,2015,19,0.72581552,0.53252543,0.55160224,0.54207926
"2015_20_NE_DEN",0.44018921,0.46807149,0.43790615,0.49933153,0.48748791,0.49005638,2015,20,0.45195052,0.55020296,0.47748947,0.51391987
"2015_20_ARI_CAR",0.61212881,0.61034809,0.61207291,0.59615558,0.57622916,0.59839509,2015,20,0.61729706,0.56449272,0.60559094,0.58519002
"2015_21_CAR_DEN",0.32139751,0.36437554,0.32283226,0.36940622,0.41867217,0.34897271,2015,21,0.33999758,0.4051295,0.29510304,0.34809305
"2016_01_CAR_DEN",0.4027664,0.43846105,0.4001062,0.45741004,0.46819723,0.43482962,2016,1,0.41390728,0.54284794,0.44670044,0.49472542
"2016_01_BUF_BAL",0.60189221,0.61612101,0.60624615,0.61285847,0.5916661,0.6034622,2016,1,0.6108836,0.48088128,0.47808626,0.47948361
"2016_01_CHI_HOU",0.68415981,0.68065123,0.68412056,0.68876088,0.65372694,0.68931154,2016,1,0.68500235,0.61684996,0.65622155,0.63676487
"2016_01_CIN_NYJ",0.51829971,0.50166696,0.51728711,0.5109691,0.44976622,0.46202127,2016,1,0.52622156,0.48682223,0.58990018,0.53877567
"2016_01_CLE_PHI",0.62582045,0.63398912,0.62367909,0.6232245,0.57286644,0.61134324,2016,1,0.62746142,0.64354868,0.63478449,0.63917817
"2016_01_GB_JAX",0.35867361,0.34403468,0.35878801,0.35595948,0.40511909,0.38229681,2016,1,0.37389941,0.34443897,0.46163583,0.40163272
"2016_01_MIN_TEN",0.43677026,0.42633547,0.44171882,0.42527315,0.49904874,0.43706497,2016,1,0.4539546,0.3066237,0.41067382,0.35696393
"2016_01_OAK_NO",0.57664069,0.55857477,0.57482983,0.55855095,0.47140029,0.5653674,2016,1,0.58100796,0.54695802,0.6445174,0.59669341
"2016_01_SD_KC",0.72018053,0.71610249,0.71671861,0.69678909,0.66293579,0.69435834,2016,1,0.71612415,0.72976007,0.74890178,0.73944475
"2016_01_TB_ATL",0.55183629,0.57503534,0.54927922,0.55995446,0.48372197,0.55155186,2016,1,0.55669711,0.62340252,0.56540273,0.59473313
"2016_01_MIA_SEA",0.81865523,0.80378843,0.81769853,0.83221269,0.75039399,0.82433623,2016,1,0.81337481,0.73407833,0.80210644,0.76984974
"2016_01_DET_IND",0.56886612,0.58908736,0.5711942,0.59465015,0.54834872,0.58636025,2016,1,0.57754979,0.51749077,0.48681285,0.50215384
"2016_01_NYG_DAL",0.50897945,0.50861483,0.50792354,0.48761791,0.4503704,0.44705222,2016,1,0.51729139,0.51211263,0.55415932,0.53319492
"2016_01_NE_ARI",0.77140157,0.77062288,0.77592516,0.79161626,0.73680991,0.78101783,2016,1,0.77294229,0.55516371,0.6010607,0.57828124
"2016_01_PIT_WAS",0.42910335,0.43370404,0.42864189,0.44116417,0.4442746,0.42409581,2016,1,0.44139284,0.44829271,0.48118745,0.46470169
"2016_01_LA_SF",0.44459942,0.45646106,0.44382513,0.43048772,0.44926617,0.43585367,2016,1,0.45597611,0.48121121,0.48344494,0.48232799
"2016_02_NYJ_BUF",0.5322458,0.53860661,0.53232377,0.54010832,0.50590748,0.54461793,2016,2,0.54198473,0.51754543,0.53665387,0.52710958
"2016_02_BAL_CLE",0.34623941,0.34072985,0.34321719,0.35616109,0.37463084,0.34713822,2016,2,0.3602932,0.40375084,0.47697692,0.44003769
"2016_02_CIN_PIT",0.59910539,0.59622516,0.59694242,0.59762603,0.51879853,0.56921284,2016,2,0.60334282,0.58341897,0.62293659,0.60334636
"2016_02_DAL_WAS",0.62898403,0.62795265,0.62847378,0.63186365,0.61340618,0.60891073,2016,2,0.63325183,0.58556162,0.61985678,0.60283549
"2016_02_KC_HOU",0.4820415,0.47286596,0.48337609,0.49199954,0.47779441,0.48303184,2016,2,0.49535338,0.43380031,0.51826238,0.47585873
"2016_02_MIA_NE",0.68479705,0.68872918,0.67780526,0.67787308,0.59426433,0.66681518,2016,2,0.68007756,0.73196111,0.72340678,0.72770497
"2016_02_NO_NYG",0.63283329,0.64385726,0.6352782,0.64547843,0.62788534,0.6673601,2016,2,0.6397068,0.5672209,0.5628899,0.56505664
"2016_02_SF_CAR",0.82630299,0.811519,0.82629166,0.82238561,0.72585893,0.82122526,2016,2,0.82233156,0.71132782,0.78678307,0.7509606
"2016_02_TB_ARI",0.7498695,0.76056079,0.7502182,0.75143838,0.70976913,0.7407405,2016,2,0.74908094,0.69503339,0.66678571,0.68107582
"2016_02_TEN_DET",0.71176197,0.69861865,0.70407942,0.70399952,0.61202884,0.68475099,2016,2,0.70506308,0.73500567,0.77785205,0.7570698
"2016_02_SEA_LA",0.29307008,0.32565433,0.29700563,0.31501582,0.42386377,0.30620802,2016,2,0.31499765,0.32954284,0.27710785,0.30268315
"2016_02_ATL_OAK",0.63828547,0.6457107,0.64097624,0.64945412,0.63919306,0.67921614,2016,2,0.64511278,0.56044137,0.57033398,0.56539418
"2016_02_IND_DEN",0.67895144,0.69012859,0.67214346,0.67821741,0.60938346,0.71169499,2016,2,0.6746988,0.73693473,0.7044705,0.72099198
"2016_02_JAX_SD",0.57562886,0.55660164,0.56976004,0.58312464,0.50012821,0.61121779,2016,2,0.57754979,0.58918152,0.67647009,0.63392438
"2016_02_GB_MIN",0.46319378,0.45601599,0.45626382,0.47303042,0.44670871,0.50192244,2016,2,0.46943325,0.54303026,0.59925884,0.57137489
"2016_02_PHI_CHI",0.5870418,0.58171886,0.59367796,0.6003347,0.54861224,0.5938961,2016,2,0.600246,0.43908098,0.5144535,0.47663421
"2016_03_HOU_NE",0.52235173,0.54627671,0.51635959,0.52767986,0.45278507,0.45698589,2016,3,0.52622156,0.6154449,0.56053268,0.58826347
"2016_03_ARI_BUF",0.31706117,0.31490752,0.31437379,0.33253127,0.31264627,0.31211814,2016,3,0.33087088,0.37762917,0.44060568,0.40874308
"2016_03_BAL_JAX",0.4617607,0.43980497,0.46622363,0.44709328,0.45521337,0.46907156,2016,3,0.47820285,0.36220941,0.49769766,0.4286164
"2016_03_CLE_MIA",0.78459944,0.78808828,0.79066153,0.79108399,0.78006309,0.79169521,2016,3,0.78829086,0.6161968,0.63274979,0.62450967
"2016_03_DEN_CIN",0.61983311,0.59248478,0.62676364,0.6545831,0.64488018,0.63006442,2016,3,0.63148642,0.43015067,0.58302907,0.5067476
"2016_03_DET_GB",0.69958932,0.71798744,0.70393086,0.71472788,0.6900422,0.70071243,2016,3,0.70506308,0.6126768,0.57184841,0.59242211
"2016_03_MIN_CAR",0.70390981,0.68249395,0.70393086,0.68246919,0.67955887,0.68311698,2016,3,0.70506308,0.59641273,0.70148123,0.65077573
"2016_03_OAK_TEN",0.45556172,0.44606025,0.45486255,0.42252523,0.41977242,0.43298521,2016,3,0.46728972,0.44164914,0.52393723,0.48267573
"2016_03_WAS_NYG",0.61549511,0.62432229,0.61477377,0.61856329,0.60725766,0.61482675,2016,3,0.62006711,0.59512584,0.59434886,0.59473741
"2016_03_LA_TB",0.61164747,0.58227212,0.61328707,0.6126321,0.60970014,0.62260933,2016,3,0.61865117,0.49050862,0.63571048,0.56449177
"2016_03_SF_SEA",0.805136,0.78343909,0.80401287,0.81190854,0.7891469,0.80611033,2016,3,0.80119568,0.69692482,0.79313648,0.74806454
"2016_03_NYJ_KC",0.60218894,0.63434246,0.60357169,0.58251309,0.58524799,0.58679675,2016,3,0.60939794,0.60137214,0.51955914,0.56087922
"2016_03_PIT_PHI",0.34745081,0.3575902,0.34438675,0.32796982,0.33404315,0.33774722,2016,3,0.3602932,0.42883889,0.44116408,0.43499144
"2016_03_SD_IND",0.53384133,0.56711339,0.53711379,0.54591566,0.50326014,0.52648061,2016,3,0.5460454,0.52724308,0.45650146,0.49183138
"2016_03_CHI_DAL",0.70277188,0.69838597,0.70393086,0.71658158,0.6999355,0.70553151,2016,3,0.70506308,0.61344141,0.65741967,0.63571385
"2016_03_ATL_NO",0.58698445,0.57771822,0.59003997,0.59364712,0.54607099,0.58559797,2016,3,0.59650831,0.49140278,0.56980853,0.53079568
"2016_04_MIA_CIN",0.75320357,0.74330794,0.75408654,0.75801438,0.74947917,0.75277881,2016,4,0.75416248,0.65157678,0.70771336,0.68029781
"2016_04_IND_JAX",0.48233948,0.47262864,0.49149632,0.49137405,0.53486019,0.49395452,2016,4,0.50232299,0.36562356,0.45843666,0.41124087
"2016_04_BUF_NE",0.61614248,0.64566982,0.6082341,0.65109092,0.57758349,0.66372012,2016,4,0.61434081,0.69375022,0.61965486,0.65766305
"2016_04_CAR_ATL",0.42091153,0.4275439,0.42071378,0.39438006,0.4345026,0.40029504,2016,4,0.43391067,0.43694692,0.46725472,0.45205637
"2016_04_CLE_WAS",0.75126033,0.76892584,0.75408654,0.74494755,0.74147671,0.73655725,2016,4,0.75416248,0.67937985,0.63553916,0.65779626
"2016_04_DET_CHI",0.36169349,0.37804221,0.36195222,0.35654002,0.40668285,0.29065239,2016,4,0.3766504,0.40396669,0.40682789,0.40539649
"2016_04_OAK_BAL",0.62756611,0.64744733,0.62798983,0.62093765,0.6302371,0.62062839,2016,4,0.63325183,0.60730792,0.57476526,0.59113642
"2016_04_SEA_NYJ",0.46617776,0.47846421,0.47114906,0.4899185,0.49913272,0.41758925,2016,4,0.48270861,0.42770426,0.44660305,0.43713084
"2016_04_TEN_HOU",0.65791243,0.65246596,0.6416626,0.67471629,0.587964,0.72506674,2016,4,0.64633913,0.74923366,0.76001919,0.75466643
"2016_04_DEN_TB",0.35835904,0.32000013,0.36675403,0.34941858,0.392546,0.35446897,2016,4,0.38134883,0.24289924,0.4287765,0.32919081
"2016_04_DAL_SF",0.44848502,0.4820311,0.44986317,0.49497262,0.49819866,0.47543273,2016,4,0.46214743,0.4841424,0.4302793,0.45708543
"2016_04_LA_ARI",0.78617367,0.7551494,0.7874761,0.78072047,0.74419665,0.7755595,2016,4,0.78636564,0.63132138,0.76440146,0.70212275
"2016_04_NO_SD",0.64297875,0.62588486,0.6416626,0.64334917,0.5935818,0.63956205,2016,4,0.64633913,0.57621017,0.6590822,0.61850814
"2016_04_KC_PIT",0.61148724,0.61308765,0.61764484,0.59447718,0.59886903,0.59683202,2016,4,0.6233496,0.50415264,0.54684398,0.52554499
"2016_04_NYG_MIN",0.65019516,0.66776434,0.64038142,0.67175043,0.5991649,0.71267305,2016,4,0.64511278,0.72012672,0.67655159,0.69878729
"2016_05_ARI_SF",0.34759628,0.36076839,0.34838933,0.34569326,0.42598909,0.35487739,2016,5,0.36284836,0.38226758,0.39750316,0.3898585
"2016_05_CHI_IND",0.64392477,0.66952697,0.64753008,0.69155246,0.65448296,0.66143724,2016,5,0.65272188,0.59846997,0.55054058,0.57468074
"2016_05_HOU_MIN",0.69336435,0.71763212,0.69357664,0.68607211,0.64201194,0.68753397,2016,5,0.6969697,0.67081373,0.61229209,0.64208208
"2016_05_NE_CLE",0.19178693,0.16354373,0.18710775,0.19172435,0.35493413,0.19989377,2016,5,0.20128088,0.24073244,0.427274,0.32721133
"2016_05_NYJ_PIT",0.77506733,0.78382248,0.77674611,0.76692909,0.72477478,0.76751924,2016,5,0.77709035,0.69830279,0.68342848,0.69091508
"2016_05_PHI_DET",0.35275599,0.36700273,0.35234919,0.34623313,0.37561738,0.35151893,2016,5,0.36674817,0.3999128,0.40918536,0.40454056
"2016_05_TEN_MIA",0.55926317,0.58034988,0.54967166,0.55360067,0.47840235,0.55339375,2016,5,0.55860716,0.64923893,0.60621697,0.6279814
"2016_05_WAS_BAL",0.63596349,0.65253071,0.63961032,0.6520865,0.63367468,0.6665902,2016,5,0.64511278,0.57653753,0.56084678,0.5687094
"2016_05_ATL_DEN",0.64553554,0.67824563,0.63961032,0.66437244,0.6152305,0.65422488,2016,5,0.64511278,0.70133722,0.61638689,0.66014871
"2016_05_BUF_LA",0.43635744,0.48803324,0.43944671,0.48677403,0.51906478,0.49677869,2016,5,0.45195052,0.48660931,0.38326939,0.43422469
"2016_05_CIN_DAL",0.44715992,0.4370165,0.44150728,0.43995237,0.42869869,0.40426552,2016,5,0.4539546,0.4823215,0.55317777,0.51783932
"2016_05_SD_OAK",0.62462251,0.6525895,0.62726606,0.64994967,0.62324804,0.64523426,2016,5,0.63325183,0.59674822,0.54255642,0.56986156
"2016_05_NYG_GB",0.7362841,0.74057563,0.73506868,0.75189912,0.70349818,0.74630464,2016,5,0.73688962,0.68789339,0.68961695,0.68875583
"2016_05_TB_CAR",0.70007588,0.69130097,0.68857786,0.66907352,0.59759951,0.64777533,2016,5,0.69216451,0.73438041,0.75898234,0.74687893
"2016_06_DEN_SD",0.3939506,0.35011988,0.3998495,0.37140369,0.39171991,0.36188292,2016,6,0.41390728,0.27060656,0.47206932,0.36547166
"2016_06_BAL_NYG",0.62699735,0.62864431,0.63351409,0.64844882,0.6213811,0.64194476,2016,6,0.6397068,0.4970788,0.54127856,0.51921628
"2016_06_CAR_NO",0.419106,0.40035823,0.41846245,0.43927041,0.440887,0.40806996,2016,6,0.43207868,0.40119773,0.51268256,0.45639407
"2016_06_CIN_NE",0.746602,0.75895483,0.75004817,0.7304064,0.73317516,0.74009162,2016,6,0.75164854,0.65052729,0.63040949,0.64053014
"2016_06_CLE_TEN",0.74099119,0.73851046,0.74465611,0.74095541,0.73270148,0.75657849,2016,6,0.74645787,0.61337443,0.65313007,0.63347938
"2016_06_JAX_CHI",0.56103388,0.55631998,0.55881032,0.53796196,0.5030278,0.49217725,2016,6,0.56792132,0.54944199,0.59749202,0.57364079
"2016_06_LA_DET",0.57346185,0.53224905,0.56881718,0.5744105,0.47346154,0.57666931,2016,6,0.57754979,0.53054815,0.68207224,0.60893273
"2016_06_PHI_WAS",0.401772,0.41620703,0.3998495,0.36878783,0.39811021,0.38343012,2016,6,0.41390728,0.45809667,0.45940317,0.45874985
"2016_06_PIT_MIA",0.24524809,0.24714412,0.24911575,0.22956137,0.36084673,0.22828249,2016,6,0.26462805,0.24153982,0.30054694,0.27002902
"2016_06_SF_BUF",0.74090954,0.73662761,0.73313378,0.75729716,0.68023241,0.74641218,2016,6,0.73537195,0.76460971,0.7748662,0.76977799
"2016_06_KC_OAK",0.44923177,0.44216763,0.44935969,0.43002397,0.41515726,0.42278322,2016,6,0.46214743,0.43300507,0.50533947,0.4690095
"2016_06_ATL_SEA",0.72866961,0.70958357,0.73098094,0.75517613,0.72625208,0.75228102,2016,6,0.73330149,0.59283646,0.68915719,0.6424337
"2016_06_DAL_GB",0.67692527,0.71277158,0.68199419,0.66426635,0.64334315,0.66044891,2016,6,0.68624019,0.61544041,0.52415448,0.57039582
"2016_06_IND_HOU",0.59882568,0.58348762,0.59242432,0.56919956,0.45263752,0.5859027,2016,6,0.600246,0.61297391,0.67741183,0.64585455
"2016_06_NYJ_ARI",0.75603759,0.75280329,0.75771877,0.77618331,0.73151243,0.76576413,2016,6,0.75903614,0.65426683,0.68831029,0.67151381
"2016_07_CHI_GB",0.75005348,0.79160978,0.7509336,0.74411935,0.72261173,0.76442723,2016,7,0.75164854,0.75098441,0.59072867,0.67599438
"2016_07_NYG_LA",0.41546447,0.44072406,0.41161194,0.41568318,0.43996137,0.42163197,2016,7,0.42245021,0.51431227,0.46765536,0.49096414
"2016_07_BAL_NYJ",0.53080173,0.53499136,0.53007521,0.56973332,0.50320369,0.59611989,2016,7,0.53785257,0.52147735,0.5473791,0.53445145
"2016_07_BUF_MIA",0.42148541,0.43749589,0.4309741,0.41506776,0.48559478,0.41036399,2016,7,0.44139284,0.33081711,0.34831683,0.33951218
"2016_07_CLE_CIN",0.83203973,0.84023517,0.83309933,0.85923797,0.75304443,0.88214678,2016,7,0.83167082,0.75664493,0.7259854,0.74161136
"2016_07_IND_TEN",0.63774254,0.59376798,0.64087601,0.66452283,0.59525985,0.65247843,2016,7,0.64511278,0.4618886,0.65963222,0.56327319
"2016_07_MIN_PHI",0.43972612,0.43269234,0.44178184,0.41092113,0.44178805,0.4138129,2016,7,0.45195052,0.39757353,0.47752046,0.43713881
"2016_07_NO_KC",0.69372604,0.7217081,0.69048014,0.71573144,0.64707768,0.73157283,2016,7,0.6930878,0.72642333,0.63859915,0.68415224
"2016_07_OAK_JAX",0.52792595,0.5121033,0.53007521,0.4978081,0.45975164,0.49054837,2016,7,0.53785257,0.44667733,0.55004487,0.4983434
"2016_07_WAS_DET",0.49213068,0.4950829,0.49109897,0.48610157,0.46889454,0.47995844,2016,7,0.5,0.49413777,0.52744787,0.51080482
"2016_07_SD_ATL",0.65840429,0.67807351,0.65510223,0.69840568,0.64591926,0.69560648,2016,7,0.6588694,0.68261915,0.63150833,0.65752043
"2016_07_TB_SF",0.51065252,0.52857406,0.51353165,0.51628959,0.50017565,0.4986485,2016,7,0.52179715,0.48328424,0.47192139,0.47759992
"2016_07_NE_PIT",0.26917354,0.27703023,0.25864655,0.24730456,0.34686184,0.191524,2016,7,0.27110501,0.48790769,0.4889219,0.48841478
"2016_07_SEA_ARI",0.54889431,0.5466385,0.55148245,0.53906691,0.52551448,0.54536346,2016,7,0.55860716,0.48016611,0.53537343,0.50779353
"2016_07_HOU_DEN",0.77265276,0.76453733,0.77501704,0.78539759,0.74176973,0.79790579,2016,7,0.77503595,0.64313879,0.70033274,0.67237537
"2016_08_JAX_TEN",0.57225506,0.55033167,0.56927507,0.53403938,0.45978978,0.55230903,2016,8,0.57579972,0.54992391,0.64939989,0.60070005
"2016_08_WAS_CIN",0.57745688,0.57504322,0.57992501,0.62370282,0.54423749,0.61548383,2016,8,0.58609272,0.49309512,0.54738669,0.52030084
"2016_08_ARI_CAR",0.54943062,0.53300313,0.55149542,0.52701426,0.51440847,0.53104114,2016,8,0.55860716,0.45550193,0.55845571,0.5070536
"2016_08_DET_HOU",0.50192108,0.52041367,0.50058811,0.5558604,0.51916385,0.53362146,2016,8,0.50929843,0.53680985,0.51499034,0.52591247
"2016_08_KC_IND",0.41861715,0.41166532,0.42123786,0.42949221,0.48252299,0.43273836,2016,8,0.43207868,0.36538704,0.44808642,0.40607101
"2016_08_NE_BUF",0.30959221,0.29513349,0.30226545,0.31329647,0.35749558,0.33766846,2016,8,0.31499765,0.44819062,0.54230506,0.49520537
"2016_08_NYJ_CLE",0.42675995,0.40633843,0.43077865,0.37192065,0.45009208,0.31509657,2016,8,0.44139284,0.32813832,0.45754158,0.39092386
"2016_08_OAK_TB",0.51948154,0.5053678,0.51804331,0.45214888,0.43561515,0.46938157,2016,8,0.52622156,0.49665732,0.58251858,0.53988385
"2016_08_SEA_NO",0.48281069,0.45721828,0.49100592,0.51779598,0.51210284,0.50978549,2016,8,0.5,0.2981211,0.44646587,0.36920922
"2016_08_SD_DEN",0.62529349,0.64376443,0.61849771,0.62259245,0.55173922,0.67090369,2016,8,0.6233496,0.71833189,0.66953408,0.69447836
"2016_08_GB_ATL",0.58549465,0.57365075,0.58570674,0.61411744,0.52019489,0.65572765,2016,8,0.59167926,0.52211905,0.5997712,0.56132049
"2016_08_PHI_DAL",0.67190939,0.63603607,0.6727458,0.65360153,0.60768551,0.57522901,2016,8,0.67572961,0.5329509,0.68891177,0.61384788
"2016_08_MIN_CHI",0.30431395,0.27070746,0.30722796,0.27807042,0.36566582,0.28992478,2016,8,0.31992244,0.23026781,0.41399328,0.31493649
"2016_09_ATL_TB",0.33376469,0.33227523,0.33238164,0.29670388,0.34730065,0.30662515,2016,9,0.34377818,0.380415,0.44097212,0.41035394
"2016_09_DAL_CLE",0.25905137,0.24525161,0.26291723,0.22225793,0.37226108,0.25522394,2016,9,0.27492138,0.19700451,0.31327982,0.25068237
"2016_09_DET_MIN",0.64360585,0.65195776,0.64109977,0.66451347,0.60779685,0.66753244,2016,9,0.64387809,0.6571264,0.64705862,0.6521095
"2016_09_JAX_KC",0.73787258,0.78238657,0.7320649,0.71671832,0.71090865,0.68648484,2016,9,0.73190349,0.84989685,0.69815649,0.7834971
"2016_09_NYJ_MIA",0.63394676,0.62847406,0.63678272,0.62987566,0.61493754,0.61619971,2016,9,0.6397068,0.51175441,0.57621627,0.54417032
"2016_09_PHI_NYG",0.57646147,0.56181234,0.57955182,0.56696397,0.53418201,0.55849659,2016,9,0.58441125,0.44831548,0.55128483,0.49979802
"2016_09_PIT_BAL",0.39623241,0.39369416,0.39648524,0.36576384,0.40319067,0.36373068,2016,9,0.40669856,0.39235172,0.45723792,0.42446943
"2016_09_CAR_LA",0.42040337,0.4228381,0.42061518,0.4160831,0.44928697,0.42162453,2016,9,0.43026174,0.42025982,0.46529939,0.44266174
"2016_09_NO_SF",0.32685045,0.33041589,0.3251462,0.35545671,0.36922601,0.3525382,2016,9,0.33664221,0.39170532,0.43210495,0.41175649
"2016_09_IND_GB",0.754606,0.75748893,0.754992,0.76652998,0.73425025,0.76362892,2016,9,0.75416248,0.67998781,0.68598729,0.68299516
"2016_09_TEN_SD",0.62344461,0.65206378,0.62269986,0.63855475,0.59363854,0.63422675,2016,9,0.62610059,0.64195298,0.56667168,0.60493425
"2016_09_DEN_OAK",0.48150212,0.47006585,0.48514816,0.50920653,0.52784759,0.49431414,2016,9,0.49302844,0.37514929,0.47459486,0.42410399
"2016_09_BUF_SEA",0.66946686,0.66570972,0.66942511,0.69417071,0.64696312,0.71429706,2016,9,0.67125539,0.60510631,0.64598296,0.62576895
"2016_10_CLE_BAL",0.75904426,0.78214593,0.75789362,0.75563407,0.72641516,0.74377675,2016,10,0.75662446,0.7640534,0.68016296,0.72407712
"2016_10_ATL_PHI",0.52919885,0.55248219,0.53144499,0.51697147,0.51134408,0.52146771,2016,10,0.53785257,0.48745281,0.45863694,0.47302241
"2016_10_CHI_TB",0.41677761,0.42860902,0.41243357,0.41431567,0.43266475,0.43836627,2016,10,0.42245021,0.54852619,0.53871474,0.5436247
"2016_10_DEN_NO",0.57868717,0.53287192,0.58141891,0.58531523,0.51871473,0.59768676,2016,10,0.58609272,0.39030606,0.60236591,0.49616344
"2016_10_GB_TEN",0.41976717,0.38512865,0.42045331,0.40580571,0.42814443,0.42361673,2016,10,0.43026174,0.34304504,0.52195031,0.43022137
"2016_10_HOU_JAX",0.58300135,0.54660494,0.59056036,0.56331861,0.55315393,0.57677604,2016,10,0.59491107,0.29700545,0.49015428,0.38924348
"2016_10_KC_CAR",0.60742631,0.58775946,0.61070457,0.59542423,0.58154964,0.59106888,2016,10,0.61434081,0.44131222,0.56446029,0.50293071
"2016_10_LA_NYJ",0.47613012,0.45051472,0.46980169,0.48998633,0.44613659,0.48755062,2016,10,0.47820285,0.57329212,0.67504341,0.62555412
"2016_10_MIN_WAS",0.57258472,0.55163256,0.57256422,0.52670491,0.51019681,0.55281908,2016,10,0.57754979,0.49820811,0.61013735,0.5548684
"2016_10_MIA_SD",0.6463801,0.62906668,0.6463935,0.63185346,0.59186435,0.64804804,2016,10,0.64876715,0.56035417,0.6529002,0.60759302
"2016_10_DAL_PIT",0.60850186,0.63731013,0.61517357,0.61056292,0.59307694,0.61094786,2016,10,0.61865117,0.44348186,0.40476111,0.42400485
"2016_10_SF_ARI",0.87809838,0.86079135,0.87703952,0.86439353,0.72670054,0.87057031,2016,10,0.87339242,0.80058545,0.86659694,0.83624883
"2016_10_SEA_NE",0.73780532,0.73169185,0.73894437,0.75374651,0.72050494,0.7547853,2016,10,0.73823661,0.62277802,0.67308092,0.64834095
"2016_10_CIN_NYG",0.47427561,0.52293464,0.47444985,0.50275016,0.50722414,0.49114105,2016,10,0.48270861,0.54187648,0.42013777,0.48072099
"2016_11_NO_CAR",0.62797359,0.66056845,0.62855468,0.60968983,0.59940028,0.60990956,2016,11,0.63280927,0.6267253,0.54815882,0.58800252
"2016_11_ARI_MIN",0.5349777,0.53241288,0.5350558,0.52863151,0.47898436,0.53302018,2016,11,0.54198473,0.50164299,0.552676,0.52723062
"2016_11_BAL_DAL",0.73596651,0.71968001,0.73062594,0.72829008,0.65465355,0.7278724,2016,11,0.73190349,0.70976444,0.76514355,0.73839915
"2016_11_BUF_CIN",0.55292265,0.56442885,0.55602691,0.54807824,0.53927493,0.56038656,2016,11,0.56237947,0.50099573,0.51162775,0.50631245
"2016_11_CHI_NYG",0.72103863,0.74442221,0.71956191,0.76324606,0.74726522,0.75421089,2016,11,0.72115035,0.71548649,0.64721926,0.68233215
"2016_11_JAX_DET",0.68636488,0.71038445,0.67726451,0.68968767,0.62396926,0.68587575,2016,11,0.68007756,0.77074443,0.69921877,0.73653767
"2016_11_PIT_CLE",0.25067698,0.23002104,0.25124827,0.28441694,0.36173952,0.26741411,2016,11,0.26243519,0.24501396,0.38695087,0.31157513
"2016_11_TB_KC",0.72860723,0.76672422,0.7243626,0.73544341,0.72884721,0.73013852,2016,11,0.72581552,0.77873803,0.65319759,0.72025481
"2016_11_TEN_IND",0.56617177,0.59767276,0.56359806,0.56686002,0.5501703,0.5808501,2016,11,0.56973826,0.61359193,0.54265652,0.57852931
"2016_11_MIA_LA",0.49618526,0.50663669,0.49671889,0.53310901,0.53511935,0.53026137,2016,11,0.50464662,0.48810321,0.50155257,0.49482696
"2016_11_NE_SF",0.17360294,0.16536787,0.17625531,0.17861018,0.32134268,0.18333038,2016,11,0.18662519,0.17156978,0.2678708,0.21585325
"2016_11_PHI_SEA",0.70669912,0.70929083,0.70668494,0.74731064,0.74782062,0.7307429,2016,11,0.70864099,0.64689846,0.66030134,0.65363038
"2016_11_GB_WAS",0.55778549,0.55434276,0.55018208,0.56639874,0.48827061,0.55656912,2016,11,0.55669711,0.61090831,0.64132446,0.62624112
"2016_11_HOU_OAK",0.69081308,0.67903213,0.69741447,0.70234936,0.66329277,0.70584389,2016,11,0.69963837,0.51417697,0.60369886,0.55942089
"2016_12_MIN_DET",0.52226269,0.54196981,0.52373969,0.56314188,0.56522107,0.65360573,2016,12,0.53056675,0.51405379,0.49546799,0.50476254
"2016_12_WAS_DAL",0.68226245,0.67384726,0.67952997,0.68032938,0.64737445,0.72371091,2016,12,0.68107452,0.63760225,0.68451429,0.66145484
"2016_12_PIT_IND",0.22080537,0.23682809,0.20687686,0.22405779,0.34005702,0.1881759,2016,12,0.21891419,0.50340205,0.45825816,0.4807909
"2016_12_ARI_ATL",0.63379105,0.61598686,0.6327248,0.62396538,0.58785385,0.63997867,2016,12,0.63586074,0.5636633,0.65202434,0.60873456
"2016_12_CIN_BAL",0.62342125,0.63611023,0.63002289,0.62449741,0.62899905,0.60811161,2016,12,0.63325183,0.52191738,0.52624531,0.5240818
"2016_12_JAX_BUF",0.76768396,0.78628194,0.7600026,0.77325863,0.78081006,0.76881831,2016,12,0.75903614,0.81007309,0.74440082,0.77897913
"2016_12_LA_NO",0.74898144,0.70412694,0.74975315,0.73706424,0.73128217,0.75285247,2016,12,0.74908094,0.57992366,0.76111471,0.67713367
"2016_12_NYG_CLE",0.27129823,0.25594413,0.27754221,0.26309875,0.30638403,0.1799232,2016,12,0.28970863,0.21671492,0.33726209,0.27284881
"2016_12_SD_HOU",0.45309456,0.48511417,0.44269476,0.46505731,0.46395034,0.48615895,2016,12,0.45195052,0.60907692,0.53128524,0.57061707
"2016_12_SF_MIA",0.7479963,0.74779416,0.73857766,0.71856922,0.67623961,0.68483526,2016,12,0.73823661,0.779549,0.77483405,0.77720043
"2016_12_TEN_CHI",0.30245049,0.31049772,0.29095333,0.28929365,0.33111927,0.21575715,2016,12,0.3030303,0.48689796,0.49074081,0.48881922
"2016_12_SEA_TB",0.3159348,0.29291867,0.31692872,0.31090721,0.33420545,0.31558116,2016,12,0.32874461,0.2918882,0.43563925,0.36064744
"2016_12_CAR_OAK",0.6003889,0.61236295,0.6022054,0.59877414,0.56985754,0.56049564,2016,12,0.60639313,0.55694163,0.55567419,0.556308
"2016_12_NE_NYJ",0.20659573,0.17688008,0.19974911,0.22168699,0.3541702,0.26134852,2016,12,0.21170914,0.27846601,0.47548508,0.37165791
"2016_12_KC_DEN",0.62232567,0.59661579,0.62261645,0.61274594,0.5721705,0.57587467,2016,12,0.62610059,0.52593305,0.64556548,0.58703321
"2016_12_GB_PHI",0.64633771,0.66303784,0.64357596,0.65138179,0.63408738,0.66654253,2016,12,0.64633913,0.65130995,0.61745442,0.63454843
"2016_13_DAL_MIN",0.39728606,0.40454986,0.3989161,0.41167098,0.45823392,0.41926224,2016,13,0.4099556,0.3943087,0.4282185,0.41115811
"2016_13_DEN_JAX",0.35415463,0.31240505,0.36326284,0.32654205,0.3560254,0.32363277,2016,13,0.37526998,0.20029921,0.40262392,0.29121619
"2016_13_DET_NO",0.71885711,0.67018775,0.72310975,0.71928251,0.76080412,0.71459997,2016,13,0.7219084,0.48598169,0.70576754,0.60094734
"2016_13_HOU_GB",0.73592727,0.72852902,0.74086763,0.72391313,0.72839564,0.75399108,2016,13,0.73905553,0.56777527,0.63581449,0.60228899
"2016_13_KC_ATL",0.65381986,0.61006134,0.65760193,0.62844509,0.64117283,0.63839194,2016,13,0.6588694,0.46219783,0.65832292,0.56270952
"2016_13_LA_NE",0.86810615,0.8659611,0.86608097,0.86182791,0.77281547,0.85176864,2016,13,0.86133768,0.82274328,0.82499506,0.823872
"2016_13_MIA_BAL",0.62431254,0.63336297,0.63091688,0.64112747,0.63348496,0.64091086,2016,13,0.63325183,0.49516945,0.51579286,0.50548348
"2016_13_PHI_CIN",0.52468713,0.49712013,0.5216599,0.51621252,0.43858993,0.50514644,2016,13,0.52840393,0.49385662,0.61988018,0.55779859
"2016_13_SF_CHI",0.47383729,0.46458262,0.4626381,0.40772715,0.37394887,0.37269437,2016,13,0.47159607,0.59790063,0.64325948,0.62084407
"2016_13_BUF_OAK",0.58077878,0.60337195,0.58175846,0.59283531,0.55836356,0.61364177,2016,13,0.58609272,0.56690283,0.52882743,0.54793526
"2016_13_NYG_PIT",0.73942434,0.71891856,0.74291822,0.74841261,0.73725277,0.72958808,2016,13,0.74103772,0.56827429,0.68156058,0.62665268
"2016_13_TB_SD",0.62685221,0.63276542,0.63091688,0.61983007,0.62253469,0.62912104,2016,13,0.63325183,0.52852373,0.55246842,0.54051946
"2016_13_WAS_ARI",0.54711448,0.56697197,0.55112255,0.55040175,0.50848722,0.54523737,2016,13,0.55669711,0.49470525,0.47919727,0.48694812
"2016_13_CAR_SEA",0.77403816,0.78265902,0.77800689,0.78742152,0.78964818,0.79111423,2016,13,0.77503595,0.64852412,0.63927589,0.64391343
"2016_13_IND_NYJ",0.53552869,0.50391205,0.53149546,0.55337167,0.47836873,0.53290646,2016,13,0.53785257,0.50894084,0.64317478,0.57748775
"2016_14_OAK_KC",0.64804397,0.6563613,0.6483619,0.64353907,0.65557092,0.6339125,2016,14,0.64996898,0.60258875,0.60650047,0.60454628
"2016_14_ARI_MIA",0.45470083,0.46026951,0.45254319,0.42792645,0.42846087,0.41049584,2016,14,0.46214743,0.47940575,0.50714412,0.49326975
"2016_14_CHI_DET",0.74621635,0.7813883,0.74240523,0.75118035,0.76291102,0.76123379,2016,14,0.74038027,0.77584992,0.66154041,0.72230113
"2016_14_CIN_CLE",0.3369608,0.33817622,0.35009703,0.41331938,0.45420045,0.43882814,2016,14,0.36284836,0.23137108,0.30276617,0.26553947
"2016_14_DEN_TEN",0.53303691,0.46628001,0.54196084,0.48487523,0.45416701,0.45530929,2016,14,0.54804948,0.31323337,0.57545743,0.44017631
"2016_14_HOU_IND",0.70693218,0.72323828,0.71309661,0.73164052,0.7533949,0.76439516,2016,14,0.71212946,0.59251697,0.57370281,0.58314016
"2016_14_MIN_JAX",0.36374006,0.34854829,0.37351067,0.33864221,0.40271845,0.37226063,2016,14,0.38565919,0.25942413,0.37565162,0.31464217
"2016_14_PIT_BUF",0.47114592,0.47350209,0.46921476,0.50275439,0.47867942,0.48478851,2016,14,0.47820285,0.48399217,0.52085543,0.5024271
"2016_14_SD_CAR",0.51534212,0.54513018,0.50880137,0.49636236,0.48855245,0.52568923,2016,14,0.51624681,0.60781049,0.54556867,0.57699507
"2016_14_WAS_PHI",0.45717165,0.47969647,0.45788025,0.49527499,0.50747991,0.45248911,2016,14,0.46728972,0.47644957,0.45778419,0.46710537
"2016_14_NYJ_SF",0.56294273,0.55240468,0.57456609,0.60379165,0.58393896,0.62965041,2016,14,0.57928581,0.38459936,0.48360141,0.43343632
"2016_14_ATL_LA",0.32121148,0.35112051,0.32788628,0.34290895,0.38251781,0.34420787,2016,14,0.3411306,0.32046386,0.30060349,0.31044637
"2016_14_NO_TB",0.54666816,0.5789257,0.54196084,0.51701206,0.48371685,0.53295427,2016,14,0.54804948,0.61565418,0.54611096,0.58128631
"2016_14_SEA_GB",0.40878914,0.401075,0.41143532,0.39750716,0.42203638,0.40430669,2016,14,0.42245021,0.37317796,0.45646138,0.41420667
"2016_14_DAL_NYG",0.35091985,0.36773164,0.35409396,0.41229215,0.46075222,0.40773368,2016,14,0.36674817,0.3614588,0.37225212,0.36683876
"2016_14_BAL_NE",0.70279365,0.71154527,0.69614481,0.70518374,0.64368588,0.70955908,2016,14,0.69582547,0.72468126,0.70398106,0.71444375
"2016_15_LA_SEA",0.89967804,0.89110888,0.9000755,0.89507502,0.77543944,0.90868208,2016,15,0.89481066,0.79628216,0.83746535,0.81777621
"2016_15_MIA_NYJ",0.41505125,0.40459917,0.41199264,0.42325485,0.40923193,0.4218631,2016,15,0.42245021,0.4244449,0.50644894,0.46521185
"2016_15_CLE_BUF",0.82159601,0.81545451,0.8078244,0.80576259,0.73878759,0.80553916,2016,15,0.80355001,0.84342528,0.84542501,0.84442777
"2016_15_DET_NYG",0.6345862,0.63210902,0.64505671,0.64891768,0.62959838,0.6474712,2016,15,0.64633913,0.49071248,0.55161859,0.52124448
"2016_15_GB_CHI",0.31189211,0.2757236,0.31121536,0.3185007,0.30438489,0.30987589,2016,15,0.32427039,0.28590371,0.47179891,0.3742227
"2016_15_IND_MIN",0.69148695,0.67509736,0.68860189,0.68428552,0.63737017,0.6833155,2016,15,0.68815256,0.6226525,0.69537684,0.65995647
"2016_15_JAX_HOU",0.64920621,0.68783583,0.63140923,0.63771629,0.59921169,0.6393762,2016,15,0.63325183,0.77616571,0.66520898,0.72412724
"2016_15_PHI_BAL",0.67591613,0.67952837,0.67567588,0.6771909,0.65960652,0.6675263,2016,15,0.67572961,0.62201466,0.63634294,0.62920722
"2016_15_PIT_CIN",0.40197215,0.38221192,0.39572913,0.40974069,0.43312302,0.41223452,2016,15,0.40669856,0.42453842,0.53328945,0.47866111
"2016_15_TEN_KC",0.70045178,0.75838287,0.69154089,0.69074661,0.67213273,0.686015,2016,15,0.69097875,0.79177371,0.60807907,0.70836315
"2016_15_NO_ARI",0.59125292,0.62389177,0.58802969,0.59345764,0.57973421,0.59153202,2016,15,0.59167926,0.6251454,0.55130372,0.58872397
"2016_15_SF_ATL",0.88866821,0.89723198,0.88387759,0.88060564,0.77744937,0.88369648,2016,15,0.87858184,0.87669574,0.83028171,0.85502447
"2016_15_NE_DEN",0.40500203,0.39454001,0.40316826,0.41341186,0.44397601,0.41237191,2016,15,0.41390728,0.40752752,0.49245913,0.44962626
"2016_15_OAK_SD",0.44161056,0.39701791,0.44252891,0.44294578,0.39312881,0.43412855,2016,15,0.45195052,0.36108644,0.55468452,0.4562329
"2016_15_TB_DAL",0.72940475,0.74070177,0.73089866,0.7283783,0.74104977,0.73354215,2016,15,0.72889499,0.66519319,0.64752472,0.65641308
"2016_15_CAR_WAS",0.72749035,0.68921316,0.73164106,0.72760707,0.72316647,0.7142958,2016,15,0.72961162,0.54785895,0.71217256,0.63390155
"2016_16_NYG_PHI",0.52649506,0.5046994,0.536281,0.54670966,0.53910464,0.55543687,2016,16,0.54402389,0.39087477,0.5174103,0.45338981
"2016_16_ATL_CAR",0.40187235,0.44871118,0.40047923,0.41365871,0.4737649,0.40883013,2016,16,0.41390728,0.49383099,0.40058991,0.44674217
"2016_16_MIA_BUF",0.66212613,0.66124131,0.66990552,0.67104942,0.6657508,0.67939471,2016,16,0.67125539,0.5340135,0.58246439,0.55837787
"2016_16_MIN_GB",0.70864324,0.71724989,0.70906374,0.71037668,0.70155025,0.70343789,2016,16,0.70864099,0.65254374,0.64681739,0.64968595
"2016_16_NYJ_NE",0.92052423,0.92868797,0.92057754,0.9158051,0.75514776,0.91303695,2016,16,0.91518685,0.87050821,0.81773524,0.8459612
"2016_16_SD_CLE",0.32202795,0.33833321,0.33466087,0.34600165,0.43124151,0.34028601,2016,16,0.35003102,0.27539442,0.30250544,0.28876097
"2016_16_TEN_JAX",0.33442397,0.32458544,0.33963774,0.3459256,0.36100903,0.33773112,2016,16,0.35488722,0.30259678,0.39947786,0.34948542
"2016_16_WAS_CHI",0.3901968,0.36574387,0.39301584,0.40136543,0.40970707,0.42638564,2016,16,0.40669856,0.34166633,0.47757237,0.40785882
"2016_16_IND_OAK",0.61873879,0.64725502,0.61615801,0.61964172,0.57250887,0.61327038,2016,16,0.62006711,0.63648112,0.57478756,0.60605694
"2016_16_ARI_SEA",0.77424821,0.78409643,0.77603895,0.77408189,0.75271565,0.78344967,2016,16,0.77294229,0.69857799,0.67954643,0.68914215
"2016_16_SF_LA",0.69603416,0.74557156,0.69964523,0.69821048,0.64075404,0.68578739,2016,16,0.69963837,0.68536957,0.53968625,0.61510432
"2016_16_TB_NO",0.60690171,0.57703129,0.61014093,0.61088061,0.5634709,0.60849819,2016,16,0.61434081,0.48712166,0.62143402,0.55528733
"2016_16_CIN_HOU",0.58264625,0.59358613,0.58632755,0.59663254,0.55513841,0.59332837,2016,16,0.59167926,0.53017567,0.54047153,0.53532736
"2016_16_BAL_PIT",0.70234094,0.69006039,0.69685178,0.69425374,0.6150012,0.683009,2016,16,0.6969697,0.66379749,0.71371015,0.68930407
"2016_16_DEN_KC",0.6384177,0.67043044,0.63679059,0.64240718,0.62772304,0.63975102,2016,16,0.6397068,0.65020301,0.57509455,0.61332246
"2016_16_DET_DAL",0.72521237,0.70816805,0.72034318,0.71801072,0.68367964,0.71573706,2016,16,0.71943296,0.67005652,0.73378782,0.70290785
"2016_17_BAL_CIN",0.43850111,0.40467964,0.42284114,0.43409157,0.42986742,0.4488342,2016,17,0.43391067,0.51250213,0.6428568,0.57905666
"2016_17_BUF_NYJ",0.34633922,0.35356842,0.34708321,0.36046293,0.38625833,0.36218182,2016,17,0.3602932,0.37181454,0.40691242,0.38921998
"2016_17_CAR_TB",0.63439049,0.60027279,0.63719001,0.63861603,0.60259151,0.61368608,2016,17,0.6397068,0.49900881,0.65002044,0.57629498
"2016_17_CHI_MIN",0.70567402,0.72587559,0.70150211,0.70397168,0.65524566,0.70854271,2016,17,0.7013921,0.71128093,0.65490007,0.68376549
"2016_17_CLE_PIT",0.68193372,0.68819956,0.63719001,0.63867664,0.56496781,0.62668194,2016,17,0.6397068,0.90118172,0.86409364,0.88391823
"2016_17_DAL_PHI",0.66219834,0.64511278,0.69285774,0.69199443,0.64102775,0.6541102,2016,17,0.6930878,0.29360133,0.43817451,0.36279223
"2016_17_HOU_TEN",0.59400339,0.57005579,0.60240046,0.60683525,0.56991673,0.57758938,2016,17,0.60639313,0.43843607,0.57090004,0.50475143
"2016_17_JAX_IND",0.7044637,0.7338259,0.69689928,0.69957107,0.65734321,0.72078976,2016,17,0.6969697,0.7515828,0.66069114,0.7082136
"2016_17_NE_MIA",0.22464832,0.2077153,0.21625261,0.22901233,0.32454222,0.19798117,2016,17,0.23074366,0.3210081,0.44677287,0.38191438
"2016_17_ARI_LA",0.25940057,0.30255804,0.26285802,0.2787717,0.39685234,0.27410033,2016,17,0.27733756,0.34105669,0.26203498,0.3000618
"2016_17_KC_SD",0.30079187,0.24126561,0.30091782,0.31152979,0.32537231,0.29622813,2016,17,0.31499765,0.23159876,0.51218605,0.36002033
"2016_17_NO_ATL",0.76127649,0.76903062,0.76131682,0.75889802,0.75307149,0.76383857,2016,17,0.75903614,0.70106822,0.68670196,0.6939322
"2016_17_NYG_WAS",0.78353656,0.76669931,0.79520115,0.7921927,0.74833196,0.77997898,2016,17,0.79188754,0.53305045,0.65450559,0.59523491
"2016_17_OAK_DEN",0.51862792,0.50135782,0.52099635,0.52590066,0.49504161,0.48938334,2016,17,0.52840393,0.44683051,0.55120841,0.49900866
"2016_17_SEA_SF",0.1710614,0.1518178,0.17270791,0.18499032,0.33480191,0.183154,2016,17,0.18662519,0.1712348,0.31924995,0.23738663
"2016_17_GB_DET",0.35268966,0.37249428,0.34708321,0.36046293,0.40132821,0.36357171,2016,17,0.3602932,0.45470054,0.43421495,0.44443414
"2016_18_OAK_HOU",0.6436244,0.60428675,0.65860305,0.66246963,0.65232033,0.66438918,2016,18,0.6588694,0.40729288,0.60112013,0.50437072
"2016_18_DET_SEA",0.77966361,0.7646333,0.78142973,0.77785563,0.77809644,0.77896026,2016,18,0.77709035,0.65500573,0.7314483,0.69456518
"2016_18_MIA_PIT",0.83457078,0.83827422,0.8430329,0.83493078,0.7646392,0.83059439,2016,18,0.83730618,0.67397342,0.68274267,0.67837376
"2016_18_NYG_GB",0.66280598,0.65624979,0.66096352,0.65937781,0.64172113,0.65021106,2016,18,0.66112812,0.60544586,0.65271169,0.62938853
"2016_19_SEA_ATL",0.71291851,0.69832239,0.71682774,0.7162562,0.75037587,0.71896459,2016,19,0.71374046,0.58147101,0.66714056,0.62528638
"2016_19_HOU_NE",0.90623723,0.90390624,0.90780442,0.90022874,0.78305924,0.89882117,2016,19,0.90109556,0.80286497,0.81676383,0.8099116
"2016_19_GB_DAL",0.67749229,0.65116787,0.68274218,0.68555987,0.65962505,0.68679699,2016,19,0.68107452,0.52231636,0.65488774,0.59024044
"2016_19_PIT_KC",0.56666799,0.58751323,0.56405974,0.56797421,0.55007213,0.56168143,2016,19,0.56792132,0.58348662,0.54799829,0.56582682
"2016_20_GB_ATL",0.69505707,0.67119705,0.69770166,0.70070887,0.66464138,0.70685085,2016,20,0.69582547,0.5619945,0.67849504,0.62200388
"2016_20_PIT_NE",0.67484872,0.67641466,0.66977477,0.66981566,0.65727741,0.66739224,2016,20,0.66912912,0.65397035,0.66587368,0.65994726
"2016_21_NE_ATL",0.42147291,0.4120712,0.42140548,0.42944133,0.44581607,0.43065027,2016,21,0.43207868,0.40706336,0.49252842,0.44942267
"2017_01_KC_NE",0.79600853,0.78418223,0.80189879,0.79577351,0.75270146,0.79044371,2017,1,0.79577045,0.62994769,0.70878101,0.67056283
"2017_01_ARI_DET",0.46113754,0.5084034,0.46463135,0.47378308,0.50946867,0.48193309,2017,1,0.47377844,0.50577288,0.40375547,0.45428442
"2017_01_ATL_CHI",0.26284554,0.27260707,0.26716722,0.28164479,0.32465005,0.26711089,2017,1,0.28289498,0.28664562,0.31904974,0.30260219
"2017_01_BAL_CIN",0.57591214,0.55144074,0.56556233,0.57156259,0.50486189,0.57438647,2017,1,0.56973826,0.57027319,0.66901007,0.62089258
"2017_01_JAX_HOU",0.67918066,0.697439,0.67707704,0.67573375,0.66580945,0.67944575,2017,1,0.67572961,0.66431739,0.62116649,0.64303195
"2017_01_NYJ_BUF",0.75330326,0.72899095,0.75893604,0.75392336,0.74483091,0.75252205,2017,1,0.75416248,0.57528519,0.70279349,0.64153712
"2017_01_OAK_TEN",0.55402309,0.52573864,0.55383609,0.55708504,0.46824947,0.5434478,2017,1,0.55860716,0.4733153,0.60829912,0.54156981
"2017_01_PHI_WAS",0.46612792,0.43535999,0.44811211,0.45648384,0.4318426,0.44815123,2017,1,0.45801527,0.534341,0.65316759,0.59514746
"2017_01_PIT_CLE",0.18779593,0.19133929,0.18541138,0.20029061,0.33050019,0.19898813,2017,1,0.20128088,0.26903573,0.31470922,0.2913457
"2017_01_IND_LA",0.6036981,0.64373217,0.63244967,0.63295227,0.62182641,0.62318667,2017,1,0.63325183,0.40940089,0.35639325,0.38254784
"2017_01_CAR_SF",0.31572964,0.29271484,0.30936299,0.3229197,0.3230038,0.31539251,2017,1,0.32427039,0.35104075,0.49031742,0.41906779
"2017_01_SEA_GB",0.55791477,0.56756473,0.55383609,0.55828923,0.52300209,0.55502648,2017,1,0.55860716,0.56865766,0.56965312,0.56915546
"2017_01_NYG_DAL",0.69723619,0.68173017,0.69813236,0.69582945,0.65952694,0.70005038,2017,1,0.69582547,0.59355276,0.67608465,0.63581693
"2017_01_NO_MIN",0.61133968,0.61631881,0.615582,0.61722928,0.59991306,0.62293931,2017,1,0.61722488,0.53938905,0.56459522,0.55202555
"2017_01_LAC_DEN",0.58456534,0.61221503,0.57379211,0.5775544,0.50861901,0.52461698,2017,1,0.57754979,0.66465884,0.59297289,0.6295291
"2017_02_HOU_CIN",0.68526612,0.66756452,0.68739023,0.6859858,0.65568137,0.68193593,2017,2,0.68596957,0.5697371,0.65995099,0.6158398
"2017_02_ARI_IND",0.27405143,0.29924396,0.26061905,0.27601615,0.35575974,0.27223589,2017,2,0.27733756,0.49879533,0.43900151,0.46878639
"2017_02_BUF_CAR",0.71123363,0.74547143,0.72246103,0.71944815,0.71208388,0.71506523,2017,2,0.71943296,0.59174516,0.51121806,0.55182128
"2017_02_CHI_TB",0.74350713,0.73707302,0.73998364,0.73602861,0.72217518,0.7320072,2017,2,0.73621103,0.69156903,0.72326506,0.70766911
"2017_02_CLE_BAL",0.75593204,0.7547136,0.74786998,0.74379188,0.72347635,0.73965156,2017,2,0.74377745,0.75250522,0.75530223,0.7539064
"2017_02_MIN_PIT",0.77283202,0.77036942,0.7781615,0.77295554,0.73563969,0.76914026,2017,2,0.77294229,0.6297033,0.66936175,0.6497913
"2017_02_NE_NO",0.31834001,0.29350432,0.31301429,0.32853734,0.35700074,0.32464,2017,2,0.32874461,0.35410203,0.49219264,0.42161572
"2017_02_PHI_KC",0.65815401,0.64670091,0.64952346,0.64975524,0.58248335,0.64505339,2017,2,0.64996898,0.65765703,0.70228911,0.68038603
"2017_02_TEN_JAX",0.48562117,0.4667555,0.47317223,0.48451826,0.4659349,0.47733297,2017,2,0.48270861,0.5486218,0.62752477,0.58864294
"2017_02_MIA_LAC",0.62324667,0.59907767,0.6319062,0.63326931,0.62319022,0.62823576,2017,2,0.63325183,0.45336292,0.58389588,0.51895279
"2017_02_NYJ_OAK",0.87344956,0.87436652,0.88063941,0.87328851,0.73516077,0.87099167,2017,2,0.87339242,0.68357599,0.70693854,0.69538311
"2017_02_DAL_DEN",0.44382368,0.46485025,0.44089568,0.45196921,0.45896381,0.44490692,2017,2,0.45195052,0.49801619,0.47810105,0.48805388
"2017_02_SF_SEA",0.87277788,0.87267602,0.8749602,0.86773348,0.74970031,0.86556831,2017,2,0.86772487,0.76075862,0.76925328,0.76503255
"2017_02_WAS_LA",0.57125846,0.62251438,0.58214688,0.58611101,0.54754966,0.58085856,2017,2,0.58609272,0.51924758,0.41655885,0.4675597
"2017_02_GB_ATL",0.62659676,0.59620101,0.62146378,0.62179804,0.55315387,0.61895842,2017,2,0.6233496,0.57251009,0.68611576,0.63112844
"2017_02_DET_NYG",0.60552673,0.59315022,0.60831217,0.61090147,0.59254432,0.60643884,2017,2,0.6108836,0.51381745,0.59457633,0.55455697
"2017_03_LA_SF",0.4213439,0.39517154,0.41674004,0.42865747,0.38451484,0.42365109,2017,3,0.43026174,0.42218995,0.54894684,0.48533253
"2017_03_ATL_DET",0.37041926,0.41560624,0.37368126,0.3890959,0.44400105,0.38331775,2017,3,0.3891164,0.43016022,0.35386018,0.3913465
"2017_03_CLE_IND",0.53697274,0.53948557,0.51574398,0.52238607,0.45407045,0.50632654,2017,3,0.52401939,0.6783024,0.67455097,0.67642952
"2017_03_DEN_BUF",0.3641232,0.3389589,0.35642446,0.37419364,0.40172055,0.37019873,2017,3,0.37253858,0.40801982,0.53484647,0.47096455
"2017_03_HOU_NE",0.89001606,0.89186863,0.8946531,0.88661385,0.76530033,0.88464814,2017,3,0.88662249,0.74523072,0.7497086,0.74747623
"2017_03_MIA_NYJ",0.31576087,0.31022933,0.30759891,0.32386583,0.32578704,0.32103745,2017,3,0.3253012,0.41077983,0.47581013,0.44305099
"2017_03_NO_CAR",0.69362152,0.7158713,0.6928198,0.69248718,0.64929771,0.69668239,2017,3,0.69097875,0.67087548,0.61956124,0.64563729
"2017_03_NYG_PHI",0.6822518,0.67770778,0.68130637,0.68005878,0.63602775,0.67417045,2017,3,0.68007756,0.61848357,0.65779512,0.63837089
"2017_03_PIT_CHI",0.24511438,0.24041531,0.24929743,0.2668137,0.29032874,0.26282803,2017,3,0.26809651,0.24790254,0.33126365,0.28778775
"2017_03_TB_MIN",0.49368748,0.50632854,0.49275403,0.50230139,0.49404746,0.48163049,2017,3,0.50232299,0.50408396,0.5104138,0.50724917
"2017_03_SEA_TEN",0.54425661,0.52268479,0.54544131,0.55198485,0.50005335,0.5453154,2017,3,0.55200623,0.470892,0.58071815,0.52612099
"2017_03_CIN_GB",0.7566395,0.76223104,0.75656076,0.75163245,0.7717796,0.74657048,2017,3,0.75164854,0.68943461,0.68647201,0.68795523
"2017_03_KC_LAC",0.39895761,0.3523533,0.40854249,0.42085356,0.38945767,0.41587197,2017,3,0.42245021,0.26902421,0.4761283,0.36642855
"2017_03_OAK_WAS",0.36227878,0.33947675,0.35041079,0.36522889,0.36130068,0.3604959,2017,3,0.36674817,0.44715864,0.55848726,0.50285837
"2017_03_BAL_JAX",0.37710302,0.3636627,0.38154944,0.39641389,0.37961447,0.39246503,2017,3,0.39665718,0.33650476,0.44098372,0.38745089
"2017_03_DAL_ARI",0.4120198,0.38106305,0.39784208,0.41199279,0.43408987,0.41910747,2017,3,0.41223907,0.48822795,0.6123741,0.55109672
"2017_04_BUF_ATL",0.77914021,0.78075562,0.77832098,0.77294838,0.78485477,0.7703703,2017,4,0.77294229,0.70850329,0.71468009,0.71160153
"2017_04_CAR_NE",0.80420718,0.80360967,0.80480357,0.79984337,0.78696281,0.79636219,2017,4,0.79871912,0.71463116,0.72901155,0.72187849
"2017_04_CIN_CLE",0.3808636,0.38618741,0.38201788,0.39338538,0.37556636,0.39012835,2017,4,0.39360687,0.3934536,0.43412939,0.41364423
"2017_04_DET_MIN",0.59624864,0.56123769,0.5909207,0.59499127,0.50466859,0.58829421,2017,4,0.59330144,0.53212423,0.66925683,0.60270528
"2017_04_JAX_NYJ",0.35158721,0.39574005,0.34199849,0.3535113,0.39524356,0.3515525,2017,4,0.35488722,0.51831579,0.41208706,0.46480228
"2017_04_LA_DAL",0.69535291,0.71321003,0.68830888,0.68774706,0.6714229,0.68308876,2017,4,0.68624019,0.70918218,0.66213764,0.68613795
"2017_04_PIT_BAL",0.35587366,0.38001421,0.35423063,0.36535227,0.37845391,0.36336477,2017,4,0.36674817,0.42652324,0.40175071,0.41408265
"2017_04_TEN_HOU",0.42808814,0.43840334,0.4220041,0.43060321,0.41867733,0.42850041,2017,4,0.43207868,0.48765413,0.49758451,0.49261859
"2017_04_NYG_TB",0.57374338,0.56879433,0.56426804,0.56644464,0.45700359,0.56433595,2017,4,0.56792132,0.59273765,0.63129233,0.61219059
"2017_04_PHI_LAC",0.51109302,0.48178743,0.5204906,0.52796835,0.54924124,0.52415626,2017,4,0.52622156,0.37756078,0.52952704,0.45243568
"2017_04_SF_ARI",0.72333061,0.7182474,0.7116737,0.71008575,0.708556,0.70561804,2017,4,0.70864099,0.72790326,0.74466543,0.73636986
"2017_04_OAK_DEN",0.63648484,0.61459246,0.63284574,0.63487786,0.57884443,0.62842843,2017,4,0.63325183,0.57166112,0.66768348,0.62085504
"2017_04_IND_SEA",0.85792292,0.84884422,0.86833173,0.8612268,0.77901304,0.85958509,2017,4,0.86133768,0.62175352,0.70811215,0.66632615
"2017_04_NO_MIA",0.34347963,0.39391743,0.34073521,0.35366881,0.42333978,0.35033142,2017,4,0.35366087,0.47026791,0.35730791,0.41263855
"2017_04_WAS_KC",0.71503169,0.74812948,0.71509222,0.71193069,0.73736495,0.70892067,2017,4,0.71192355,0.70261007,0.60315024,0.6545688
"2017_05_NE_TB",0.36455953,0.35020504,0.36042532,0.37291831,0.38286856,0.36817383,2017,5,0.37253858,0.38552761,0.48559508,0.43489832
"2017_05_ARI_PHI",0.69594228,0.7110185,0.70155234,0.70085841,0.6457485,0.69657626,2017,5,0.70051775,0.61548884,0.59598639,0.60577974
"2017_05_BUF_CIN",0.57148542,0.55657176,0.58221298,0.58506697,0.54994065,0.58154486,2017,5,0.58609272,0.43795669,0.54185563,0.48979596
"2017_05_CAR_DET",0.55267027,0.56682903,0.54661825,0.55436188,0.5323891,0.54886686,2017,5,0.55200623,0.58155345,0.56833833,0.57495928
"2017_05_JAX_PIT",0.75303626,0.77228025,0.75190808,0.74828559,0.75159144,0.74554643,2017,5,0.74908094,0.72076524,0.66429706,0.69325512
"2017_05_LAC_NYG",0.59970999,0.61774844,0.59699554,0.60063571,0.54756176,0.5957464,2017,5,0.600246,0.60192307,0.57520357,0.58862865
"2017_05_NYJ_CLE",0.43853266,0.43480418,0.45396613,0.46301565,0.4944357,0.45840903,2017,5,0.46305953,0.33409704,0.41585759,0.37407899
"2017_05_SF_IND",0.51642822,0.54737381,0.49480482,0.50470543,0.48299739,0.49611938,2017,5,0.50232299,0.67572242,0.59572861,0.63667016
"2017_05_TEN_MIA",0.51553362,0.51337131,0.51040221,0.51623589,0.46855548,0.51261622,2017,5,0.51729139,0.52226835,0.5658882,0.54416296
"2017_05_BAL_OAK",0.59693645,0.60689261,0.58974224,0.59325886,0.52808285,0.58877722,2017,5,0.59330144,0.6157644,0.60904007,0.61240759
"2017_05_SEA_LA",0.53497914,0.56646562,0.55151533,0.55565375,0.53841233,0.55207311,2017,5,0.55669711,0.44845139,0.4158541,0.43207922
"2017_05_GB_DAL",0.55592076,0.56116265,0.5632351,0.5668838,0.5436725,0.56332257,2017,5,0.56792132,0.48193232,0.5171993,0.49956527
"2017_05_KC_HOU",0.43432319,0.39833632,0.44243533,0.4509038,0.43781596,0.44731865,2017,5,0.45195052,0.32715477,0.50231371,0.41194914
"2017_05_MIN_CHI",0.36535744,0.36727929,0.36465046,0.37565851,0.38304058,0.37226605,2017,5,0.3766504,0.38984873,0.43962804,0.41452021
"2017_06_PHI_CAR",0.57004635,0.5800922,0.57663085,0.58060825,0.53111565,0.57600243,2017,6,0.58271638,0.51105198,0.52588177,0.51847094
"2017_06_CHI_BAL",0.683571,0.69167162,0.67400913,0.67487842,0.6375044,0.66966382,2017,6,0.67572961,0.69302768,0.6774487,0.68529032
"2017_06_CLE_HOU",0.75557066,0.76169796,0.74213694,0.74245673,0.7262904,0.73571579,2017,6,0.74103772,0.77426249,0.75079822,0.76273012
"2017_06_DET_NO",0.68130786,0.62027099,0.67855513,0.67886293,0.5951212,0.67405387,2017,6,0.68007756,0.52955115,0.74976142,0.64744824
"2017_06_GB_MIN",0.40343361,0.39789793,0.40083226,0.41762733,0.40608114,0.40782891,2017,6,0.41390728,0.41819342,0.48777841,0.45275511
"2017_06_MIA_ATL",0.87210359,0.84668154,0.87238823,0.86708343,0.76186275,0.86481586,2017,6,0.86772487,0.72555217,0.84189156,0.78955929
"2017_06_NE_NYJ",0.21199153,0.21312347,0.20331052,0.22154418,0.36435392,0.21465061,2017,6,0.21891419,0.33022586,0.37869494,0.35408579
"2017_06_SF_WAS",0.82006422,0.80851661,0.81126853,0.80815625,0.75261962,0.80353224,2017,6,0.80784522,0.77895489,0.8133677,0.7967031
"2017_06_LA_JAX",0.53990882,0.50551037,0.51292379,0.52179605,0.4846305,0.51552802,2017,6,0.52179715,0.6131813,0.71787208,0.6675928
"2017_06_TB_ARI",0.44015991,0.44230239,0.4292614,0.44139171,0.45452076,0.43521055,2017,6,0.44139284,0.50761499,0.53678723,0.52222006
"2017_06_LAC_OAK",0.58742424,0.6269793,0.58771426,0.59120929,0.53952008,0.58663698,2017,6,0.59330144,0.61146264,0.5152382,0.56395232
"2017_06_PIT_KC",0.62892662,0.64697066,0.60974856,0.61228615,0.54015142,0.60779321,2017,6,0.61434081,0.71608118,0.66627229,0.69173414
"2017_06_NYG_DEN",0.85396635,0.85147251,0.85856929,0.85434419,0.74980778,0.84945695,2017,6,0.85409447,0.72458091,0.75071817,0.73785951
"2017_06_IND_TEN",0.71495497,0.68897362,0.72143259,0.72036904,0.71670222,0.71557658,2017,6,0.72115035,0.55201815,0.68103787,0.6186181
"2017_07_KC_OAK",0.37992265,0.37679535,0.39387141,0.4056066,0.45624629,0.39830993,2017,7,0.40669856,0.30543765,0.38645557,0.34482032
"2017_07_ARI_LA",0.5837291,0.61769301,0.59940066,0.60594237,0.58947664,0.59803737,2017,7,0.60639313,0.50354414,0.44585218,0.47461344
"2017_07_BAL_MIN",0.67376391,0.66045342,0.66665386,0.67000687,0.62800986,0.66312653,2017,7,0.67125539,0.63913752,0.69899833,0.66975509
"2017_07_CAR_CHI",0.41547681,0.40201593,0.41977595,0.42510858,0.44284704,0.42354025,2017,7,0.43207868,0.37184784,0.47614129,0.42313853
"2017_07_JAX_IND",0.38693951,0.44325992,0.39223136,0.4071385,0.46946609,0.3948298,2017,7,0.40508893,0.46103975,0.33640388,0.39705303
"2017_07_NO_GB",0.36398326,0.40088737,0.34673832,0.35891104,0.38371319,0.35094461,2017,7,0.3602932,0.56391864,0.4645368,0.51436976
"2017_07_NYJ_MIA",0.5902007,0.6206257,0.59303212,0.59777641,0.5300889,0.59184758,2017,7,0.600246,0.58521721,0.52033796,0.55300321
"2017_07_TB_BUF",0.61186,0.60621925,0.60251419,0.61581784,0.54634559,0.60206775,2017,7,0.60939794,0.61700439,0.65496177,0.636195
"2017_07_TEN_CLE",0.30194234,0.29824752,0.30601192,0.3150858,0.34487635,0.31238128,2017,7,0.31992244,0.30204286,0.38030988,0.34008601
"2017_07_DAL_SF",0.27684164,0.25245549,0.2773741,0.28753361,0.33645442,0.28420977,2017,7,0.29135901,0.26791797,0.42425798,0.3418041
"2017_07_CIN_PIT",0.64725133,0.67426873,0.64457626,0.64865887,0.63996696,0.64199213,2017,7,0.64996898,0.65909717,0.58974224,0.62506119
"2017_07_DEN_LAC",0.48637381,0.46679674,0.48946695,0.49574065,0.44962835,0.49128045,2017,7,0.5,0.42140182,0.53840343,0.47962322
"2017_07_SEA_NYG",0.33206197,0.34971024,0.3273723,0.34869015,0.37116402,0.33290096,2017,7,0.3411306,0.42111691,0.40996196,0.41552861
"2017_07_ATL_NE",0.58330931,0.60794913,0.57837474,0.59201872,0.53322971,0.57862758,2017,7,0.58609272,0.61825549,0.56470808,0.59175401
"2017_07_WAS_PHI",0.66967261,0.68737164,0.67129437,0.67608756,0.63334137,0.66932267,2017,7,0.67572961,0.63343254,0.59904075,0.61638218
"2017_08_MIA_BAL",0.58054417,0.58110942,0.58921787,0.5940395,0.54195511,0.58772454,2017,8,0.59491107,0.4814482,0.53154771,0.50651431
"2017_08_ATL_NYJ",0.27429475,0.27631176,0.26640254,0.28074193,0.33457294,0.27533465,2017,8,0.28056704,0.3794328,0.42187454,0.40046699
"2017_08_CAR_TB",0.53777617,0.50114167,0.52990313,0.53567171,0.46068653,0.53135723,2017,8,0.53785257,0.50276321,0.6524927,0.5794543
"2017_08_CHI_NO",0.76598518,0.75937936,0.75974804,0.76013589,0.73589301,0.75525954,2017,8,0.75903614,0.72722757,0.75443658,0.74106452
"2017_08_IND_CIN",0.81338026,0.78998767,0.8157288,0.81423444,0.75494891,0.81480333,2017,8,0.81337481,0.6583691,0.77325045,0.71938153
"2017_08_LAC_NE",0.72394405,0.74840695,0.71281626,0.71496928,0.7336753,0.708384,2017,8,0.71374046,0.7749305,0.69281818,0.73591545
"2017_08_OAK_BUF",0.55719141,0.54503273,0.54049285,0.55120826,0.49405202,0.54671584,2017,8,0.54804948,0.61854699,0.66955513,0.64446105
"2017_08_SF_PHI",0.87067083,0.88233432,0.86468782,0.86090529,0.75249851,0.85842129,2017,8,0.86133768,0.8675953,0.80766813,0.83988807
"2017_08_HOU_SEA",0.69212732,0.71519793,0.69539937,0.69674462,0.66289538,0.6914351,2017,8,0.6969697,0.64760394,0.58970401,0.61907708
"2017_08_DAL_WAS",0.38974942,0.3823925,0.37644411,0.38703355,0.38259673,0.38207113,2017,8,0.3891164,0.48435474,0.54478231,0.51462196
"2017_08_PIT_DET",0.37271634,0.39783962,0.37290811,0.38708696,0.44896734,0.37950075,2017,8,0.38565919,0.43084152,0.39969745,0.41518478
"2017_08_MIN_CLE",0.17344191,0.16582611,0.17870181,0.19167657,0.30960542,0.18758063,2017,8,0.19215478,0.17312373,0.27026872,0.21781349
"2017_08_DEN_KC",0.74407955,0.7529833,0.73822033,0.73753738,0.7209748,0.73244924,2017,8,0.73823661,0.7327625,0.70732628,0.72022113
"2017_09_BUF_NYJ",0.36363963,0.35842717,0.36386382,0.37872037,0.37665647,0.37281739,2017,9,0.37852719,0.37282707,0.44801091,0.40989265
"2017_09_ATL_CAR",0.40490504,0.42513555,0.40394306,0.41777077,0.43773544,0.41046467,2017,9,0.41728362,0.45460499,0.43835626,0.44646632
"2017_09_BAL_TEN",0.61248551,0.58640053,0.61331663,0.61801869,0.57849455,0.61199888,2017,9,0.61722488,0.51508704,0.63834644,0.57792972
"2017_09_CIN_JAX",0.68505025,0.63972873,0.67934525,0.67814964,0.60496968,0.67393082,2017,9,0.68007756,0.58460754,0.7478978,0.67141114
"2017_09_DEN_PHI",0.73814611,0.74795731,0.73357551,0.731197,0.73961645,0.72635183,2017,9,0.73190349,0.71813707,0.69285226,0.70565289
"2017_09_IND_HOU",0.71034368,0.69533818,0.69984571,0.69981092,0.63328505,0.69449773,2017,9,0.69963837,0.69304055,0.74541541,0.71997562
"2017_09_LA_NYG",0.30212632,0.29947822,0.28871782,0.30525589,0.33703607,0.29994514,2017,9,0.30508177,0.43670112,0.48676953,0.46163859
"2017_09_TB_NO",0.74152985,0.75186662,0.73357551,0.73309302,0.75191069,0.72709965,2017,9,0.73190349,0.74550517,0.71362165,0.72985959
"2017_09_ARI_SF",0.42270752,0.41890705,0.43586681,0.44710433,0.48192298,0.44105282,2017,9,0.44799377,0.33366602,0.41479037,0.37333788
"2017_09_WAS_SEA",0.77667858,0.78980286,0.78056459,0.7769146,0.75880027,0.7728449,2017,9,0.77709035,0.69291298,0.6588206,0.67610041
"2017_09_KC_DAL",0.53905819,0.4992593,0.54059143,0.54649752,0.47498229,0.54201273,2017,9,0.54804948,0.43479106,0.60996485,0.52308789
"2017_09_OAK_MIA",0.40730574,0.42628967,0.39297191,0.40750983,0.41590527,0.4013859,2017,9,0.40669856,0.55006363,0.51614622,0.53314322
"2017_09_DET_GB",0.46428721,0.43571843,0.43586681,0.44719112,0.41434261,0.44105282,2017,9,0.44799377,0.60533325,0.69615515,0.65212575
"2017_10_SEA_ARI",0.29518293,0.30955393,0.29098613,0.30596709,0.31926328,0.29984654,2017,10,0.3069122,0.39429264,0.39347225,0.39388237
"2017_10_CIN_TEN",0.66716183,0.67440336,0.66983571,0.67145765,0.68090081,0.66431121,2017,10,0.67125539,0.59947302,0.60580984,0.60264574
"2017_10_CLE_DET",0.80681121,0.84328628,0.80252135,0.79969001,0.79001766,0.79469979,2017,10,0.79871912,0.83519101,0.68078452,0.76676367
"2017_10_GB_CHI",0.66160727,0.62701366,0.67452325,0.67593044,0.64822048,0.66883331,2017,10,0.67572961,0.42846518,0.61051084,0.52015708
"2017_10_LAC_JAX",0.67313268,0.66553907,0.66983571,0.67145765,0.64408451,0.66431121,2017,10,0.67125539,0.62662031,0.67373073,0.65054285
"2017_10_MIN_WAS",0.48623207,0.49674155,0.49269856,0.50131953,0.50486541,0.49449766,2017,10,0.50232299,0.44118147,0.46315841,0.45214661
"2017_10_NO_BUF",0.43686078,0.4446736,0.44016512,0.45344946,0.4962917,0.44649586,2017,10,0.45195052,0.42490145,0.45481025,0.43980121
"2017_10_NYJ_TB",0.5270708,0.5398076,0.53421529,0.54098815,0.50626779,0.53050398,2017,10,0.54198473,0.46926406,0.48098237,0.47511979
"2017_10_PIT_IND",0.17975906,0.19856722,0.17947035,0.19531329,0.31261161,0.1913362,2017,10,0.19520548,0.27867475,0.25935899,0.26890724
"2017_10_HOU_LA",0.84316632,0.84112943,0.8509934,0.84614688,0.77939439,0.84190561,2017,10,0.84602751,0.66067979,0.70018716,0.68075794
"2017_10_DAL_ATL",0.61953395,0.62354412,0.62998058,0.63301218,0.6473549,0.62746943,2017,10,0.63325183,0.49307071,0.53193011,0.51251933
"2017_10_NYG_SF",0.38068382,0.36715438,0.38285956,0.39559343,0.39975563,0.39094509,2017,10,0.39665718,0.35586777,0.46235409,0.408032
"2017_10_NE_DEN",0.26320974,0.25347299,0.26670378,0.2809965,0.31963244,0.27560843,2017,10,0.28289498,0.26006987,0.36326383,0.30929533
"2017_10_MIA_CAR",0.76691708,0.76176339,0.76911768,0.7665779,0.77570868,0.76076332,2017,10,0.76641382,0.65881415,0.70032311,0.67992465
"2017_11_TEN_PIT",0.74516431,0.74962982,0.74396618,0.74026644,0.77436179,0.73612333,2017,11,0.74103772,0.68954431,0.6880746,0.68880993
"2017_11_ARI_HOU",0.54474449,0.55735594,0.54481036,0.55349338,0.52748442,0.54570376,2017,11,0.55200623,0.53665997,0.53529738,0.53597874
"2017_11_BAL_GB",0.44468622,0.46539882,0.42850207,0.43905795,0.38823795,0.43512664,2017,11,0.44139284,0.60114025,0.55483508,0.57815944
"2017_11_DET_CHI",0.3927075,0.36640668,0.39232043,0.40441433,0.37399167,0.40057171,2017,11,0.40669856,0.36363718,0.50952966,0.43518071
"2017_11_JAX_CLE",0.23261131,0.23694205,0.24388864,0.26201639,0.31914988,0.25687463,2017,11,0.26176339,0.20400596,0.26025202,0.23093294
"2017_11_KC_NYG",0.20549691,0.1921182,0.20511829,0.22300595,0.30643883,0.21853173,2017,11,0.22290965,0.23654707,0.35800948,0.29362161
"2017_11_LA_MIN",0.52240587,0.53987753,0.51760769,0.52772105,0.53508091,0.51987185,2017,11,0.52622156,0.56502064,0.5415636,0.5533218
"2017_11_TB_MIA",0.45831921,0.49927011,0.45787063,0.46843329,0.49173132,0.46309899,2017,11,0.46943325,0.52562216,0.43616103,0.4807372
"2017_11_WAS_NO",0.77790355,0.75849184,0.76806749,0.76425111,0.71856749,0.75953285,2017,11,0.76415094,0.74665202,0.80556631,0.77749797
"2017_11_BUF_LAC",0.72326246,0.69475986,0.73441509,0.73111486,0.72124094,0.72687964,2017,11,0.73190349,0.49224172,0.65142693,0.57374343
"2017_11_CIN_DEN",0.58529731,0.60052565,0.58842691,0.59523398,0.57416427,0.58714541,2017,11,0.59330144,0.5477194,0.53771869,0.54272335
"2017_11_NE_OAK",0.25049963,0.23732543,0.25639072,0.27230293,0.2818749,0.26914831,2017,11,0.27418448,0.22835908,0.34535784,0.2832182
"2017_11_PHI_DAL",0.310009,0.32483347,0.29978688,0.31707001,0.30435503,0.31146508,2017,11,0.31694967,0.45836343,0.44452973,0.4514372
"2017_11_ATL_SEA",0.51899119,0.49828098,0.51058047,0.51969332,0.47573099,0.51319818,2017,11,0.51955458,0.52558131,0.622754,0.57489088
"2017_12_MIN_DET",0.42391942,0.44454111,0.42558909,0.44618794,0.47877014,0.43281089,2017,12,0.43949878,0.45175562,0.43421832,0.4429692
"2017_12_LAC_DAL",0.47019084,0.51416594,0.46162985,0.48054203,0.48971274,0.46700353,2017,12,0.47377844,0.60560364,0.48639768,0.54666958
"2017_12_NYG_WAS",0.73781844,0.73909317,0.74136398,0.73964286,0.77251875,0.73294733,2017,12,0.73823661,0.63377718,0.65574377,0.64483676
"2017_12_BUF_KC",0.7653182,0.77212321,0.76313572,0.75789052,0.75547868,0.75402712,2017,12,0.75903614,0.72143422,0.70461913,0.71310029
"2017_12_CAR_NYJ",0.30230296,0.27996778,0.29041668,0.31198579,0.32108217,0.30324465,2017,12,0.30902125,0.39933907,0.53264197,0.46537229
"2017_12_CHI_PHI",0.87280481,0.87360756,0.86849023,0.86119759,0.79522663,0.85846678,2017,12,0.86133768,0.83776566,0.82539132,0.83166916
"2017_12_CLE_CIN",0.75611869,0.76001048,0.74430096,0.74620628,0.76953721,0.73578479,2017,12,0.74103772,0.78379413,0.76507401,0.77457181
"2017_12_MIA_NE",0.91184193,0.91296999,0.9093933,0.90240616,0.79991019,0.89982338,2017,12,0.90224829,0.86819643,0.85184449,0.8602206
"2017_12_TB_ATL",0.80979702,0.8155648,0.81067657,0.80380046,0.78543204,0.80102337,2017,12,0.80479452,0.73156677,0.71674265,0.72421638
"2017_12_TEN_IND",0.36728414,0.37054298,0.36341839,0.38320044,0.36956507,0.37354733,2017,12,0.37993289,0.42515867,0.46330115,0.44414763
"2017_12_SEA_SF",0.2513244,0.23648692,0.25824971,0.2733725,0.30237466,0.27258665,2017,12,0.27733756,0.21710108,0.34224352,0.27528404
"2017_12_DEN_OAK",0.65179959,0.67496488,0.65767275,0.65746254,0.67051876,0.6527308,2017,12,0.6588694,0.59006485,0.54263315,0.5665013
"2017_12_JAX_ARI",0.27616674,0.30381713,0.27607904,0.29831856,0.33756426,0.28931336,2017,12,0.29493692,0.37230965,0.3269735,0.34930097
"2017_12_NO_LA",0.553766,0.56802868,0.57143755,0.57242733,0.56564188,0.5679411,2017,12,0.57754979,0.40728252,0.42813811,0.41767351
"2017_12_GB_PIT",0.88288211,0.87329735,0.88584587,0.87687755,0.77312833,0.87542766,2017,12,0.87858184,0.73268463,0.79711097,0.76643876
"2017_12_HOU_BAL",0.76105454,0.76005958,0.76676039,0.7586906,0.75886643,0.75754742,2017,12,0.76250734,0.62532873,0.65974373,0.64272024
"2017_13_WAS_DAL",0.46246017,0.48838547,0.45656229,0.47126666,0.48509684,0.46261018,2017,13,0.46943325,0.55616894,0.50356382,0.52994956
"2017_13_DEN_MIA",0.46195147,0.49473267,0.46116575,0.47561359,0.49968788,0.46694779,2017,13,0.47377844,0.52054271,0.45460372,0.48751891
"2017_13_DET_BAL",0.54821998,0.53858307,0.54226944,0.55054522,0.47550207,0.54324126,2017,13,0.55003635,0.55693416,0.61728702,0.58743909
"2017_13_HOU_TEN",0.72276162,0.72012856,0.72596023,0.72260112,0.74307567,0.71713361,2017,13,0.72266244,0.61179534,0.6515317,0.63188731
"2017_13_IND_JAX",0.80718444,0.77912758,0.80207996,0.79427731,0.75371736,0.79086256,2017,13,0.79536153,0.72479514,0.82395977,0.77831799
"2017_13_KC_NYJ",0.3476504,0.31256543,0.34199494,0.35876226,0.34513131,0.35399805,2017,13,0.3602932,0.36350001,0.544057,0.45220651
"2017_13_MIN_ATL",0.52668236,0.54005904,0.52606574,0.53475863,0.52008706,0.52800711,2017,13,0.53483477,0.53202528,0.52735381,0.52969019
"2017_13_NE_BUF",0.23005317,0.22972038,0.23288259,0.25393149,0.31781298,0.24838794,2017,13,0.25354213,0.25315218,0.32072873,0.28574346
"2017_13_SF_CHI",0.56707372,0.60316752,0.55939161,0.56789619,0.52202171,0.55934246,2017,13,0.56608933,0.66236843,0.56319002,0.61396094
"2017_13_TB_GB",0.59938822,0.61335706,0.59914347,0.60326958,0.61886019,0.59941019,2017,13,0.60334282,0.58321608,0.56866672,0.57595786
"2017_13_CLE_LAC",0.87644217,0.87199789,0.87023821,0.86188275,0.79099303,0.8586233,2017,13,0.8619191,0.85697272,0.86028927,0.85863912
"2017_13_CAR_NO",0.70058078,0.67202682,0.6975758,0.69441646,0.61382651,0.68999113,2017,13,0.69582547,0.61050249,0.72746741,0.67164133
"2017_13_LA_ARI",0.24703195,0.24866232,0.24114687,0.26048064,0.27939638,0.2564995,2017,13,0.26176339,0.36429669,0.40922518,0.38651945
"2017_13_NYG_OAK",0.79680462,0.8206037,0.80555991,0.79866999,0.77716911,0.79427488,2017,13,0.79871912,0.66340272,0.57781628,0.62155537
"2017_13_PHI_SEA",0.34556875,0.35038966,0.34199494,0.36076728,0.39104229,0.35399805,2017,13,0.3602932,0.41563814,0.4487672,0.43212678
"2017_13_PIT_CIN",0.3145244,0.29966576,0.316378,0.33405742,0.33047062,0.32945271,2017,13,0.33553809,0.30502994,0.42268097,0.36178662
"2017_14_NO_ATL",0.54573779,0.5674814,0.55280122,0.55854517,0.56497329,0.55356255,2017,14,0.55860716,0.49538223,0.47116357,0.48326307
"2017_14_CHI_CIN",0.71324256,0.69450547,0.70882367,0.70501083,0.68557626,0.70079576,2017,14,0.70506308,0.64728213,0.72829338,0.68923546
"2017_14_DAL_NYG",0.33936595,0.31169079,0.33721652,0.35338202,0.36291158,0.35022261,2017,14,0.35488722,0.33450101,0.49675081,0.41327401
"2017_14_DET_TB",0.4565838,0.42360179,0.4500214,0.46284923,0.38691577,0.45707188,2017,14,0.46214743,0.4484155,0.60333446,0.52651304
"2017_14_GB_CLE",0.41074366,0.37360553,0.43005292,0.44324085,0.45057893,0.43826566,2017,14,0.44330289,0.2191543,0.41222038,0.30731592
"2017_14_IND_BUF",0.63122361,0.66316268,0.62634106,0.62918019,0.63963974,0.62167552,2017,14,0.62746142,0.67787491,0.5839601,0.63216993
"2017_14_MIN_CAR",0.43279234,0.44572605,0.43921004,0.45188826,0.43652526,0.44689391,2017,14,0.45195052,0.40450795,0.42080443,0.41263226
"2017_14_OAK_KC",0.66164312,0.66056976,0.66101387,0.65994602,0.68549073,0.65540177,2017,14,0.66000242,0.60562963,0.6366478,0.62126267
"2017_14_SF_HOU",0.54538253,0.58453621,0.53063504,0.53621638,0.50118607,0.53276916,2017,14,0.53785257,0.70004849,0.58311503,0.64372104
"2017_14_NYJ_DEN",0.48582761,0.49019424,0.49273941,0.50226015,0.52336764,0.49336981,2017,14,0.50232299,0.42332664,0.46659347,0.44485556
"2017_14_TEN_ARI",0.40951681,0.41481635,0.41172828,0.42590305,0.43731382,0.42097536,2017,14,0.42596456,0.40928753,0.44701232,0.42804536
"2017_14_WAS_LAC",0.71712216,0.6974205,0.7126063,0.70858908,0.74493557,0.70440373,2017,14,0.70864099,0.64949652,0.73332078,0.6929999
"2017_14_PHI_LA",0.46416112,0.49092913,0.46707153,0.48003963,0.48111331,0.47310607,2017,14,0.47820285,0.4807958,0.43954308,0.46010111
"2017_14_SEA_JAX",0.56592122,0.5362972,0.56928509,0.57397401,0.54139662,0.56903113,2017,14,0.57403544,0.44879355,0.59959785,0.52476014
"2017_14_BAL_PIT",0.69708971,0.6996773,0.69516875,0.69211096,0.66330856,0.6877932,2017,14,0.69216451,0.65224517,0.66227273,0.6572765
"2017_14_NE_MIA",0.16385912,0.17497794,0.17088759,0.19062676,0.30527896,0.18520008,2017,14,0.19066554,0.17968336,0.20164665,0.19042295
"2017_15_DEN_IND",0.41207882,0.42358243,0.4096665,0.42446843,0.42670304,0.41858716,2017,15,0.42245021,0.46532697,0.47299639,0.46915986
"2017_15_CHI_DET",0.68832098,0.71317473,0.68891139,0.68881363,0.68951207,0.68190554,2017,15,0.68596957,0.6620187,0.59518929,0.62922222
"2017_15_LAC_KC",0.50787536,0.55117928,0.5099288,0.52097291,0.52254963,0.51333191,2017,15,0.51729139,0.53918594,0.44166495,0.49033348
"2017_15_ARI_WAS",0.65109822,0.63646739,0.65375945,0.65437317,0.6841172,0.64911977,2017,15,0.65272188,0.53568521,0.62536182,0.581194
"2017_15_BAL_CLE",0.26671451,0.23173253,0.27727548,0.28880426,0.26990274,0.29104248,2017,15,0.29493692,0.15421268,0.34003194,0.23459516
"2017_15_CIN_MIN",0.85481377,0.86775474,0.85487741,0.84593451,0.80563998,0.84356249,2017,15,0.84602751,0.80024721,0.73878159,0.77096052
"2017_15_GB_CAR",0.58755534,0.61775296,0.58303674,0.58872432,0.56414133,0.58152465,2017,15,0.58609272,0.64605547,0.5692055,0.60830139
"2017_15_HOU_JAX",0.80844126,0.81339156,0.80661793,0.798989,0.79112589,0.79567963,2017,15,0.79871912,0.75983829,0.74335404,0.75168776
"2017_15_MIA_BUF",0.63302603,0.62928583,0.63312148,0.63484043,0.68494695,0.63061621,2017,15,0.63325183,0.57220088,0.61735746,0.59498008
"2017_15_NYJ_NO",0.89904258,0.89072772,0.89947512,0.89004987,0.78876197,0.88914751,2017,15,0.89070043,0.78685919,0.83175359,0.81032164
"2017_15_PHI_NYG",0.24119009,0.22769873,0.24995728,0.26795653,0.33614022,0.26442357,2017,15,0.26809651,0.17602445,0.2917386,0.22877582
"2017_15_LA_SEA",0.50110602,0.49093453,0.49158414,0.50321847,0.45126468,0.49529999,2017,15,0.5,0.56921836,0.62428005,0.59705494
"2017_15_NE_PIT",0.42534572,0.43087345,0.41979587,0.4325324,0.40791941,0.42747128,2017,15,0.43207868,0.49950198,0.51927921,0.50939427
"2017_15_TEN_SF",0.52413265,0.47552263,0.53176432,0.53847051,0.52605772,0.53390978,2017,15,0.53785257,0.33936664,0.55999732,0.44707812
"2017_15_DAL_OAK",0.41603688,0.40839393,0.41336203,0.42756447,0.40138581,0.42209285,2017,15,0.42596456,0.43795654,0.51124458,0.47446304
"2017_15_ATL_TB",0.2402503,0.22157904,0.23794936,0.25369889,0.26923892,0.25265612,2017,15,0.25622255,0.2802014,0.41876126,0.34622787
"2017_16_IND_BAL",0.87977884,0.8825612,0.87885157,0.86761856,0.78353596,0.86563114,2017,16,0.86772487,0.81824035,0.8009131,0.80972757
"2017_16_MIN_GB",0.20262941,0.2035321,0.19773427,0.21859798,0.26325506,0.21583154,2017,16,0.21891419,0.33813513,0.38638106,0.3619102
"2017_16_ATL_NO",0.69390467,0.66844661,0.69574072,0.69170356,0.67058229,0.68709621,2017,16,0.69097875,0.55428097,0.67557527,0.61674308
"2017_16_BUF_NE",0.82995603,0.82432507,0.82675188,0.81666899,0.80464852,0.81342542,2017,16,0.81615985,0.78131969,0.79867503,0.79012908
"2017_16_CLE_CHI",0.69576035,0.70112109,0.68413735,0.67762363,0.60357004,0.67612226,2017,16,0.68007756,0.77252196,0.75005417,0.76146969
"2017_16_DEN_WAS",0.59750162,0.61436607,0.59867596,0.601641,0.53499949,0.59659728,2017,16,0.600246,0.56690891,0.54895462,0.5579507
"2017_16_DET_CIN",0.39267276,0.37008923,0.39318534,0.40546122,0.37398088,0.40395032,2017,16,0.40832074,0.36213385,0.49434644,0.42693561
"2017_16_LAC_NYJ",0.24888242,0.28049718,0.24724521,0.2693004,0.32415241,0.26512775,2017,16,0.26809651,0.38037403,0.31849261,0.3487963
"2017_16_LA_TEN",0.30327972,0.29401945,0.30048148,0.32013035,0.29452151,0.31662805,2017,16,0.31992244,0.35945545,0.44809038,0.40298115
"2017_16_MIA_KC",0.8271673,0.81416412,0.82675188,0.81602079,0.81186092,0.81387076,2017,16,0.81615985,0.71925214,0.7792062,0.75042884
"2017_16_TB_CAR",0.80865157,0.8299341,0.80882424,0.79857016,0.80875999,0.79579018,2017,16,0.79871912,0.76575779,0.68221466,0.72596366
"2017_16_JAX_SF",0.31533535,0.30953589,0.32252951,0.34519413,0.34084895,0.33772628,2017,16,0.3411306,0.25508946,0.34541012,0.2982881
"2017_16_NYG_ARI",0.62295006,0.63753628,0.61843432,0.62345517,0.59865844,0.6150627,2017,16,0.61865117,0.65124262,0.62327082,0.63737297
"2017_16_SEA_DAL",0.66281132,0.67283435,0.667481,0.66961437,0.71156973,0.66106835,2017,16,0.66446191,0.55811647,0.56502855,0.5615755
"2017_16_PIT_HOU",0.19723991,0.17892073,0.19773427,0.21636246,0.28705484,0.21632907,2017,16,0.21891419,0.21237229,0.35546435,0.278303
"2017_16_OAK_PHI",0.80249828,0.80798269,0.79804315,0.79167747,0.79574633,0.78574585,2017,16,0.78829086,0.79067019,0.76708691,0.77910396
"2017_17_CHI_MIN",0.87054516,0.8814148,0.87009462,0.85764557,0.81208217,0.85562711,2017,17,0.8573227,0.81752675,0.76141826,0.79085311
"2017_17_CLE_PIT",0.69687283,0.73075342,0.66211444,0.65762794,0.62123084,0.65487677,2017,17,0.65798764,0.93496593,0.85839891,0.90324632
"2017_17_DAL_PHI",0.36338905,0.35150861,0.33370776,0.34954548,0.32995167,0.34964473,2017,17,0.35211268,0.72525381,0.73881152,0.73208704
"2017_17_GB_DET",0.74438868,0.74647193,0.7504843,0.73828596,0.73297256,0.7383819,2017,17,0.74103772,0.58182539,0.61324457,0.59763518
"2017_17_HOU_IND",0.67454477,0.66999836,0.68269276,0.67406672,0.65244979,0.67417581,2017,17,0.67719847,0.49396341,0.56390469,0.52907677
"2017_17_NYJ_NE",0.91284972,0.91448281,0.91074834,0.89898461,0.80505168,0.89748224,2017,17,0.89874443,0.87450425,0.85435986,0.86474812
"2017_17_WAS_NYG",0.30363362,0.29487599,0.30300922,0.32238513,0.27515545,0.3197936,2017,17,0.32280153,0.33208568,0.42394009,0.37690796
"2017_17_ARI_SEA",0.78016593,0.79120912,0.78114523,0.7707603,0.79598236,0.7683703,2017,17,0.77029319,0.70538999,0.67565448,0.69071955
"2017_17_BUF_MIA",0.44001413,0.42042199,0.43567641,0.44520789,0.35689345,0.4453157,2017,17,0.44799377,0.45721539,0.56353792,0.51049535
"2017_17_CAR_ATL",0.68833546,0.67754407,0.69206499,0.6865384,0.68803656,0.68299059,2017,17,0.68596957,0.55110101,0.62865287,0.59043915
"2017_17_CIN_BAL",0.78230391,0.77975944,0.77941309,0.76946175,0.78486699,0.76617035,2017,17,0.76863247,0.73336555,0.74685821,0.74016871
"2017_17_JAX_TEN",0.55068559,0.59063071,0.56305018,0.56723583,0.54050797,0.56269811,2017,17,0.56608933,0.4402559,0.37947974,0.40952235
"2017_17_KC_DEN",0.59943805,0.57888861,0.6183447,0.61439586,0.58902383,0.61403317,2017,17,0.61729706,0.29835791,0.44528518,0.3687846
"2017_17_NO_TB",0.27704109,0.25862584,0.28246354,0.29770505,0.24724342,0.30012496,2017,17,0.3030303,0.22668112,0.36098635,0.2892321
"2017_17_OAK_LAC",0.74956679,0.71396172,0.74451278,0.7323119,0.708085,0.73267898,2017,17,0.73537195,0.67213366,0.79201198,0.73642581
"2017_17_SF_LA",0.29401216,0.34097128,0.26392722,0.28278044,0.24339746,0.28226928,2017,17,0.28507217,0.80477711,0.63806862,0.72942501
"2017_18_TEN_KC",0.80203095,0.79963311,0.80286775,0.79187071,0.7919454,0.78992355,2017,18,0.79188754,0.69440939,0.71954783,0.7071366
"2017_18_ATL_LA",0.69556128,0.68218922,0.70337827,0.69521976,0.67999232,0.69445557,2017,18,0.6969697,0.45718858,0.5690111,0.51326583
"2017_18_BUF_JAX",0.78967503,0.74290493,0.79169851,0.77890891,0.74980658,0.77904833,2017,18,0.78108581,0.55967326,0.77338017,0.67560935
"2017_18_CAR_NO",0.71675765,0.68541997,0.71575016,0.71026576,0.76536399,0.70618287,2017,18,0.70864099,0.60295416,0.73137806,0.67033653
"2017_19_ATL_PHI",0.43962567,0.42567489,0.43131372,0.43966013,0.36781788,0.4398531,2017,19,0.44330289,0.5269418,0.59998997,0.563812
"2017_19_TEN_NE",0.87394681,0.87713312,0.87363659,0.86244148,0.81182623,0.8608876,2017,19,0.86255463,0.80264374,0.78540394,0.79415751
"2017_19_JAX_PIT",0.7263542,0.74712284,0.72618989,0.71965063,0.76431262,0.7166004,2017,19,0.71943296,0.69484822,0.63297346,0.66461733
"2017_19_NO_MIN",0.68341324,0.67590186,0.68452221,0.67987007,0.68205357,0.67702604,2017,19,0.68007756,0.58718837,0.6452721,0.61664633
"2017_20_JAX_NE",0.75844251,0.78741672,0.75717696,0.75521398,0.77690846,0.74729348,2017,20,0.74908094,0.75508136,0.64527085,0.70310079
"2017_20_MIN_PHI",0.41196916,0.42097106,0.40591047,0.41249305,0.418663,0.41555805,2017,20,0.41899204,0.51202474,0.51574546,0.51388529
"2017_21_PHI_NE",0.6497329,0.67360117,0.65575356,0.65256482,0.68371636,0.65002721,2017,21,0.65272188,0.56202596,0.51827542,0.54022819
"2018_01_ATL_PHI",0.50799795,0.49452282,0.49480875,0.50992227,0.46759275,0.50169827,2018,1,0.50232299,0.60585613,0.66140339,0.63407539
"2018_01_BUF_BAL",0.76672568,0.7429675,0.76982988,0.73700017,0.752882,0.75916224,2018,1,0.76139909,0.5898621,0.71812294,0.65684877
"2018_01_CIN_IND",0.49259059,0.48317941,0.49233068,0.4888978,0.45962507,0.49693171,2018,1,0.5,0.46297228,0.54205744,0.50253069
"2018_01_HOU_NE",0.7074521,0.71450222,0.69391963,0.71221799,0.67109728,0.68703771,2018,1,0.68910022,0.79002372,0.75800712,0.77441772
"2018_01_JAX_NYG",0.41067039,0.43809636,0.41741021,0.42929119,0.45341015,0.42653167,2018,1,0.42953642,0.39337346,0.36672466,0.3799586
"2018_01_PIT_CLE",0.35416482,0.34708395,0.36658623,0.35719454,0.39686805,0.37845753,2018,1,0.38134883,0.2415646,0.34083944,0.2886729
"2018_01_SF_MIN",0.71627169,0.738687,0.71715456,0.7314384,0.77889729,0.70858186,2018,1,0.71110972,0.67835428,0.61086187,0.64533085
"2018_01_TB_NO",0.80658331,0.79698754,0.80843619,0.80385375,0.79956752,0.79831708,2018,1,0.79871912,0.67153737,0.73277182,0.70306561
"2018_01_TEN_MIA",0.47086822,0.47266438,0.46909869,0.48388115,0.45738941,0.47580552,2018,1,0.47820285,0.48376241,0.52134958,0.50255961
"2018_01_KC_LAC",0.63607426,0.59437184,0.63461587,0.61582696,0.61562985,0.63101721,2018,1,0.63325183,0.5209611,0.69542732,0.61176922
"2018_01_DAL_CAR",0.58088205,0.58549018,0.58139359,0.6056143,0.58231485,0.58276768,2018,1,0.58337516,0.54323137,0.56549363,0.55438978
"2018_01_SEA_DEN",0.61114572,0.59936283,0.62108738,0.60017252,0.58713251,0.61766462,2018,1,0.62055881,0.42737061,0.53206101,0.47949065
"2018_01_WAS_ARI",0.54866201,0.55297317,0.54576627,0.55136049,0.52299112,0.54699692,2018,1,0.55003635,0.55643728,0.57446813,0.56547436
"2018_01_CHI_GB",0.71354173,0.71134779,0.7190794,0.70475483,0.754646,0.71041879,2018,1,0.71293717,0.56639277,0.61555307,0.5912009
"2018_01_NYJ_DET",0.75879186,0.76271574,0.76216184,0.76628917,0.78474331,0.7522516,2018,1,0.7540382,0.64270421,0.65298266,0.64786055
"2018_01_LA_OAK",0.30222808,0.31755017,0.29516763,0.29385343,0.2639845,0.31016862,2018,1,0.31280077,0.45585654,0.43663555,0.44622595
"2018_02_BAL_CIN",0.50703405,0.53522943,0.51512931,0.52207351,0.5668835,0.51807021,2018,2,0.52179715,0.45756312,0.42194226,0.43967502
"2018_02_CAR_ATL",0.68710748,0.68560492,0.69319615,0.68933743,0.66750717,0.68589227,2018,2,0.68910022,0.54993344,0.59867126,0.57448328
"2018_02_CLE_NO",0.79816548,0.7921633,0.79208943,0.78375882,0.75725091,0.78102811,2018,2,0.78357104,0.77186429,0.7889803,0.78054222
"2018_02_HOU_TEN",0.37966769,0.41101556,0.36202306,0.37657538,0.33272597,0.37363063,2018,2,0.37713161,0.63576451,0.53718506,0.58735009
"2018_02_IND_WAS",0.69960265,0.68914048,0.69219441,0.68306214,0.59071344,0.6849393,2018,2,0.68815256,0.6888769,0.72967686,0.70970028
"2018_02_KC_PIT",0.64845267,0.63260705,0.65172426,0.65022093,0.67148191,0.64656435,2018,2,0.64996898,0.52635564,0.62413963,0.57599125
"2018_02_LAC_BUF",0.25411449,0.32734886,0.25175017,0.27458882,0.38842499,0.26745282,2018,2,0.27038838,0.47786887,0.25102581,0.35643627
"2018_02_MIA_NYJ",0.61597374,0.60151973,0.61381835,0.61704779,0.5764336,0.61079715,2018,2,0.61434081,0.56259458,0.64194425,0.6029461
"2018_02_MIN_GB",0.4507799,0.43340468,0.45488244,0.4680126,0.42651176,0.46145246,2018,2,0.46516523,0.37776228,0.49706396,0.43649465
"2018_02_PHI_TB",0.40993472,0.39881898,0.41412622,0.42694324,0.41534606,0.42302377,2018,2,0.42667231,0.35824395,0.45902113,0.407662
"2018_02_ARI_LA",0.86934409,0.86494951,0.87455296,0.86355859,0.76369298,0.86285129,2018,2,0.86460872,0.6813782,0.73275058,0.70772653
"2018_02_DET_SF",0.68554945,0.66450984,0.68886342,0.68675894,0.6792779,0.68177164,2018,2,0.68500235,0.54171311,0.65733126,0.60092782
"2018_02_NE_JAX",0.43528619,0.41144658,0.43171003,0.43713543,0.38017994,0.43962119,2018,2,0.44330289,0.42930375,0.55804731,0.49356892
"2018_02_OAK_DEN",0.6866346,0.66224345,0.68545747,0.68425965,0.65419644,0.67853455,2018,2,0.68178279,0.58669501,0.69842807,0.64452793
"2018_02_NYG_DAL",0.59998377,0.60386053,0.58725012,0.59059924,0.46171173,0.58579779,2018,2,0.58941606,0.68368,0.67652282,0.68011201
"2018_02_SEA_CHI",0.66939131,0.67474406,0.68470798,0.68066245,0.66918886,0.67782247,2018,2,0.68107452,0.44685708,0.49463441,0.47067858
"2018_03_NYJ_CLE",0.59951003,0.58962143,0.61478543,0.61371726,0.60323155,0.60823865,2018,3,0.61434081,0.37676876,0.48471581,0.42990938
"2018_03_BUF_MIN",0.90041688,0.88754729,0.90255419,0.89262873,0.79576337,0.89063173,2018,3,0.89288069,0.73491559,0.82377403,0.78260604
"2018_03_CIN_CAR",0.57053888,0.58028661,0.57004179,0.57161266,0.52332157,0.56850873,2018,3,0.57225679,0.55531133,0.55781077,0.55656141
"2018_03_DEN_BAL",0.68333873,0.66785075,0.67981015,0.67515284,0.66476727,0.6729657,2018,3,0.67572961,0.626408,0.69896074,0.66364847
"2018_03_GB_WAS",0.44322017,0.41078921,0.42906485,0.43883297,0.39813524,0.43586817,2018,3,0.43949878,0.52742518,0.65665845,0.59366195
"2018_03_IND_PHI",0.73131297,0.73269794,0.72148319,0.71774107,0.72774065,0.7260965,2018,3,0.71533391,0.76068006,0.75151545,0.75612692
"2018_03_NO_ATL",0.54197427,0.56624425,0.53783085,0.54279137,0.52221215,0.53909499,2018,3,0.54198473,0.59648334,0.54233069,0.56961519
"2018_03_NYG_HOU",0.70517165,0.6860371,0.70980707,0.70366192,0.68662989,0.69990343,2018,3,0.70421027,0.54119739,0.65526997,0.59958227
"2018_03_OAK_MIA",0.57497478,0.56934742,0.56347969,0.56542522,0.45928088,0.56016043,2018,3,0.56608933,0.64022475,0.66879457,0.65464923
"2018_03_SF_KC",0.7073133,0.71154234,0.7021942,0.69741303,0.66090053,0.69542874,2018,3,0.6969697,0.69933186,0.69335431,0.69635138
"2018_03_TEN_JAX",0.79790019,0.76125905,0.79542406,0.78499919,0.71046752,0.7831904,2018,3,0.7864444,0.66501027,0.81253546,0.7457621
"2018_03_LAC_LA",0.72225824,0.74650649,0.73091573,0.72581106,0.73621714,0.72564476,2018,3,0.72433784,0.59690546,0.53720671,0.56730035
"2018_03_CHI_ARI",0.29486757,0.30919591,0.28469934,0.30374664,0.32398131,0.30532236,2018,3,0.30124606,0.48068738,0.45669506,0.46867312
"2018_03_DAL_SEA",0.52253868,0.51102837,0.52106166,0.52657992,0.48905021,0.52374673,2018,3,0.52622156,0.49247862,0.5729488,0.53292786
"2018_03_NE_DET",0.25126079,0.2517987,0.24710511,0.26678285,0.34249792,0.26518887,2018,3,0.26447099,0.34861483,0.39979523,0.3738522
"2018_03_PIT_TB",0.52459646,0.51470907,0.52106166,0.52408093,0.45676708,0.52048358,2018,3,0.52622156,0.51765049,0.5869665,0.55256386
"2018_04_MIN_LA",0.75021278,0.72224239,0.75011547,0.74814045,0.76729989,0.77792075,2018,4,0.74441787,0.61733817,0.74148523,0.68265148
"2018_04_BUF_GB",0.76005089,0.73917235,0.77236642,0.73323703,0.73756921,0.66673774,2018,4,0.76598475,0.4900938,0.63731791,0.56514163
"2018_04_CIN_ATL",0.62822656,0.63970681,0.62675,0.61761987,0.61269337,0.61260306,2018,4,0.62610059,0.60939339,0.59830387,0.60386198
"2018_04_DET_DAL",0.56892935,0.57505651,0.56756937,0.56891704,0.54412329,0.56647162,2018,4,0.56973826,0.55422691,0.56918659,0.56172078
"2018_04_HOU_IND",0.48424862,0.50455366,0.47145611,0.47598827,0.44723663,0.45909195,2018,4,0.47820285,0.61587641,0.56849738,0.59240163
"2018_04_MIA_NE",0.71817292,0.72144687,0.72342306,0.72715968,0.77570093,0.72104176,2018,4,0.71866115,0.59825128,0.62161373,0.60999559
"2018_04_NYJ_JAX",0.75845359,0.75965686,0.75758638,0.74649835,0.7697472,0.75776888,2018,4,0.75164854,0.69100964,0.70119116,0.69612442
"2018_04_PHI_TEN",0.40363954,0.42747173,0.41134463,0.43240371,0.47525606,0.42117378,2018,4,0.42071419,0.38446257,0.37246877,0.37844709
"2018_04_TB_CHI",0.56325812,0.56231743,0.56643179,0.55917984,0.54204977,0.55856267,2018,4,0.56865564,0.49718055,0.54701713,0.52215397
"2018_04_CLE_OAK",0.56098293,0.59448722,0.5578631,0.57723659,0.57061923,0.6194865,2018,4,0.56050122,0.61042981,0.52853903,0.5699629
"2018_04_SEA_ARI",0.34662631,0.36095365,0.34598492,0.35216546,0.35609147,0.39932934,2018,4,0.35777299,0.40132637,0.40595194,0.40363701
"2018_04_NO_NYG",0.36733144,0.37919946,0.37487093,0.40431905,0.44156802,0.47562229,2018,4,0.38565919,0.3394431,0.36809603,0.35363816
"2018_04_SF_LAC",0.79565079,0.76585354,0.79844005,0.79027414,0.77635103,0.79406065,2018,4,0.7913901,0.61235349,0.75943011,0.69069847
"2018_04_BAL_PIT",0.61126865,0.62391873,0.61441286,0.61675471,0.59671426,0.64928524,2018,4,0.61434081,0.55646292,0.55325178,0.55485792
"2018_04_KC_DEN",0.36003201,0.35885282,0.36602441,0.3572951,0.37043339,0.34824721,2018,4,0.37713161,0.32576383,0.39606764,0.36016629
"2018_05_IND_NE",0.83222694,0.8365799,0.83191287,0.85981148,0.83332562,0.87849266,2018,5,0.82311648,0.75996425,0.74613692,0.75311565
"2018_05_ATL_PIT",0.62366779,0.62570051,0.62868231,0.58260477,0.582798,0.52510516,2018,5,0.62746142,0.52393012,0.56262437,0.54334263
"2018_05_BAL_CLE",0.36071718,0.34290477,0.37247674,0.39113003,0.37518498,0.38525645,2018,5,0.38421187,0.24728128,0.37945774,0.30948933
"2018_05_DEN_NYJ",0.49674509,0.49003826,0.49162059,0.55114579,0.5139336,0.55977472,2018,5,0.49767701,0.51719457,0.57420639,0.54585077
"2018_05_GB_DET",0.54169322,0.54628509,0.53964421,0.53906196,0.51051044,0.57200048,2018,5,0.54314721,0.5395536,0.56024366,0.54992022
"2018_05_JAX_KC",0.58004678,0.5953134,0.57526898,0.55484319,0.52242273,0.5636317,2018,5,0.57685905,0.61261017,0.58578503,0.59927196
"2018_05_MIA_CIN",0.70523935,0.6838708,0.7063297,0.75803053,0.76162571,0.75772234,2018,5,0.7013921,0.58050994,0.68884623,0.63640603
"2018_05_NYG_CAR",0.72294485,0.72127278,0.71303415,0.6714496,0.65655094,0.66749316,2018,5,0.70780889,0.7455769,0.74841757,0.74699987
"2018_05_TEN_BUF",0.28328808,0.29534135,0.27377338,0.3315917,0.33336431,0.3721024,2018,5,0.2886827,0.45567233,0.44337988,0.4495184
"2018_05_OAK_LAC",0.69415276,0.66401405,0.68401317,0.653198,0.62822896,0.6345646,2018,5,0.68007756,0.6751759,0.77169313,0.72607379
"2018_05_ARI_SF",0.61024824,0.59715017,0.6026412,0.56750977,0.47436327,0.55416016,2018,5,0.602776,0.61337277,0.67325203,0.64387464
"2018_05_LA_SEA",0.25089108,0.27122286,0.24352623,0.23602745,0.28099519,0.27011586,2018,5,0.25896228,0.42794767,0.38427173,0.40592367
"2018_05_MIN_PHI",0.63590547,0.63059419,0.62868231,0.63584244,0.61679715,0.63650254,2018,5,0.62746142,0.64289015,0.67479897,0.65902467
"2018_05_DAL_HOU",0.60845483,0.56822429,0.61939265,0.56941253,0.56423801,0.58979585,2018,5,0.61865117,0.37835207,0.58266722,0.47965918
"2018_05_WAS_NO",0.70035176,0.72388305,0.7017051,0.72367215,0.67883992,0.69577165,2018,5,0.6969697,0.6623292,0.59717342,0.63034481
"2018_06_PHI_NYG",0.43681597,0.42289337,0.44963112,0.49249417,0.51476896,0.47324552,2018,6,0.45597611,0.28839036,0.40887935,0.34617229
"2018_06_ARI_MIN",0.79105486,0.78523781,0.79194679,0.79233664,0.80313766,0.8060845,2018,6,0.783029,0.68132058,0.72371459,0.70295411
"2018_06_BUF_HOU",0.79496816,0.75179236,0.8041122,0.75698274,0.77497661,0.71944846,2018,6,0.794951,0.46540837,0.72006788,0.59943349
"2018_06_CAR_WAS",0.47380914,0.44406117,0.47301979,0.40143722,0.38062009,0.40585903,2018,6,0.47820285,0.41705009,0.56870463,0.49270966
"2018_06_CHI_MIA",0.26935736,0.30520593,0.26242277,0.26891115,0.27652118,0.20047256,2018,6,0.27584142,0.47149329,0.36465945,0.41710382
"2018_06_IND_NYJ",0.58339848,0.59420922,0.57775331,0.57667953,0.54226834,0.57604982,2018,6,0.57754979,0.61870278,0.60381104,0.61128287
"2018_06_LAC_CLE",0.47868253,0.4940425,0.49598339,0.49854061,0.53017229,0.49416812,2018,6,0.5,0.32054389,0.35185804,0.33602082
"2018_06_PIT_CIN",0.51691076,0.51524423,0.51551278,0.61498815,0.6324144,0.60776059,2018,6,0.51852438,0.50403406,0.55059629,0.5273747
"2018_06_SEA_OAK",0.39369215,0.41545734,0.40306256,0.42770338,0.44790784,0.415654,2018,6,0.41160329,0.34635917,0.34504764,0.34570311
"2018_06_TB_ATL",0.60320913,0.61279299,0.60105081,0.6061936,0.55609667,0.6361635,2018,6,0.59966613,0.59572143,0.59103573,0.59338071
"2018_06_LA_DEN",0.25051952,0.26078508,0.25452066,0.23252958,0.267524,0.26378602,2018,6,0.26809651,0.27069811,0.29892559,0.28460116
"2018_06_BAL_TEN",0.42824359,0.45708222,0.42838867,0.50008559,0.52186453,0.48412196,2018,6,0.43575789,0.47891268,0.42762297,0.45314347
"2018_06_JAX_DAL",0.37606484,0.38800383,0.37144049,0.49080905,0.51106369,0.50350997,2018,6,0.38134883,0.46329278,0.46297856,0.46313567
"2018_06_KC_NE",0.6354397,0.62606695,0.64314749,0.65677631,0.7009958,0.69980978,2018,6,0.6397068,0.47527008,0.56466063,0.52012644
"2018_06_SF_GB",0.79080517,0.78539405,0.79732147,0.78946364,0.80170083,0.81801222,2018,6,0.78829086,0.59980516,0.66450174,0.63275103
"2018_07_DEN_ARI",0.4908891,0.51634839,0.48548025,0.53090775,0.56692487,0.55877693,2018,7,0.48961219,0.56380552,0.50713374,0.5355845
"2018_07_BUF_IND",0.72132263,0.69985879,0.73547934,0.70048761,0.75111651,0.70815241,2018,7,0.72745052,0.45542656,0.60909101,0.53304235
"2018_07_CAR_PHI",0.68712487,0.67111415,0.68268676,0.6349417,0.65604097,0.67278399,2018,7,0.67675406,0.62638896,0.70241479,0.6654751
"2018_07_CLE_TB",0.64373284,0.64610767,0.63239294,0.65403128,0.62677282,0.63705823,2018,7,0.6288126,0.6823008,0.68169193,0.68199644
"2018_07_DET_MIA",0.37877669,0.38736778,0.36673171,0.33731571,0.33638591,0.24741718,2018,7,0.3766504,0.51379805,0.51146992,0.51263405
"2018_07_HOU_JAX",0.66990088,0.67567798,0.66632682,0.63551897,0.67030174,0.63324172,2018,7,0.66112812,0.64687607,0.64562417,0.64625037
"2018_07_MIN_NYJ",0.37707173,0.36031251,0.36964773,0.39261329,0.37384549,0.52116365,2018,7,0.37944119,0.42317992,0.5287418,0.47568932
"2018_07_NE_CHI",0.4463061,0.41782216,0.44576012,0.37200984,0.35005257,0.35853706,2018,7,0.45195052,0.39464857,0.54767951,0.47047013
"2018_07_NO_BAL",0.56810958,0.59328151,0.57465467,0.53275472,0.53514534,0.53564578,2018,7,0.57403544,0.52101475,0.47982255,0.50041936
"2018_07_DAL_WAS",0.45555978,0.45519485,0.45000133,0.46471024,0.40524065,0.48688893,2018,7,0.45597611,0.49341638,0.53303858,0.51324829
"2018_07_LA_SF",0.20954532,0.20557746,0.20865286,0.18658829,0.24512589,0.2974556,2018,7,0.22290965,0.26330786,0.34166791,0.30103835
"2018_07_CIN_KC",0.72663304,0.72085174,0.72041634,0.69807982,0.76366919,0.71802511,2018,7,0.71293717,0.69437029,0.72380306,0.70930647
"2018_07_TEN_LAC",0.732501,0.67281906,0.72474657,0.65157276,0.70193911,0.60492113,2018,7,0.71710502,0.60827521,0.81781073,0.72528418
"2018_07_NYG_ATL",0.67778593,0.69153747,0.66514691,0.70145559,0.69487125,0.78612755,2018,7,0.66000242,0.73833821,0.69237419,0.71591659
"2018_08_MIA_HOU",0.75334709,0.74464207,0.76181434,0.71858579,0.7425217,0.75815127,2018,8,0.75284902,0.5618168,0.64572316,0.60453935
"2018_08_BAL_CAR",0.42446241,0.43659815,0.41685796,0.43842003,0.43311483,0.41814253,2018,8,0.42596456,0.51473367,0.50495024,0.5098429
"2018_08_CLE_PIT",0.79471105,0.79120857,0.78150368,0.85010946,0.84947467,0.8496591,2018,8,0.77192915,0.81790276,0.81657401,0.81723932
"2018_08_DEN_KC",0.79513854,0.79320467,0.78631009,0.77310884,0.76942044,0.78482101,2018,8,0.77660318,0.78723739,0.7882395,0.78773888
"2018_08_NYJ_CHI",0.76599095,0.74215327,0.76821068,0.8076548,0.79924291,0.78141353,2018,8,0.75903614,0.60413264,0.73320448,0.67190821
"2018_08_SEA_DET",0.59353451,0.63319727,0.60488036,0.64331257,0.63541049,0.60082387,2018,8,0.60334282,0.52875877,0.43301752,0.48071108
"2018_08_TB_CIN",0.64086879,0.65890629,0.64601649,0.64362401,0.64281756,0.59219963,2018,8,0.64222701,0.5740198,0.54437573,0.55925057
"2018_08_WAS_NYG",0.47707954,0.45941061,0.48781683,0.46003845,0.46298927,0.49122543,2018,8,0.49302844,0.34726771,0.47747662,0.41081123
"2018_08_IND_OAK",0.36525804,0.38080395,0.35649627,0.40230322,0.42460799,0.43657521,2018,8,0.36851358,0.49265845,0.46892365,0.48078021
"2018_08_GB_LA",0.77101111,0.76751033,0.76317311,0.74659717,0.77760828,0.70478481,2018,8,0.75416248,0.75284499,0.76498824,0.7589688
"2018_08_SF_ARI",0.42733362,0.46494182,0.42524317,0.45662904,0.47025368,0.51364874,2018,8,0.43391067,0.5180387,0.42340489,0.4704563
"2018_08_NO_MIN",0.44223971,0.46429335,0.44012178,0.496223,0.51076633,0.53583659,2018,8,0.44799377,0.49925328,0.46209561,0.48064769
"2018_08_PHI_JAX",0.32593873,0.33501453,0.32792967,0.32534245,0.25548881,0.34910426,2018,8,0.3411306,0.35643756,0.38155516,0.36890756
"2018_08_NE_BUF",0.10478634,0.11549186,0.10130388,0.14599159,0.34915516,0.11616965,2018,8,0.11513998,0.25277134,0.23083891,0.24163561
"2018_09_OAK_SF",0.4887308,0.46061893,0.46697247,0.41456211,0.36258793,0.37568738,2018,9,0.47377844,0.57900332,0.68622993,0.63427891
"2018_09_ATL_WAS",0.5456413,0.55570015,0.54627314,0.58441049,0.56866395,0.65513,2018,9,0.54804948,0.52841794,0.5319454,0.53018205
"2018_09_CHI_BUF",0.20180011,0.24904257,0.20128212,0.21463186,0.30263829,0.18531008,2018,9,0.21891419,0.37746216,0.2224881,0.29405309
"2018_09_DET_MIN",0.67758971,0.67221514,0.67517625,0.66782975,0.66722536,0.65958603,2018,9,0.66912912,0.61853695,0.66305385,0.64109917
"2018_09_KC_CLE",0.19637877,0.19971634,0.20947145,0.19868778,0.25967672,0.18312345,2018,9,0.22705771,0.1647778,0.22034845,0.19102427
"2018_09_NYJ_MIA",0.59652925,0.59157688,0.59458912,0.58208066,0.52268094,0.51129208,2018,9,0.59330144,0.55504669,0.60681746,0.58115546
"2018_09_PIT_BAL",0.54507617,0.54408799,0.54839588,0.50931114,0.48978281,0.52852005,2018,9,0.55003635,0.48672183,0.53777883,0.51228237
"2018_09_TB_CAR",0.73443566,0.75222297,0.73229543,0.76230979,0.78681326,0.79303551,2018,9,0.72341249,0.71137701,0.65056068,0.68174287
"2018_09_HOU_DEN",0.52254882,0.52416695,0.52759399,0.48193932,0.48354241,0.47609375,2018,9,0.53056675,0.46327876,0.50918785,0.4862042
"2018_09_LAC_SEA",0.49144316,0.53357106,0.49246641,0.53955632,0.56369174,0.47158218,2018,9,0.49767701,0.5485205,0.43502944,0.49166762
"2018_09_LA_NO",0.44461959,0.44852111,0.43452874,0.47180638,0.45963556,0.49167986,2018,9,0.44330289,0.52498616,0.54163338,0.53331905
"2018_09_GB_NE",0.69454047,0.70281014,0.67853803,0.67394078,0.64628828,0.72595963,2018,9,0.67230854,0.7552451,0.72275339,0.73932687
"2018_09_TEN_DAL",0.68697968,0.66880759,0.68462037,0.67276275,0.65676498,0.67743166,2018,9,0.67806525,0.59885911,0.69339975,0.64757294
"2018_10_CAR_PIT",0.64189028,0.63181282,0.64243981,0.60606557,0.62018222,0.61122272,2018,10,0.63843363,0.55870921,0.63324705,0.59653511
"2018_10_ARI_KC",0.91410756,0.89977702,0.9079292,0.89910245,0.8389979,0.87951121,2018,10,0.89654481,0.84768856,0.90665123,0.88027117
"2018_10_ATL_CLE",0.28339421,0.27637408,0.29630995,0.2702145,0.25945482,0.28809052,2018,10,0.31280077,0.23515719,0.33372551,0.28183055
"2018_10_BUF_NYJ",0.71605872,0.69990289,0.7168104,0.69601315,0.78778028,0.69189184,2018,10,0.70864099,0.59828084,0.69452668,0.64790375
"2018_10_DET_CHI",0.75374023,0.7312962,0.75362308,0.75828421,0.77510816,0.74909149,2018,10,0.74377745,0.61823195,0.73899348,0.68165698
"2018_10_JAX_IND",0.60124541,0.57084767,0.59598239,0.60170525,0.55242568,0.55951845,2018,10,0.59491107,0.52482323,0.67191747,0.6006376
"2018_10_NE_TEN",0.28930878,0.30297735,0.29115877,0.27777326,0.26983243,0.29612926,2018,10,0.30783549,0.34822426,0.34894747,0.34858578
"2018_10_NO_CIN",0.28171328,0.29017793,0.28341935,0.34468219,0.34952542,0.37724083,2018,10,0.30036163,0.3322491,0.35534017,0.34370228
"2018_10_WAS_TB",0.62525536,0.61131191,0.63503757,0.61481839,0.6296593,0.66788661,2018,10,0.63148642,0.47780812,0.58606266,0.53231567
"2018_10_LAC_OAK",0.17125918,0.18997218,0.18030269,0.17072693,0.24774647,0.17507343,2018,10,0.19880432,0.21261546,0.19515857,0.20374793
"2018_10_MIA_GB",0.83246268,0.81706612,0.8458973,0.80495566,0.78214496,0.80853314,2018,10,0.83369548,0.55687781,0.70070438,0.63171408
"2018_10_SEA_LA",0.79373846,0.79204912,0.79971026,0.76804978,0.79029036,0.80263168,2018,10,0.78829086,0.65199701,0.68825522,0.67037948
"2018_10_DAL_PHI",0.77569992,0.76429046,0.77240944,0.76767558,0.80031985,0.72153208,2018,10,0.76184245,0.68700283,0.74932634,0.7192175
"2018_10_NYG_SF",0.64259115,0.6199587,0.62929497,0.54757434,0.48729816,0.52047365,2018,10,0.62610059,0.6219444,0.71825092,0.67190324
"2018_11_GB_SEA",0.60949537,0.61665087,0.60460376,0.76675016,0.78535402,0.80659478,2018,11,0.60334282,0.60769226,0.60585518,0.6067741
"2018_11_CAR_DET",0.34477849,0.35098334,0.34423866,0.32456496,0.30159888,0.32667486,2018,11,0.35777299,0.38779036,0.41651899,0.40207063
"2018_11_CIN_BAL",0.71957782,0.68045251,0.71216352,0.66452909,0.64418685,0.63898394,2018,11,0.70506308,0.61416961,0.7776804,0.70235479
"2018_11_DAL_ATL",0.63532766,0.63732535,0.63867374,0.60495907,0.62003249,0.54416507,2018,11,0.63542729,0.55966366,0.58999356,0.57489909
"2018_11_HOU_WAS",0.40050548,0.4298679,0.38831291,0.40698168,0.38963121,0.38719668,2018,11,0.399754,0.55518817,0.46842621,0.51189679
"2018_11_PIT_JAX",0.32060936,0.32555643,0.33327603,0.31122336,0.26555401,0.32109605,2018,11,0.34727812,0.28051134,0.33176271,0.30553552
"2018_11_TB_NYG",0.59260336,0.60164986,0.60460376,0.68446136,0.68873274,0.68262967,2018,11,0.60334282,0.48345266,0.50335279,0.49340011
"2018_11_TEN_IND",0.54646029,0.49771868,0.54785582,0.51572269,0.4694486,0.56418659,2018,11,0.55003635,0.40924385,0.64179304,0.52698162
"2018_11_DEN_LAC",0.7687616,0.76437128,0.75748198,0.72929204,0.76096964,0.71574293,2018,11,0.74846381,0.75805598,0.77286203,0.76554007
"2018_11_OAK_ARI",0.66321325,0.69236507,0.66706628,0.64222121,0.66379964,0.65053529,2018,11,0.66224655,0.63540484,0.54446017,0.59070806
"2018_11_PHI_NO",0.76545643,0.7513689,0.7587606,0.83873338,0.86976224,0.84630543,2018,11,0.7496951,0.70172356,0.76631162,0.73527628
"2018_11_MIN_CHI",0.56571989,0.54805814,0.56298818,0.57002652,0.53771824,0.50751469,2018,11,0.56424211,0.5113546,0.61562458,0.56419915
"2018_11_KC_LA",0.60468236,0.61312714,0.61629266,0.62651914,0.60528773,0.61475589,2018,11,0.61434081,0.49312368,0.51370104,0.5034138
"2018_12_CHI_DET",0.37875151,0.40549516,0.3862339,0.42856422,0.4348571,0.41208548,2018,12,0.397224,0.40044181,0.35057011,0.37517492
"2018_12_WAS_DAL",0.74361122,0.73646944,0.75096885,0.6979441,0.72893822,0.67351514,2018,12,0.74234289,0.58151497,0.65605273,0.61948766
"2018_12_ATL_NO",0.83759453,0.82132034,0.82917134,0.82102293,0.82458186,0.84645431,2018,12,0.8185118,0.77944423,0.8467206,0.81544244
"2018_12_CLE_CIN",0.49213281,0.53545985,0.47659485,0.45008266,0.41127616,0.40121236,2018,12,0.48270861,0.67068463,0.5111625,0.59338347
"2018_12_JAX_BUF",0.40575059,0.41301864,0.39620454,0.44230655,0.46519271,0.42613529,2018,12,0.40669856,0.49912454,0.50366637,0.50139549
"2018_12_NE_NYJ",0.15175649,0.15097217,0.1502708,0.16056173,0.27734688,0.13297787,2018,12,0.16630452,0.22662184,0.28939246,0.25675355
"2018_12_NYG_PHI",0.68265718,0.69969794,0.6709176,0.64611578,0.65853691,0.68261699,2018,12,0.66588884,0.73396961,0.66856517,0.70230115
"2018_12_OAK_BAL",0.85756331,0.8612359,0.8558296,0.84188432,0.82306826,0.784096,2018,12,0.84498828,0.79615977,0.77599126,0.78624867
"2018_12_SEA_CAR",0.60351288,0.61416727,0.60475055,0.58672601,0.55152375,0.58816119,2018,12,0.60334282,0.57051564,0.56102988,0.56577878
"2018_12_SF_TB",0.54109064,0.57302365,0.5438859,0.55912995,0.53338087,0.50408398,2018,12,0.5460454,0.56058214,0.46740488,0.51411616
"2018_12_ARI_LAC",0.88366627,0.85599918,0.87488856,0.88083518,0.82353544,0.86215791,2018,12,0.8641328,0.80369618,0.91302534,0.86765158
"2018_12_MIA_IND",0.7906887,0.76365887,0.78846544,0.75813967,0.76111799,0.7560379,2018,12,0.77862821,0.65101496,0.7940141,0.72837598
"2018_12_PIT_DEN",0.36688604,0.35640736,0.3824311,0.41482878,0.41921586,0.50461184,2018,12,0.39360687,0.26470687,0.3790604,0.31916925
"2018_12_GB_MIN",0.65838068,0.69152245,0.66072092,0.65847576,0.6886335,0.65740094,2018,12,0.65622182,0.65581432,0.53378439,0.59628754
"2018_12_TEN_HOU",0.64597351,0.62093758,0.64327234,0.62873411,0.61225736,0.60423289,2018,12,0.6397068,0.55006141,0.685608,0.62017525
"2018_13_NO_DAL",0.24092758,0.26025757,0.24382907,0.27871615,0.33544809,0.34987086,2018,13,0.26028045,0.31834258,0.28163071,0.29966511
"2018_13_ARI_GB",0.86366339,0.83482358,0.86286498,0.8529191,0.83549964,0.89363559,2018,13,0.85070918,0.68064717,0.85994265,0.78343216
"2018_13_BAL_ATL",0.57252213,0.57335961,0.58210655,0.67130983,0.68824399,0.69348683,2018,13,0.58100796,0.46563174,0.51637631,0.49098079
"2018_13_BUF_MIA",0.62539789,0.62798853,0.63154977,0.58850121,0.57006913,0.56701644,2018,13,0.62746142,0.53156957,0.56366804,0.54766836
"2018_13_CAR_TB",0.35825775,0.34619494,0.35431534,0.34259745,0.35699436,0.34686481,2018,13,0.36674817,0.38015214,0.48859056,0.43357642
"2018_13_CHI_NYG",0.34057502,0.33928661,0.35431534,0.35964045,0.37599495,0.34093916,2018,13,0.36674817,0.27250566,0.348555,0.30924061
"2018_13_CLE_HOU",0.71046065,0.7158821,0.70190016,0.69272268,0.65042734,0.69502644,2018,13,0.6940057,0.71277178,0.69611348,0.70451078
"2018_13_DEN_CIN",0.37132781,0.38390139,0.36327899,0.37670481,0.34934717,0.38277705,2018,13,0.37526998,0.47951656,0.46006227,0.46977793
"2018_13_IND_JAX",0.33763196,0.35771888,0.33677456,0.33510229,0.37743881,0.3638751,2018,13,0.35003102,0.42024435,0.37747805,0.39866795
"2018_13_LA_DET",0.18466303,0.19510437,0.18423099,0.19553386,0.28660315,0.21505238,2018,13,0.20128088,0.27901131,0.2758002,0.2774029
"2018_13_KC_OAK",0.11793195,0.12674003,0.12429413,0.15160418,0.31054705,0.13323366,2018,13,0.14020267,0.15067588,0.15867041,0.15463094
"2018_13_NYJ_TEN",0.80348607,0.80786976,0.80394979,0.73462492,0.76778686,0.75036209,2018,13,0.7923104,0.72366793,0.71190679,0.71782454
"2018_13_MIN_NE",0.70025925,0.69140804,0.69996428,0.71072686,0.71002793,0.70653725,2018,13,0.69216451,0.60759545,0.6767008,0.64289085
"2018_13_SF_SEA",0.82183862,0.83813706,0.82178625,0.78521955,0.79595906,0.7987601,2018,13,0.80982567,0.78116113,0.68927321,0.73780377
"2018_13_LAC_PIT",0.626576,0.6578119,0.63769781,0.6636951,0.66958535,0.63874445,2018,13,0.63325183,0.56618441,0.46388749,0.51519511
"2018_13_WAS_PHI",0.69324929,0.70291868,0.69574354,0.69911647,0.72384918,0.76243101,2018,13,0.68815256,0.62783584,0.60939652,0.61865893
"2018_14_JAX_TEN",0.69674632,0.71220702,0.70341622,0.68764478,0.65612042,0.66443258,2018,14,0.69582547,0.61041879,0.57271103,0.59169983
"2018_14_ATL_GB",0.63549477,0.60559709,0.63785363,0.62670356,0.63578516,0.64528393,2018,14,0.63325183,0.49238579,0.66155356,0.57929573
"2018_14_BAL_KC",0.72724912,0.70847901,0.72017503,0.73473227,0.80438292,0.78877493,2018,14,0.71192355,0.66083518,0.7525484,0.7088147
"2018_14_CAR_CLE",0.45952903,0.45629268,0.46935323,0.46510965,0.4386127,0.45781109,2018,14,0.47377844,0.37714441,0.45277193,0.41445422
"2018_14_IND_HOU",0.65251179,0.67191482,0.65161259,0.66225046,0.73482603,0.71766348,2018,14,0.64633913,0.6419817,0.58228338,0.612555
"2018_14_NE_MIA",0.2140834,0.22852442,0.21886618,0.23448691,0.31699058,0.24266709,2018,14,0.23294908,0.26440954,0.2577362,0.26105908
"2018_14_NO_TB",0.20669277,0.21717129,0.21290967,0.22703879,0.28214234,0.22895852,2018,14,0.22705771,0.23760139,0.25145382,0.24446124
"2018_14_NYG_WAS",0.40441045,0.42045699,0.38018069,0.38369265,0.35394493,0.31147989,2018,14,0.3891164,0.6232274,0.56535232,0.59461851
"2018_14_NYJ_BUF",0.67509754,0.66368083,0.66830639,0.64705646,0.60964245,0.58227144,2018,14,0.66224655,0.63321707,0.69862171,0.66672132
"2018_14_CIN_LAC",0.91075173,0.89290142,0.90783477,0.89819038,0.80196375,0.92028707,2018,14,0.89785166,0.79995095,0.9000657,0.8571688
"2018_14_DEN_SF",0.38378911,0.35943959,0.38489082,0.39232042,0.37017551,0.40554523,2018,14,0.39360687,0.33734415,0.49994736,0.41637281
"2018_14_DET_ARI",0.42414392,0.44261978,0.42534638,0.43915239,0.51282322,0.50944455,2018,14,0.43207868,0.45767734,0.42960875,0.44359804
"2018_14_PHI_DAL",0.639751,0.61815251,0.63785363,0.64352787,0.67014897,0.68890487,2018,14,0.63325183,0.54655889,0.66982689,0.609947
"2018_14_PIT_OAK",0.18172683,0.17968989,0.18739449,0.19353467,0.23009294,0.16258491,2018,14,0.20167808,0.19061774,0.26356657,0.22500097
"2018_14_LA_CHI",0.42732174,0.40902263,0.42534638,0.419521,0.3847712,0.39252767,2018,14,0.43207868,0.40274703,0.53006577,0.46585028
"2018_14_MIN_SEA",0.62319846,0.60316311,0.6164967,0.62460876,0.66239285,0.6648767,2018,14,0.61297325,0.5734518,0.68018551,0.62838309
"2018_15_LAC_KC",0.64731591,0.66376167,0.64961191,0.6528703,0.69381905,0.68939088,2018,15,0.64387809,0.60890261,0.56040256,0.5848581
"2018_15_HOU_NYJ",0.26355527,0.27249393,0.26657899,0.28475198,0.30169761,0.28949114,2018,15,0.27658751,0.30041831,0.31607011,0.30818911
"2018_15_CLE_DEN",0.55963086,0.56147436,0.5494453,0.54944921,0.4715575,0.55950413,2018,15,0.54804948,0.60972343,0.62161065,0.61568431
"2018_15_ARI_ATL",0.78658253,0.76579456,0.78362818,0.77597982,0.77939439,0.7945902,2018,15,0.77394665,0.67061958,0.79068607,0.73497791
"2018_15_DAL_IND",0.61336893,0.59069039,0.62182632,0.60757893,0.5945133,0.58983,2018,15,0.61722488,0.43100967,0.59518455,0.51346016
"2018_15_DET_BUF",0.57717651,0.55231368,0.58216539,0.57591474,0.57078427,0.6182398,2018,15,0.57928581,0.43180206,0.59967066,0.51619314
"2018_15_GB_CHI",0.70817344,0.72053523,0.70350745,0.69922364,0.67364907,0.72950626,2018,15,0.69582547,0.70766271,0.65950333,0.68407668
"2018_15_MIA_MIN",0.76903022,0.77099191,0.77187078,0.76586682,0.80103284,0.80024063,2018,15,0.76239605,0.66233333,0.67547485,0.66893702
"2018_15_OAK_CIN",0.60225905,0.61080478,0.5968296,0.59752268,0.58025843,0.6252915,2018,15,0.59330144,0.61918093,0.60348916,0.61136389
"2018_15_TB_BAL",0.78009806,0.78799168,0.78157713,0.77315646,0.78804201,0.76926715,2018,15,0.77192915,0.70394952,0.6761602,0.6902266
"2018_15_TEN_NYG",0.4607555,0.44814143,0.45814677,0.44989273,0.4005571,0.42883911,2018,15,0.46097238,0.44164688,0.54590819,0.49370914
"2018_15_WAS_JAX",0.75033098,0.75327462,0.7627359,0.74452025,0.76539052,0.77403584,2018,15,0.75344501,0.54640736,0.58046785,0.5635125
"2018_15_SEA_SF",0.32826772,0.30523577,0.33349005,0.33150896,0.26693165,0.30853203,2018,15,0.34148295,0.2586934,0.43538563,0.34156209
"2018_15_NE_PIT",0.45304871,0.44124028,0.44661499,0.44199783,0.38685334,0.42101175,2018,15,0.44996365,0.46978406,0.56389204,0.51698868
"2018_15_PHI_LA",0.86330316,0.85767225,0.86970426,0.85682738,0.8104372,0.81866493,2018,15,0.85981308,0.66150729,0.73643476,0.70030886
"2018_15_NO_CAR",0.28856639,0.28557526,0.29492814,0.30419636,0.27633542,0.34725229,2018,15,0.30417453,0.26383827,0.34387911,0.30236013
"2018_16_WAS_TEN",0.833421,0.84160124,0.84183944,0.83046407,0.75669491,0.84035939,2018,16,0.83274271,0.6869961,0.65025689,0.66888375
"2018_16_BAL_LAC",0.66428346,0.64208388,0.65408686,0.64536107,0.56534851,0.62144257,2018,16,0.64876715,0.61777442,0.73945956,0.68170903
"2018_16_ATL_CAR",0.43212635,0.43562794,0.41468955,0.41070569,0.38346732,0.35172513,2018,16,0.41899204,0.56691583,0.57103921,0.56897872
"2018_16_BUF_NE",0.86356301,0.86629771,0.86242114,0.8614223,0.80017656,0.86568239,2018,16,0.85344828,0.79874057,0.78081663,0.78991888
"2018_16_CIN_CLE",0.77446488,0.76439774,0.78374989,0.78101343,0.76923662,0.82340436,2018,16,0.77503595,0.56647025,0.67434704,0.62191594
"2018_16_GB_NYJ",0.41636196,0.42960662,0.4245451,0.4328053,0.46965954,0.43189156,2018,16,0.42845968,0.39339986,0.38879653,0.39109577
"2018_16_HOU_PHI",0.53947103,0.56427865,0.5386551,0.53700751,0.51090884,0.49182237,2018,16,0.53785257,0.57741317,0.4884357,0.53318834
"2018_16_JAX_MIA",0.59166318,0.60301926,0.5941249,0.58546746,0.55303603,0.57031681,2018,16,0.59105824,0.55732068,0.53790981,0.54763336
"2018_16_MIN_DET",0.29207757,0.29268816,0.28186104,0.28596586,0.29606605,0.28908583,2018,16,0.29053153,0.4113478,0.45065149,0.43089081
"2018_16_NYG_IND",0.79244299,0.78396646,0.78988341,0.78667808,0.7478466,0.81275517,2018,16,0.78108581,0.70309629,0.76359798,0.73444571
"2018_16_TB_DAL",0.75076144,0.7550549,0.74912269,0.73821968,0.76952463,0.73087958,2018,16,0.74103772,0.69717086,0.68792789,0.69256869
"2018_16_CHI_SF",0.34516818,0.3316804,0.35374905,0.35765553,0.38989416,0.35157117,2018,16,0.3602932,0.27292038,0.4080747,0.33717855
"2018_16_LA_ARI",0.14285546,0.15494256,0.14709315,0.15423436,0.30144274,0.15439162,2018,16,0.15700454,0.2006681,0.183284,0.19182591
"2018_16_PIT_NO",0.72354787,0.72556473,0.71865896,0.71055603,0.75219148,0.71549889,2018,16,0.7113173,0.69234568,0.69467976,0.69351396
"2018_16_KC_SEA",0.46675414,0.4692298,0.47305145,0.48272014,0.49570554,0.52110939,2018,16,0.47499179,0.41573502,0.46028734,0.43788596
"2018_16_DEN_OAK",0.43367707,0.43110644,0.44489622,0.45991281,0.48388031,0.47914271,2018,16,0.44799377,0.34598667,0.42404422,0.38427066
"2018_17_ATL_TB",0.42213716,0.42311854,0.42168747,0.42466378,0.37053487,0.35749559,2018,17,0.42667231,0.4290071,0.47432203,0.45156416
"2018_17_CAR_NO",0.76358499,0.78376853,0.7494727,0.74232906,0.79250813,0.68016456,2018,17,0.74038027,0.84239342,0.73943464,0.79569284
"2018_17_DAL_NYG",0.73417586,0.73044905,0.76238188,0.74713331,0.75367206,0.78151368,2018,17,0.75297502,0.3471433,0.45744233,0.40104045
"2018_17_DET_GB",0.75080578,0.74205731,0.75506085,0.74953806,0.79591179,0.75622488,2018,17,0.74582774,0.59937771,0.68313765,0.64234367
"2018_17_JAX_HOU",0.75002978,0.74936759,0.74795818,0.74868238,0.79447603,0.77818738,2018,17,0.73890505,0.68685063,0.70583344,0.69642573
"2018_17_MIA_BUF",0.70076674,0.68025937,0.70471198,0.69761145,0.72864348,0.77134746,2018,17,0.6969697,0.53216961,0.68111907,0.60918505
"2018_17_NYJ_NE",0.87957671,0.88339076,0.87533075,0.8712799,0.857602,0.89373348,2018,17,0.86527661,0.85310215,0.82107034,0.83772248
"2018_17_ARI_SEA",0.88262876,0.86551824,0.87250062,0.85847473,0.79706252,0.83364104,2018,17,0.86240161,0.85121045,0.91521723,0.88711427
"2018_17_CHI_MIN",0.67280282,0.67673744,0.68719837,0.66838109,0.6558075,0.64825866,2018,17,0.68007756,0.48389924,0.52126995,0.50258821
"2018_17_CIN_PIT",0.85534293,0.84873116,0.85226105,0.84786624,0.86344051,0.87278677,2018,17,0.84195355,0.77927042,0.82034131,0.80059874
"2018_17_CLE_BAL",0.75890818,0.77276901,0.7557068,0.75305367,0.80203682,0.74070616,2018,17,0.74645787,0.7458158,0.67759262,0.71291317
"2018_17_LAC_DEN",0.27709881,0.27594854,0.27744501,0.28348148,0.22172558,0.2329042,2018,17,0.28787054,0.30932953,0.37474429,0.34128204
"2018_17_OAK_KC",0.87583581,0.87341842,0.86915604,0.86216325,0.83212137,0.85805735,2018,17,0.85900922,0.8525558,0.85584438,0.85420778
"2018_17_PHI_WAS",0.30357814,0.2768681,0.29705009,0.31240231,0.26377451,0.24994798,2018,17,0.3069122,0.3197039,0.52334158,0.41803398
"2018_17_SF_LA",0.81592257,0.82113429,0.8089113,0.79905492,0.82712048,0.82794479,2018,17,0.79871912,0.81001005,0.77744289,0.79420335
"2018_17_IND_TEN",0.34124785,0.36826159,0.32779885,0.34708026,0.30541101,0.31095805,2018,17,0.33664221,0.55848275,0.44178578,0.50013612
"2018_18_IND_HOU",0.53841094,0.54341782,0.53918454,0.54573154,0.5630334,0.57310079,2018,18,0.5399277,0.51546292,0.53190339,0.52368958
"2018_18_SEA_DAL",0.57791549,0.58224824,0.58601602,0.58670276,0.59615636,0.64279818,2018,18,0.58441125,0.49156567,0.51912488,0.50534934
"2018_18_LAC_BAL",0.58947867,0.60490654,0.59536546,0.59557784,0.54403055,0.56658496,2018,18,0.59330144,0.54573504,0.50774881,0.52678068
"2018_18_PHI_CHI",0.71366743,0.70347855,0.7159568,0.72331446,0.82500458,0.83210728,2018,18,0.70864099,0.59066365,0.67942151,0.63620077
"2018_19_IND_KC",0.66356629,0.6479765,0.65814438,0.65002036,0.6050272,0.66386448,2018,19,0.65389624,0.59525688,0.69911244,0.6489456
"2018_19_DAL_LA",0.75863112,0.7463453,0.76144735,0.7445724,0.74481457,0.7121787,2018,19,0.75344501,0.61381756,0.71593127,0.66682903
"2018_19_LAC_NE",0.64106427,0.6222784,0.64196861,0.6410203,0.6358881,0.59724578,2018,19,0.63843363,0.52386591,0.66025437,0.59386879
"2018_19_PHI_NO",0.77672131,0.75450011,0.77820464,0.75861263,0.75198615,0.76572769,2018,19,0.76977591,0.60535181,0.76475689,0.69069634
"2018_20_LA_NO",0.60326092,0.60326715,0.59862977,0.5989756,0.57738107,0.62535741,2018,20,0.59650831,0.58608456,0.61465015,0.60045277
"2018_20_NE_KC",0.62450601,0.6190414,0.62190932,0.61813223,0.55126524,0.60463516,2018,20,0.61865117,0.57248205,0.6331386,0.60320688
"2018_21_NE_LA",0.45715371,0.46816511,0.45655318,0.46027896,0.43624729,0.41535125,2018,21,0.46214743,0.48431616,0.47078633,0.47754712
"2019_01_GB_CHI",0.64513481,0.6402651,0.6275137,0.63110977,0.60065007,0.71160376,2019,1,0.62473002,0.69200174,0.72083306,0.70662448
"2019_01_ATL_MIN",0.62161869,0.63181567,0.6255575,0.6183005,0.58461499,0.60854461,2019,1,0.62286839,0.57073999,0.55120505,0.56099615
"2019_01_BAL_MIA",0.26089516,0.2657923,0.25553561,0.26592341,0.2755138,0.26328271,2019,1,0.26896617,0.36308117,0.38253106,0.37275465
"2019_01_BUF_NYJ",0.56912687,0.58848216,0.5850911,0.58776575,0.59785646,0.62120672,2019,1,0.58441125,0.47438618,0.42717283,0.45066846
"2019_01_KC_JAX",0.35506795,0.36665056,0.3609858,0.37225133,0.40178382,0.35707505,2019,1,0.3711874,0.36813501,0.36484822,0.36649007
"2019_01_LA_CAR",0.45576772,0.45829669,0.45721207,0.47381124,0.48322666,0.48454899,2019,1,0.46305953,0.44613112,0.48261528,0.46432547
"2019_01_TEN_CLE",0.67355113,0.66449361,0.68624843,0.67469621,0.65212381,0.67489455,2019,1,0.68078932,0.48193937,0.59012527,0.53646133
"2019_01_WAS_PHI",0.80823424,0.8086089,0.81212776,0.8134585,0.86160141,0.85851065,2019,1,0.80279174,0.68689657,0.70532271,0.69618837
"2019_01_CIN_SEA",0.7915546,0.78004062,0.78904338,0.78441328,0.81736386,0.83004396,2019,1,0.7801441,0.6874999,0.77236417,0.73205678
"2019_01_IND_LAC",0.707998,0.70362952,0.71526773,0.71058947,0.79272521,0.75129006,2019,1,0.70864099,0.56346076,0.63036512,0.59736586
"2019_01_DET_ARI",0.40764524,0.41800578,0.41093809,0.4201811,0.46390301,0.44531478,2019,1,0.41899204,0.42097352,0.41896471,0.41996878
"2019_01_NYG_DAL",0.74229489,0.74430091,0.74455487,0.7395469,0.83036286,0.79364147,2019,1,0.73688962,0.65197284,0.66390454,0.65796367
"2019_01_SF_TB",0.51508314,0.51300377,0.50345625,0.51829493,0.53134924,0.54677496,2019,1,0.50697156,0.56436876,0.60184604,0.58322763
"2019_01_PIT_NE",0.68394489,0.6833806,0.68340353,0.67780006,0.67543453,0.66049275,2019,1,0.67806525,0.61871801,0.64861044,0.63379299
"2019_01_HOU_NO",0.74387465,0.74071389,0.7459472,0.74274683,0.80189943,0.7533966,2019,1,0.73823661,0.63744429,0.68282836,0.6605048
"2019_01_DEN_OAK",0.41182438,0.42804705,0.40737229,0.41456121,0.45062733,0.46657974,2019,1,0.41558875,0.4947184,0.44730135,0.47094432
"2019_02_TB_CAR",0.71993849,0.72351091,0.72121548,0.71333623,0.76141185,0.65038616,2019,2,0.71413406,0.64619885,0.64941621,0.64780921
"2019_02_ARI_BAL",0.86151867,0.83599083,0.8522748,0.8415817,0.82095212,0.8322148,2019,2,0.84198949,0.76574115,0.90213144,0.84589697
"2019_02_BUF_NYG",0.48216404,0.48291416,0.47699504,0.49041691,0.49301732,0.5437481,2019,2,0.48270861,0.50593944,0.54050705,0.52325109
"2019_02_DAL_WAS",0.28383116,0.28620176,0.27753154,0.28776434,0.19765027,0.24757203,2019,2,0.29196154,0.38036013,0.41473212,0.39741961
"2019_02_IND_TEN",0.62459352,0.63011929,0.62733114,0.62255919,0.57721937,0.56480291,2019,2,0.62473002,0.56771149,0.57363288,0.57067471
"2019_02_JAX_HOU",0.7535087,0.75340296,0.75682346,0.74755526,0.7217775,0.71940065,2019,2,0.74840735,0.6445092,0.67145579,0.65811004
"2019_02_LAC_DET",0.48354317,0.47851097,0.49037465,0.50060952,0.60655999,0.59884548,2019,2,0.49535338,0.40946667,0.49297616,0.45087552
"2019_02_MIN_GB",0.59669221,0.59501564,0.60853718,0.62632394,0.70800686,0.73317847,2019,2,0.60694156,0.46126996,0.52616594,0.49369138
"2019_02_NE_MIA",0.08838558,0.10062193,0.08652571,0.09729704,0.2297053,0.07887508,2019,2,0.0990099,0.23572806,0.16200387,0.1962626
"2019_02_SEA_PIT",0.63695099,0.64333105,0.64966149,0.65734631,0.68059319,0.6970497,2019,2,0.64590164,0.505576,0.52087735,0.51322977
"2019_02_SF_CIN",0.50091905,0.50575011,0.50021287,0.51236647,0.56327987,0.63499712,2019,2,0.50464662,0.50007014,0.51695661,0.5085158
"2019_02_KC_OAK",0.25703586,0.2736028,0.26108745,0.27780107,0.3725298,0.33005581,2019,2,0.27591339,0.32346856,0.28558321,0.30419404
"2019_02_CHI_DEN",0.40669324,0.4063418,0.41086549,0.41659203,0.39467072,0.39664297,2019,2,0.42003945,0.3853954,0.44449976,0.41464047
"2019_02_NO_LA",0.52881274,0.5318689,0.5253761,0.53079313,0.55755872,0.58661286,2019,2,0.52840393,0.53372806,0.55406284,0.54391375
"2019_02_PHI_ATL",0.49059815,0.48392907,0.49529331,0.49953291,0.49637452,0.51930412,2019,2,0.5,0.42416027,0.51351718,0.46858692
"2019_02_CLE_NYJ",0.28887325,0.2913539,0.27046325,0.29701352,0.28752607,0.24903806,2019,2,0.28507217,0.48576289,0.49852885,0.49214459
"2019_03_TEN_JAX",0.44428613,0.44120487,0.44951702,0.47205967,0.46137866,0.46460761,2019,3,0.45801527,0.39734456,0.47178015,0.43419134
"2019_03_ATL_IND",0.53632724,0.52917566,0.51959041,0.51188236,0.45847791,0.5268071,2019,3,0.52401939,0.60198345,0.6590383,0.6309685
"2019_03_BAL_KC",0.66516065,0.67040952,0.6697215,0.68774259,0.79478437,0.83608203,2019,3,0.6654527,0.58475016,0.58730054,0.58602593
"2019_03_CIN_BUF",0.71009578,0.69689267,0.70203714,0.68644369,0.6049149,0.53135152,2019,3,0.6961326,0.65528417,0.7461216,0.70270053
"2019_03_DEN_GB",0.74527885,0.75904651,0.75130732,0.73712671,0.71552444,0.67190111,2019,3,0.74324438,0.66569596,0.59393426,0.63053622
"2019_03_DET_PHI",0.66302537,0.67138969,0.66587563,0.67825323,0.73296565,0.76699352,2019,3,0.66181061,0.60642735,0.58599587,0.59625334
"2019_03_MIA_DAL",0.9460304,0.93100929,0.94532696,0.9333607,0.78631693,0.9061248,2019,3,0.93730943,0.77899002,0.94139186,0.88268835
"2019_03_NYJ_NE",0.93689637,0.9288269,0.93408438,0.92022389,0.78603822,0.92544185,2019,3,0.92536249,0.85499699,0.92077265,0.8922197
"2019_03_OAK_MIN",0.7891113,0.78061043,0.78730269,0.78286731,0.87023997,0.80144939,2019,3,0.77800734,0.68698167,0.75942619,0.72467898
"2019_03_CAR_ARI",0.53144114,0.55281259,0.55023115,0.55224741,0.62525427,0.56436245,2019,3,0.55282822,0.43757182,0.37871335,0.40781202
"2019_03_NYG_TB",0.68295816,0.67796551,0.68287504,0.67660505,0.67417377,0.57429599,2019,3,0.67792309,0.59982641,0.6595736,0.63019845
"2019_03_HOU_LAC",0.61720016,0.6196128,0.61250124,0.60941827,0.54986471,0.60053923,2019,3,0.61141399,0.60735367,0.61934241,0.61336522
"2019_03_NO_SEA",0.67499668,0.66354822,0.6790212,0.68786746,0.78368872,0.75522333,2019,3,0.6742671,0.53996681,0.65051409,0.59646429
"2019_03_PIT_SF",0.71338419,0.69546503,0.7200845,0.70179707,0.71329844,0.72393874,2019,3,0.71333598,0.52052925,0.68095407,0.60352189
"2019_03_LA_CLE",0.31799145,0.32103988,0.32098935,0.33536774,0.24771848,0.33170369,2019,3,0.33564198,0.33924427,0.37957868,0.35916264
"2019_03_CHI_WAS",0.30792846,0.30595253,0.30484483,0.30803436,0.20847403,0.24885221,2019,3,0.32006787,0.36064393,0.42730088,0.39347671
"2019_04_PHI_GB",0.63769583,0.63106184,0.64023584,0.65744233,0.65388745,0.63965373,2019,4,0.63799775,0.54119995,0.62250346,0.58241157
"2019_04_CAR_HOU",0.70024387,0.70559383,0.70571302,0.68714249,0.68820763,0.67226315,2019,4,0.69991931,0.60924349,0.60410778,0.60667858
"2019_04_CLE_BAL",0.76301713,0.74578329,0.75163531,0.72872972,0.7299912,0.71810821,2019,4,0.74374824,0.7010656,0.81237746,0.7611428
"2019_04_KC_DET",0.23020221,0.23505275,0.22056106,0.23068269,0.27354109,0.23393314,2019,4,0.23850155,0.38247686,0.38906054,0.38576347
"2019_04_LAC_MIA",0.12120048,0.14649332,0.1216951,0.14624783,0.3566111,0.15316398,2019,4,0.13802307,0.31264911,0.13353956,0.20934286
"2019_04_NE_BUF",0.23915738,0.25366194,0.24193367,0.25612584,0.31179792,0.27643003,2019,4,0.25962973,0.32480719,0.27895979,0.30138803
"2019_04_OAK_IND",0.71233516,0.70428218,0.69342118,0.69466215,0.62788713,0.7162146,2019,4,0.68825202,0.73647058,0.78118223,0.75953589
"2019_04_TEN_ATL",0.6137432,0.61561693,0.62021027,0.61251038,0.60324645,0.65211829,2019,4,0.61914823,0.52657827,0.55788685,0.5422743
"2019_04_WAS_NYG",0.60896746,0.60027043,0.60399363,0.58994538,0.52603245,0.55812954,2019,4,0.60390373,0.56430067,0.64867106,0.60728614
"2019_04_SEA_ARI",0.28922177,0.3002011,0.29855265,0.30340144,0.28454167,0.29559395,2019,4,0.31488141,0.30498412,0.29755846,0.30125828
"2019_04_TB_LA",0.81355941,0.81994115,0.80995241,0.80507368,0.82051456,0.81422658,2019,4,0.800143,0.77943807,0.7342038,0.75753746
"2019_04_JAX_DEN",0.55617966,0.54778691,0.56174777,0.5706647,0.56780005,0.56779358,2019,4,0.56424211,0.45834725,0.56089238,0.50972209
"2019_04_MIN_CHI",0.49838497,0.50213875,0.48589071,0.47345972,0.43777272,0.53110962,2019,4,0.49302844,0.57355593,0.57793861,0.57574876
"2019_04_DAL_NO",0.42560456,0.44950235,0.4193057,0.42530897,0.46886933,0.37675629,2019,4,0.43026174,0.55002257,0.43485584,0.49233755
"2019_04_CIN_PIT",0.64127003,0.64353213,0.62664471,0.60319221,0.52136803,0.50066907,2019,4,0.6252015,0.6854225,0.68283007,0.68412772
"2019_05_LA_SEA",0.53364295,0.53033587,0.53102047,0.53884214,0.579593,0.5566285,2019,5,0.53694047,0.51423699,0.5730573,0.54379985
"2019_05_ARI_CIN",0.59127474,0.59488188,0.58904449,0.59547627,0.65023786,0.63880366,2019,5,0.59167926,0.57545907,0.58583573,0.58065632
"2019_05_ATL_HOU",0.66054109,0.66143943,0.65811575,0.65645641,0.62608004,0.65151967,2019,5,0.65693724,0.62016892,0.64042712,0.63035541
"2019_05_BAL_PIT",0.37385231,0.38586054,0.36039619,0.37659287,0.38929838,0.35679571,2019,5,0.3747985,0.52617808,0.48103562,0.50361422
"2019_05_BUF_TEN",0.63047899,0.6336684,0.62792142,0.63016492,0.61135155,0.62721092,2019,5,0.62838016,0.60556252,0.61400189,0.60979042
"2019_05_CHI_OAK",0.26880361,0.27791528,0.2760491,0.29386804,0.27225906,0.29223496,2019,5,0.29300628,0.29592223,0.29840506,0.29716215
"2019_05_JAX_CAR",0.63951737,0.64161729,0.63765208,0.63666743,0.56435061,0.58590627,2019,5,0.63757665,0.60425583,0.61975332,0.61203291
"2019_05_MIN_NYG",0.30936828,0.29932293,0.29425771,0.31034711,0.26717719,0.32343901,2019,5,0.31080383,0.42041704,0.53110786,0.47546107
"2019_05_NE_WAS",0.10498022,0.11153218,0.1070761,0.12274115,0.30839559,0.1525511,2019,5,0.12191975,0.18022874,0.17175916,0.17595387
"2019_05_NYJ_PHI",0.8675535,0.86711311,0.86749735,0.85923833,0.81078213,0.8422866,2019,5,0.85897793,0.77911873,0.78873059,0.78396338
"2019_05_TB_NO",0.589349,0.61436813,0.57843926,0.58268571,0.5627827,0.61129004,2019,5,0.58167465,0.69258373,0.56050216,0.62894962
"2019_05_DEN_LAC",0.69443471,0.69598427,0.67671783,0.67624348,0.71988577,0.70762986,2019,5,0.67456625,0.74513771,0.73768278,0.74142774
"2019_05_GB_DAL",0.64006781,0.63067267,0.62743755,0.62970865,0.76209188,0.73950351,2019,5,0.62792299,0.63822052,0.70815038,0.67415394
"2019_05_IND_KC",0.81617655,0.81171929,0.81659372,0.80848718,0.86899006,0.84593741,2019,5,0.8088172,0.707313,0.75678316,0.73277475
"2019_05_CLE_SF",0.68036827,0.65946283,0.67671783,0.67370236,0.60984874,0.65078285,2019,5,0.67456625,0.56974477,0.72637749,0.65216404
"2019_06_NYG_NE",0.89882224,0.89261531,0.89423086,0.88713241,0.83864594,0.89042665,2019,6,0.8867369,0.84163216,0.88184683,0.86297586
"2019_06_CAR_TB",0.44498727,0.44078532,0.44740112,0.45981669,0.49598902,0.46338957,2019,6,0.45801527,0.41422637,0.49136973,0.45251289
"2019_06_CIN_BAL",0.82968254,0.81945635,0.82226766,0.81485397,0.76974601,0.80363825,2019,6,0.81542962,0.77645487,0.83927827,0.80984394
"2019_06_HOU_KC",0.63875386,0.64316506,0.63268772,0.63280308,0.62026358,0.63268711,2019,6,0.63369025,0.64613432,0.64078172,0.6434625
"2019_06_NO_JAX",0.54365261,0.53141778,0.56323129,0.56504172,0.52491003,0.55144452,2019,6,0.56792132,0.33346957,0.47298824,0.40122987
"2019_06_PHI_MIN",0.61933042,0.60481695,0.61934378,0.62275153,0.63155758,0.64225438,2019,6,0.62104569,0.5244817,0.6478925,0.5875622
"2019_06_SEA_CLE",0.49102844,0.51323667,0.50977992,0.51633751,0.50277466,0.50423486,2019,6,0.51729139,0.40354076,0.34596134,0.37430632
"2019_06_WAS_MIA",0.30723955,0.33496001,0.29754925,0.31283137,0.26935881,0.30218874,2019,6,0.31365314,0.52386604,0.37503559,0.44829338
"2019_06_ATL_ARI",0.38941198,0.39030217,0.38486034,0.39993951,0.43508303,0.40079571,2019,6,0.39819971,0.44388898,0.48329369,0.46353441
"2019_06_SF_LA",0.57763675,0.59227892,0.57776115,0.58074486,0.52649832,0.57257283,2019,6,0.58167465,0.58423726,0.53169656,0.55812957
"2019_06_DAL_NYJ",0.23545221,0.25940617,0.24550165,0.26168874,0.33957011,0.26159233,2019,6,0.26242745,0.28273758,0.20363392,0.24097732
"2019_06_TEN_DEN",0.52142632,0.5146818,0.52703635,0.53418654,0.5135873,0.52435475,2019,6,0.53364705,0.43649588,0.52837456,0.48228549
"2019_06_PIT_LAC",0.68877391,0.69539909,0.6984096,0.69696623,0.70640123,0.69206636,2019,6,0.6961326,0.56269156,0.56192116,0.5623064
"2019_06_DET_GB",0.64133779,0.65466447,0.6468506,0.64624733,0.60975599,0.63369933,2019,6,0.64712012,0.58561144,0.53988304,0.56288083
"2019_07_KC_DEN",0.40057174,0.39457004,0.40413496,0.41577446,0.3575747,0.40530645,2019,7,0.41662484,0.36931908,0.46282794,0.41531133
"2019_07_ARI_NYG",0.63476473,0.63637216,0.63483654,0.63547981,0.63332945,0.63099455,2019,7,0.63629016,0.58728318,0.60905051,0.59821525
"2019_07_HOU_IND",0.52565591,0.53051529,0.52574646,0.53334802,0.53520697,0.54249775,2019,7,0.53271028,0.51765785,0.5287744,0.523219
"2019_07_JAX_CIN",0.32599287,0.33069569,0.32153446,0.33731619,0.29557735,0.33161665,2019,7,0.33674367,0.40878486,0.42484357,0.41679215
"2019_07_LA_ATL",0.39675305,0.386442,0.39549615,0.4089399,0.4371829,0.40357075,2019,7,0.40832074,0.38651722,0.50326801,0.44412145
"2019_07_MIA_BUF",0.90002955,0.88479376,0.89817245,0.89212173,0.82326341,0.89163297,2019,7,0.89139987,0.75924729,0.89484358,0.83819768
"2019_07_MIN_DET",0.41980241,0.43048493,0.42407738,0.43638796,0.46106097,0.43004555,2019,7,0.43575789,0.43072538,0.41770829,0.42420369
"2019_07_OAK_GB",0.68824591,0.69843687,0.688435,0.68785268,0.62957865,0.67627126,2019,7,0.68730227,0.65701269,0.61366738,0.63561502
"2019_07_SF_WAS",0.19450943,0.20838286,0.19903948,0.21486951,0.3083047,0.20972907,2019,7,0.21546053,0.26757115,0.22567496,0.24602272
"2019_07_LAC_TEN",0.58528518,0.58908831,0.59189145,0.59466797,0.5319494,0.58103201,2019,7,0.59551128,0.51007091,0.53214068,0.5211161
"2019_07_BAL_SEA",0.59267637,0.59922119,0.59189145,0.59466797,0.57063049,0.60432315,2019,7,0.59551128,0.57819814,0.57091438,0.5745603
"2019_07_NO_CHI",0.65164839,0.63717176,0.66202961,0.66136414,0.63768971,0.64554005,2019,7,0.66214758,0.46446752,0.61131832,0.53873314
"2019_07_PHI_DAL",0.60842451,0.58675492,0.60393323,0.60610628,0.57248038,0.60314023,2019,7,0.60694156,0.52492936,0.68765483,0.60932819
"2019_07_NE_NYJ",0.19551671,0.21813844,0.21946158,0.23536396,0.32220277,0.23033753,2019,7,0.23599441,0.15855427,0.11305073,0.13418081
"2019_08_WAS_MIN",0.89460222,0.8893688,0.89045311,0.88383555,0.82780236,0.88921742,2019,8,0.88306554,0.8269779,0.868229,0.84875561
"2019_08_ARI_NO",0.8454333,0.84614162,0.83697337,0.83049226,0.8298983,0.82553905,2019,8,0.83016105,0.82913823,0.81966404,0.82445143
"2019_08_CIN_LA",0.84066521,0.84033672,0.83593695,0.83020419,0.81547517,0.83369371,2019,8,0.82914736,0.79292321,0.79697784,0.79495796
"2019_08_DEN_IND",0.69330003,0.70439098,0.68588579,0.68672973,0.70119828,0.69864318,2019,8,0.68511859,0.71505542,0.65574626,0.68616056
"2019_08_LAC_CHI",0.62830138,0.64129591,0.62683606,0.63101232,0.61451751,0.62639715,2019,8,0.62926932,0.63175283,0.5742091,0.60333836
"2019_08_NYG_DET",0.71484374,0.71101471,0.70915608,0.70769233,0.68895972,0.70044506,2019,8,0.70720577,0.67117122,0.71284495,0.69240016
"2019_08_NYJ_JAX",0.74096355,0.72255983,0.72844339,0.72484928,0.70421755,0.72559416,2019,8,0.72556104,0.68949145,0.80727739,0.75307481
"2019_08_PHI_BUF",0.54083057,0.53371799,0.52900988,0.53879941,0.54051304,0.53669865,2019,8,0.53694047,0.56774173,0.63746539,0.60312706
"2019_08_SEA_ATL",0.24683527,0.24581442,0.24022678,0.25844792,0.31157848,0.25730322,2019,8,0.25883433,0.34602376,0.40414964,0.37463484
"2019_08_TB_TEN",0.5328671,0.5466959,0.52775944,0.53634375,0.50199443,0.52769746,2019,8,0.5357591,0.58699706,0.53107884,0.55922577
"2019_08_CAR_SF",0.65756821,0.65228036,0.65649223,0.65781975,0.6305846,0.64783106,2019,8,0.65729037,0.58880281,0.65342925,0.62165596
"2019_08_CLE_NE",0.79339543,0.77630182,0.7672942,0.7640577,0.7652449,0.76558559,2019,8,0.76270687,0.82587073,0.89168722,0.86204338
"2019_08_OAK_HOU",0.69902009,0.68528815,0.68383457,0.68240076,0.59622663,0.67517144,2019,8,0.68317429,0.68813674,0.77547747,0.73408787
"2019_08_GB_KC",0.33598161,0.33885496,0.30442338,0.32129759,0.27402782,0.30252108,2019,8,0.32207691,0.6091281,0.59914671,0.60414825
"2019_08_MIA_PIT",0.85317012,0.83729565,0.84301381,0.83709902,0.80041945,0.84122184,2019,8,0.83607662,0.78679268,0.88614528,0.84274937
"2019_09_SF_ARI",0.18090774,0.19420019,0.18829956,0.20967886,0.35473606,0.20525553,2019,9,0.20847279,0.24584777,0.19935354,0.22173041
"2019_09_HOU_JAX",0.48743376,0.50243568,0.50963668,0.51800048,0.52274269,0.5152566,2019,9,0.51852438,0.39406111,0.36097737,0.37737645
"2019_09_CHI_PHI",0.66942618,0.66554203,0.67607881,0.67378873,0.66200393,0.669546,2019,9,0.67456625,0.54815552,0.61620288,0.58257222
"2019_09_IND_PIT",0.5215313,0.514392,0.51913087,0.52690572,0.5075165,0.5225387,2019,9,0.52742873,0.49064426,0.57953934,0.53537272
"2019_09_MIN_KC",0.31857886,0.33749127,0.30755613,0.32569131,0.2748141,0.32148033,2019,9,0.32646911,0.50552597,0.39995275,0.45220176
"2019_09_NYJ_MIA",0.36673225,0.36612903,0.34750708,0.3641853,0.32793474,0.35974215,2019,9,0.36500528,0.51598753,0.55053588,0.53330163
"2019_09_TEN_CAR",0.61755134,0.63115875,0.62351427,0.62437177,0.56790352,0.61673019,2019,9,0.6252015,0.58125438,0.52259427,0.55210559
"2019_09_WAS_BUF",0.80276939,0.79980805,0.80041803,0.79405046,0.82294858,0.79069776,2019,9,0.7928552,0.72304549,0.75868645,0.74126526
"2019_09_DET_OAK",0.55850666,0.55760685,0.56888418,0.57581788,0.5992803,0.5692338,2019,9,0.57403544,0.45902072,0.51674531,0.48784248
"2019_09_TB_SEA",0.66919558,0.67763022,0.65892348,0.65901732,0.66645634,0.65329021,2019,9,0.65843144,0.70225639,0.65950754,0.68126322
"2019_09_CLE_DEN",0.37107908,0.34906963,0.33913465,0.35614869,0.3390733,0.35174934,2019,9,0.35696073,0.52391417,0.69442761,0.61261449
"2019_09_GB_LAC",0.33288177,0.32802483,0.32434378,0.34191275,0.27943993,0.33759707,2019,9,0.34270963,0.40453724,0.48740921,0.44559514
"2019_09_NE_BAL",0.39501364,0.39316257,0.39980708,0.41407877,0.42877486,0.40941886,2019,9,0.41493776,0.37544769,0.44387121,0.40922002
"2019_09_DAL_NYG",0.24145743,0.26246044,0.25341175,0.27283564,0.33834627,0.2690354,2019,9,0.27353843,0.29503405,0.2108424,0.2505921
"2019_10_LAC_OAK",0.46083617,0.46213607,0.46463941,0.47560906,0.48840716,0.4706894,2019,10,0.47377844,0.4429165,0.48265542,0.46272677
"2019_10_ARI_TB",0.69003714,0.68114744,0.68613095,0.68322825,0.65752059,0.67953331,2019,10,0.68290028,0.60663518,0.70090049,0.65529349
"2019_10_ATL_NO",0.86049291,0.85979292,0.84824446,0.83883244,0.80366826,0.83823658,2019,10,0.83935553,0.84342371,0.84345846,0.84344109
"2019_10_BAL_CIN",0.17985436,0.1813211,0.19417102,0.21104254,0.31412387,0.20911257,2019,10,0.21168836,0.17359397,0.21968689,0.195615
"2019_10_BUF_CLE",0.56029826,0.56853337,0.58437762,0.5857963,0.55209464,0.58297154,2019,10,0.58673604,0.43936107,0.43559243,0.43747585
"2019_10_DET_CHI",0.70601288,0.71100128,0.71429715,0.71120024,0.7618497,0.70955778,2019,10,0.70969007,0.61141417,0.60172249,0.60657882
"2019_10_KC_TEN",0.30891292,0.30860383,0.30292345,0.31823128,0.29382017,0.31727726,2019,10,0.31907249,0.37719199,0.43046176,0.40354262
"2019_10_NYG_NYJ",0.41556311,0.42084175,0.40691003,0.41804916,0.40668607,0.41522244,2019,10,0.41899204,0.48832134,0.48888473,0.48860303
"2019_10_MIA_IND",0.82482961,0.82260402,0.81043177,0.80340183,0.79880631,0.80213781,2019,10,0.8022397,0.80951043,0.82375359,0.81673931
"2019_10_CAR_GB",0.67617334,0.66559975,0.67843221,0.67474556,0.64788491,0.67218794,2019,10,0.67559524,0.5554507,0.67302353,0.61592929
"2019_10_LA_PIT",0.33764453,0.34926773,0.32115546,0.33708215,0.27198014,0.33328956,2019,10,0.33674367,0.50572762,0.44665064,0.47610555
"2019_10_MIN_DAL",0.62253779,0.61065913,0.62516159,0.62692016,0.62328744,0.62229271,2019,10,0.6252015,0.51060411,0.64059462,0.57693025
"2019_10_SEA_SF",0.71773181,0.70420355,0.71256406,0.70723695,0.6581645,0.70482304,2019,10,0.70803846,0.61480471,0.74260571,0.6821251
"2019_11_PIT_CLE",0.5737471,0.57125162,0.60237123,0.60299343,0.58049285,0.59945474,2019,11,0.60390373,0.371119,0.4539012,0.41188706
"2019_11_ATL_CAR",0.64919193,0.66444542,0.64884327,0.64746267,0.61943144,0.64481696,2019,11,0.64833045,0.64926691,0.56946832,0.61010422
"2019_11_BUF_MIA",0.2581471,0.27006824,0.2537402,0.26784191,0.293623,0.26367619,2019,11,0.267515,0.38063553,0.33576981,0.35789154
"2019_11_DAL_DET",0.22834897,0.24624624,0.2226754,0.23694298,0.31408891,0.23908652,2019,11,0.23664161,0.39576447,0.29421326,0.34319767
"2019_11_DEN_MIN",0.78711275,0.79554889,0.7856082,0.77950245,0.75580263,0.775947,2019,11,0.78015561,0.7493034,0.69344366,0.72223687
"2019_11_HOU_BAL",0.66751335,0.67170669,0.66785798,0.66815984,0.66711962,0.66335397,2019,11,0.66654044,0.62006954,0.6192578,0.61966375
"2019_11_JAX_IND",0.57358552,0.57832692,0.55493363,0.55766904,0.49364859,0.55326736,2019,11,0.55860716,0.65086417,0.63810602,0.64451076
"2019_11_NO_TB",0.30888779,0.30377384,0.30922217,0.32124689,0.28821585,0.3178909,2019,11,0.32207691,0.3241066,0.41692111,0.36930624
"2019_11_NYJ_WAS",0.54190896,0.53393045,0.53224537,0.53875369,0.52221954,0.53620461,2019,11,0.53694047,0.53830193,0.62213393,0.5808009
"2019_11_ARI_SF",0.80798207,0.80717087,0.79164123,0.78539479,0.71128619,0.78270661,2019,11,0.78603526,0.81715411,0.81812382,0.81763947
"2019_11_CIN_OAK",0.84489471,0.83028601,0.8377398,0.83148068,0.75266039,0.82907908,2019,11,0.83124686,0.74425746,0.85920083,0.80821327
"2019_11_NE_PHI",0.32418312,0.33958298,0.32803278,0.33992577,0.34932122,0.33784385,2019,11,0.34043488,0.38969502,0.33583624,0.36233365
"2019_11_CHI_LA",0.68254054,0.67194822,0.68211732,0.68057621,0.66769868,0.67531654,2019,11,0.68021358,0.58075142,0.68526962,0.63459425
"2019_11_KC_LAC",0.30481908,0.31074499,0.2977045,0.30998957,0.2917369,0.31790242,2019,11,0.31080383,0.40637257,0.40838585,0.40737882
"2019_12_IND_HOU",0.62389597,0.62564338,0.63063379,0.62973231,0.58958471,0.62719904,2019,12,0.63060617,0.54124239,0.56868659,0.55500643
"2019_12_CAR_NO",0.81185441,0.7971317,0.80264469,0.79484898,0.73469728,0.79307418,2019,12,0.79545972,0.72197545,0.84049349,0.78719389
"2019_12_DEN_BUF",0.64808873,0.64586273,0.63932648,0.63923609,0.60924077,0.63547926,2019,12,0.6388543,0.63289512,0.67050688,0.65193777
"2019_12_DET_WAS",0.34258648,0.34848604,0.34835507,0.36145359,0.43323722,0.35931805,2019,12,0.36200225,0.36105094,0.37311719,0.36706324
"2019_12_MIA_CLE",0.80259096,0.79637437,0.79867598,0.79186803,0.77472824,0.78917643,2019,12,0.7915951,0.7160243,0.77958888,0.74914337
"2019_12_NYG_CHI",0.71128477,0.72744696,0.69951974,0.69533885,0.67416024,0.69303565,2019,12,0.6961326,0.76609727,0.65623591,0.71432521
"2019_12_OAK_NYJ",0.36211138,0.36797038,0.36449765,0.37794816,0.42194095,0.37413441,2019,12,0.37755909,0.39428543,0.40315426,0.39871154
"2019_12_PIT_CIN",0.28969411,0.2954136,0.31091134,0.32730675,0.3523705,0.32318141,2019,12,0.3257329,0.23961233,0.26443873,0.25182261
"2019_12_SEA_PHI",0.48698035,0.49631864,0.4927821,0.50041384,0.50955713,0.49635034,2019,12,0.5,0.47756651,0.45847108,0.46800708
"2019_12_TB_ATL",0.63674796,0.64140606,0.62970138,0.628847,0.57522112,0.62631125,2019,12,0.6297217,0.64047342,0.62998128,0.63524341
"2019_12_JAX_TEN",0.68200337,0.67522592,0.67581024,0.67270589,0.65926838,0.67031268,2019,12,0.67353089,0.6271281,0.69906768,0.66404865
"2019_12_DAL_NE",0.68554395,0.69780572,0.68148045,0.67929137,0.67874455,0.67574007,2019,12,0.67893067,0.69156447,0.61797096,0.65570095
"2019_12_GB_SF",0.62547677,0.6224035,0.61907028,0.62003046,0.57637239,0.61619367,2019,12,0.61964039,0.5992664,0.64812166,0.62400937
"2019_12_BAL_LA",0.37600751,0.39766692,0.38539079,0.39802894,0.46489087,0.39414096,2019,12,0.39763242,0.42460501,0.32459004,0.37324349
"2019_13_CHI_DET",0.32563024,0.30921385,0.30662067,0.32053873,0.29116005,0.31724296,2019,13,0.32135554,0.39593041,0.57726223,0.48614025
"2019_13_BUF_DAL",0.72740249,0.72159917,0.73302337,0.7275598,0.74562305,0.72498205,2019,13,0.72718798,0.59184358,0.67408844,0.63394152
"2019_13_NO_ATL",0.24601073,0.24843993,0.24487949,0.26022646,0.28352061,0.25881527,2019,13,0.26094863,0.31447797,0.34692176,0.33049831
"2019_13_CLE_PIT",0.49683975,0.49850339,0.47393781,0.48326263,0.43248987,0.47943962,2019,13,0.48147562,0.60462046,0.61430266,0.60947234
"2019_13_GB_NYG",0.28034506,0.26955464,0.28566235,0.30017245,0.2878173,0.29863207,2019,13,0.30096037,0.25338065,0.4021169,0.32329778
"2019_13_NYJ_CIN",0.43306619,0.44276893,0.45355599,0.46392688,0.50121337,0.46012064,2019,13,0.46214743,0.3697971,0.36097244,0.36537346
"2019_13_PHI_MIA",0.18766827,0.19199548,0.18485944,0.20139129,0.28539193,0.19931394,2019,13,0.20108991,0.28865813,0.29758362,0.29310099
"2019_13_SF_BAL",0.70095422,0.68580301,0.69229777,0.68865418,0.63664466,0.68586727,2019,13,0.68825202,0.6165222,0.75098642,0.68769097
"2019_13_TB_JAX",0.40220703,0.40924503,0.39530646,0.40579453,0.40562469,0.40402504,2019,13,0.40669856,0.47866117,0.46614138,0.47239693
"2019_13_TEN_IND",0.50499539,0.49972495,0.48367716,0.49249029,0.48660484,0.48866332,2019,13,0.49070157,0.57623322,0.63795395,0.60752297
"2019_13_WAS_CAR",0.8136325,0.81199752,0.81096961,0.80202508,0.78496504,0.8008565,2019,13,0.80261953,0.73691299,0.76254894,0.74994989
"2019_13_LA_ARI",0.41270353,0.39216267,0.42306482,0.43492532,0.44428641,0.43116562,2019,13,0.4331672,0.29577773,0.50799876,0.39705671
"2019_13_LAC_DEN",0.34155486,0.34252381,0.32986149,0.34301305,0.27942172,0.34136005,2019,13,0.34385816,0.43917908,0.47387801,0.45647574
"2019_13_OAK_KC",0.80726714,0.80549079,0.80146462,0.79364532,0.77892256,0.79151366,2019,13,0.79333806,0.74994981,0.77302223,0.76167781
"2019_13_NE_HOU",0.36951079,0.3655746,0.3712762,0.3853977,0.45038795,0.38177691,2019,13,0.38370387,0.36585766,0.45011923,0.40730708
"2019_13_MIN_SEA",0.57713158,0.59141291,0.58940772,0.59111911,0.55720371,0.58798152,2019,13,0.59066589,0.53055828,0.46595473,0.49824919
"2019_14_DAL_CHI",0.38918963,0.41307769,0.37945213,0.38916957,0.42855772,0.38757956,2019,14,0.39006574,0.54254938,0.41298913,0.47738894
"2019_14_BAL_BUF",0.28008584,0.28718841,0.28125293,0.29390648,0.2935206,0.2925193,2019,14,0.29468912,0.34284019,0.34342037,0.34313022
"2019_14_CAR_ATL",0.62689131,0.62096886,0.6270498,0.62568492,0.57293868,0.62411595,2019,14,0.62656708,0.55300643,0.62859702,0.59134155
"2019_14_CIN_CLE",0.73200723,0.72589996,0.71301157,0.70808822,0.7353937,0.70670275,2019,14,0.70886655,0.73891601,0.78047093,0.76030957
"2019_14_DEN_HOU",0.78288846,0.78568251,0.7780377,0.77107078,0.73576647,0.7698871,2019,14,0.77173533,0.74164313,0.73085255,0.73628326
"2019_14_DET_MIN",0.8364049,0.84249578,0.83535705,0.82891065,0.8119387,0.82682155,2019,14,0.82789762,0.78495381,0.7381862,0.76236097
"2019_14_IND_TB",0.59843124,0.60018033,0.60804601,0.61013997,0.61826563,0.60664722,2019,14,0.60844349,0.50817149,0.54167606,0.52495186
"2019_14_MIA_NYJ",0.6694895,0.65041806,0.66510596,0.66335297,0.62327361,0.66058079,2019,14,0.66292256,0.56137198,0.71930439,0.64425327
"2019_14_SF_NO",0.52981036,0.52845204,0.51942172,0.52579659,0.50138909,0.52214,2019,14,0.52401939,0.55420477,0.59418124,0.57431445
"2019_14_WAS_GB",0.86487425,0.86376342,0.86264585,0.855869,0.81521755,0.85405106,2019,14,0.85498761,0.79007725,0.80518373,0.79773574
"2019_14_LAC_JAX",0.36157778,0.37198386,0.3636244,0.37429515,0.44416055,0.37303485,2019,14,0.3747985,0.40987037,0.38866272,0.3992193
"2019_14_KC_NE",0.59604501,0.59689785,0.58350923,0.58679122,0.55340582,0.58323218,2019,14,0.58506224,0.62118557,0.63824177,0.62975414
"2019_14_PIT_ARI",0.40995789,0.40751845,0.44097357,0.44960782,0.50277865,0.446544,2019,14,0.44913103,0.26368441,0.34591407,0.30322719
"2019_14_TEN_OAK",0.39951455,0.38655392,0.40183662,0.41108304,0.46907604,0.40977997,2019,14,0.41160329,0.35513419,0.4975777,0.42479546
"2019_14_SEA_LA",0.52493648,0.51632819,0.52854358,0.53448385,0.54509383,0.53083448,2019,14,0.53271028,0.45245862,0.556903,0.50473244
"2019_14_NYG_PHI",0.79210408,0.79845685,0.78660178,0.78129429,0.7737928,0.77877893,2019,14,0.78007411,0.76794354,0.72654554,0.7478071
"2019_15_NYJ_BAL",0.90771154,0.90528648,0.89716681,0.89024359,0.82146835,0.88836072,2019,15,0.88918266,0.88867528,0.89849823,0.89368667
"2019_15_CHI_GB",0.66310364,0.66257351,0.66939911,0.6667403,0.65556687,0.66439857,2019,15,0.66686222,0.56546998,0.60676936,0.58627132
"2019_15_DEN_KC",0.79530403,0.79878213,0.79257431,0.78534681,0.75320333,0.78356789,2019,15,0.78543924,0.74285355,0.72657377,0.73479348
"2019_15_HOU_TEN",0.61262123,0.60684036,0.60644768,0.6057018,0.5411098,0.60429772,2019,15,0.60694156,0.57673563,0.64466032,0.61123779
"2019_15_MIA_NYG",0.62526564,0.60766302,0.63320148,0.6314007,0.61338872,0.6304416,2019,15,0.63237665,0.46678062,0.63484999,0.55230876
"2019_15_NE_CIN",0.1735455,0.17184004,0.18642448,0.20064986,0.27658817,0.19970913,2019,15,0.20148417,0.15898362,0.22773221,0.19100619
"2019_15_PHI_WAS",0.26632866,0.27108739,0.26538761,0.27898484,0.25461632,0.27780448,2019,15,0.28003076,0.33646046,0.35240271,0.3443878
"2019_15_SEA_CAR",0.28778288,0.28227282,0.29156366,0.30575863,0.29477772,0.30333259,2019,15,0.30567686,0.28925589,0.38721254,0.33647949
"2019_15_TB_DET",0.30641343,0.30985387,0.30000962,0.3140009,0.28673559,0.30985059,2019,15,0.31391796,0.39253221,0.41400932,0.40322439
"2019_15_CLE_ARI",0.38262397,0.38090055,0.3954112,0.40910244,0.46065098,0.40408763,2019,15,0.40609137,0.33018439,0.40129513,0.36500376
"2019_15_JAX_OAK",0.73044895,0.71785368,0.73162868,0.72746003,0.75271648,0.72425642,2019,15,0.72646157,0.59755189,0.71973371,0.6613258
"2019_15_MIN_LAC",0.46447502,0.44636117,0.46397622,0.47169209,0.46033564,0.46883857,2019,15,0.47159607,0.39895327,0.56891961,0.48345806
"2019_15_ATL_SF",0.81258278,0.80704875,0.80373915,0.79714864,0.75863862,0.79453283,2019,15,0.79633401,0.75892412,0.80465481,0.78265697
"2019_15_LA_DAL",0.47767217,0.45483889,0.47091493,0.47829896,0.42824882,0.47544147,2019,15,0.47820285,0.42349686,0.61806757,0.52160147
"2019_15_BUF_PIT",0.52238674,0.52486806,0.50962049,0.51556838,0.47697401,0.51224205,2019,15,0.51500732,0.57302259,0.58538853,0.57921798
"2019_15_IND_NO",0.77317604,0.77758338,0.77283646,0.7661559,0.78460336,0.76426572,2019,15,0.76625417,0.71203456,0.6938438,0.70301961
"2019_16_HOU_TB",0.42521463,0.405095,0.40370492,0.41390315,0.39718509,0.41145215,2019,16,0.41493776,0.48351827,0.64448711,0.5657351
"2019_16_BUF_NE",0.72615516,0.72669147,0.72674639,0.72291571,0.75478351,0.71934896,2019,16,0.72224206,0.65105967,0.67187502,0.66154549
"2019_16_LA_SF",0.74160605,0.733827,0.74546742,0.73940694,0.75810087,0.73745375,2019,16,0.74022761,0.60840089,0.69708565,0.65408105
"2019_16_BAL_CLE",0.20252764,0.21517877,0.22015104,0.23532979,0.30456242,0.23351495,2019,16,0.23609786,0.20272377,0.18114324,0.19170196
"2019_16_CAR_IND",0.73499333,0.73782063,0.73813863,0.73234504,0.74351734,0.73035816,2019,16,0.73317987,0.65072864,0.65610388,0.65342116
"2019_16_CIN_MIA",0.48102182,0.48068277,0.46307049,0.47243357,0.43135798,0.46801525,2019,16,0.47159607,0.56860608,0.59670655,0.58272348
"2019_16_JAX_ATL",0.74973925,0.74672477,0.74115063,0.73524618,0.76104814,0.73327303,2019,16,0.73607525,0.71401333,0.74578205,0.7301924
"2019_16_NO_TEN",0.36809503,0.36884281,0.36333887,0.3777968,0.43373924,0.3734935,2019,16,0.37617385,0.41951815,0.46104952,0.44017916
"2019_16_NYG_WAS",0.48286837,0.49278537,0.47585119,0.48268858,0.47226697,0.48016394,2019,16,0.48375319,0.54388637,0.51505097,0.52949328
"2019_16_PIT_NYJ",0.36803994,0.3536917,0.37265972,0.38413647,0.39839467,0.38174697,2019,16,0.3851456,0.31702216,0.47024076,0.39094676
"2019_16_DET_DEN",0.77752919,0.78101531,0.78248889,0.77624607,0.78027159,0.77347678,2019,16,0.77598566,0.67609563,0.67228405,0.67419272
"2019_16_OAK_LAC",0.7477965,0.74804775,0.74561566,0.73954988,0.76030535,0.73759739,2019,16,0.74037027,0.68546683,0.70242709,0.69401265
"2019_16_ARI_SEA",0.79284579,0.79628347,0.77642546,0.77037472,0.78098351,0.76755452,2019,16,0.77010949,0.81777326,0.79328079,0.80581997
"2019_16_DAL_PHI",0.45627344,0.47181925,0.45854631,0.46956128,0.48472509,0.4637129,2019,16,0.46728972,0.49252275,0.43690101,0.46460182
"2019_16_KC_CHI",0.26550383,0.27046578,0.25882626,0.27581707,0.31385422,0.27216724,2019,16,0.27443896,0.3744517,0.3835663,0.37899832
"2019_16_GB_MIN",0.66193133,0.64902558,0.65222274,0.65013188,0.58465213,0.64782822,2019,16,0.651101,0.61344092,0.71710951,0.66729677
"2019_17_ATL_TB",0.53952602,0.52065262,0.52701799,0.53045541,0.46226734,0.52864083,2019,17,0.53271028,0.52817968,0.67418358,0.60348404
"2019_17_CHI_MIN",0.35197025,0.34577574,0.30645964,0.32215086,0.28422096,0.31611945,2019,17,0.32135554,0.66953761,0.70564703,0.6878775
"2019_17_CLE_CIN",0.41289419,0.41111,0.42512238,0.43477762,0.45987827,0.43174478,2019,17,0.43575789,0.34219218,0.41330365,0.37708661
"2019_17_GB_DET",0.14751807,0.14036521,0.14423251,0.15936559,0.31161156,0.15754512,2019,17,0.15934307,0.20699444,0.33385399,0.26561769
"2019_17_LAC_KC",0.78667104,0.79928323,0.7777501,0.77287877,0.76160049,0.76884421,2019,17,0.77173533,0.81078044,0.7247369,0.77057933
"2019_17_MIA_NE",0.90250807,0.9063712,0.89757712,0.89010477,0.80784708,0.88833105,2019,17,0.88994164,0.88287695,0.84326661,0.8642854
"2019_17_NO_CAR",0.14116413,0.1418567,0.14370239,0.15813006,0.32396895,0.15700356,2019,17,0.15879649,0.1880717,0.2349045,0.21053473
"2019_17_NYJ_BUF",0.49566415,0.49332923,0.45059925,0.45902422,0.43632144,0.45479623,2019,17,0.4600723,0.73687244,0.74385264,0.74037778
"2019_17_ARI_LA",0.72158905,0.72190045,0.71347063,0.70907366,0.75403041,0.70651911,2019,17,0.70989561,0.70561911,0.71679269,0.711238
"2019_17_IND_JAX",0.30005169,0.31243252,0.30513874,0.32179713,0.34474254,0.31857831,2019,17,0.32006787,0.34903136,0.31979194,0.33425247
"2019_17_OAK_DEN",0.66915183,0.68505951,0.67175304,0.66919333,0.67690754,0.66645334,2019,17,0.67007554,0.64794782,0.56525608,0.60737138
"2019_17_PHI_NYG",0.33403051,0.32271168,0.33891425,0.35191685,0.38333917,0.34915772,2019,17,0.35287988,0.29653719,0.43164842,0.36135553
"2019_17_PIT_BAL",0.49890566,0.47848321,0.42903768,0.43726924,0.39604735,0.43356753,2019,17,0.43949878,0.80654542,0.86243156,0.83639909
"2019_17_TEN_HOU",0.24938136,0.26641462,0.22171415,0.23620482,0.29000869,0.23401037,2019,17,0.23784247,0.60214231,0.47414967,0.53878516
"2019_17_WAS_DAL",0.84899712,0.8446633,0.84192719,0.83641279,0.80843723,0.83252784,2019,17,0.83439944,0.80191471,0.83456889,0.81881395
"2019_17_SF_SEA",0.37235688,0.37439145,0.36352156,0.37750643,0.45617473,0.37504276,2019,17,0.3766504,0.45825274,0.48542864,0.47181981
"2019_18_BUF_HOU",0.57252707,0.58100074,0.5722125,0.57802325,0.55562323,0.5754633,2019,18,0.57579972,0.56752891,0.54956403,0.55856563
"2019_18_TEN_NE",0.66116693,0.67626851,0.66512511,0.66479999,0.67341834,0.66138656,2019,18,0.66402739,0.62407145,0.55372874,0.58935675
"2019_18_MIN_NO",0.76384052,0.75498255,0.76257738,0.75915813,0.77488405,0.75634387,2019,18,0.75733333,0.66220429,0.74507147,0.70533108
"2019_18_SEA_PHI",0.53484968,0.52699574,0.52453002,0.53095955,0.44931775,0.52446895,2019,18,0.53056675,0.56155728,0.63720825,0.59997864
"2019_19_MIN_SF",0.73900542,0.72988787,0.74536738,0.74027705,0.74382246,0.73832488,2019,19,0.74167623,0.57056047,0.67472712,0.62407738
"2019_19_TEN_BAL",0.80141908,0.78806945,0.79503915,0.7889927,0.71082908,0.78623834,2019,19,0.78968234,0.72709713,0.82217116,0.77825663
"2019_19_HOU_KC",0.80490503,0.79639144,0.80194559,0.7957235,0.75286973,0.79303398,2019,19,0.79639684,0.71667047,0.78957788,0.75495091
"2019_19_SEA_GB",0.67257536,0.67702251,0.67311835,0.67282599,0.66271114,0.667933,2019,19,0.67248908,0.62332171,0.62286073,0.62309125
"2019_20_TEN_KC",0.74460631,0.75045571,0.75234285,0.75056171,0.74058855,0.75640481,2019,20,0.74853552,0.61634298,0.60838364,0.61237081
"2019_20_GB_SF",0.76378896,0.75272981,0.77059589,0.76499242,0.74361408,0.76109048,2019,20,0.76615385,0.57163726,0.69233742,0.63408965
"2019_21_SF_KC",0.53802071,0.54519902,0.53614788,0.54522461,0.5043065,0.53707828,2019,21,0.54198473,0.55067707,0.54393113,0.54730627
"2020_01_HOU_KC",0.79139661,0.78242297,0.78960518,0.78383476,0.74510729,0.78062972,2020,1,0.78408683,0.69374149,0.77167025,0.73452789
"2020_01_CHI_DET",0.53519474,0.52129948,0.54273366,0.5476808,0.52241534,0.54360021,2020,1,0.54804948,0.40621723,0.54287186,0.47405883
"2020_01_CLE_BAL",0.74851774,0.73131307,0.73364784,0.72855067,0.69008273,0.72667845,2020,1,0.73005641,0.74702509,0.83564683,0.7948641
"2020_01_GB_MIN",0.51625703,0.51587483,0.51278306,0.51807499,0.45264474,0.515073,2020,1,0.51955458,0.52448565,0.56387258,0.5442483
"2020_01_IND_JAX",0.26232231,0.28016696,0.25056484,0.26464188,0.29980683,0.26280756,2020,1,0.26612877,0.49755069,0.39823907,0.44737005
"2020_01_LV_CAR",0.42939324,0.4427564,0.42492193,0.4381738,0.48486921,0.43067689,2020,1,0.43566205,0.51425669,0.47199025,0.49311116
"2020_01_MIA_NE",0.7526303,0.74965211,0.74735781,0.74407476,0.74469697,0.73997267,2020,1,0.74324438,0.71477232,0.74587527,0.73060707
"2020_01_NYJ_BUF",0.7162684,0.70909991,0.71870965,0.71541435,0.73736823,0.71205142,2020,1,0.71571731,0.59765317,0.67720301,0.63837585
"2020_01_PHI_WAS",0.30708017,0.32127926,0.30982427,0.32407865,0.33479431,0.31997087,2020,1,0.32440476,0.36777525,0.33113937,0.34923475
"2020_01_SEA_ATL",0.51051786,0.52026991,0.50930864,0.51879609,0.49254772,0.51176337,2020,1,0.51624681,0.53301021,0.51371795,0.5233728
"2020_01_LAC_CIN",0.43676728,0.44995625,0.43985283,0.45436656,0.48414198,0.44494387,2020,1,0.44996365,0.45561757,0.42557153,0.4405401
"2020_01_ARI_SF",0.72807674,0.72300711,0.71890965,0.71341604,0.69139153,0.71176165,2020,1,0.71590909,0.71987126,0.75843099,0.73961334
"2020_01_TB_NO",0.6530348,0.65027043,0.64433644,0.64331609,0.57218021,0.64055301,2020,1,0.64467493,0.66152212,0.69478985,0.67838216
"2020_01_DAL_LA",0.5131547,0.53274812,0.51278306,0.52449197,0.52559364,0.5182043,2020,1,0.51955458,0.55827351,0.47923326,0.51887145
"2020_01_PIT_NYG",0.29810238,0.29329505,0.28792864,0.30172032,0.29338971,0.29919371,2020,1,0.30297048,0.41665473,0.49168842,0.45390987
"2020_01_TEN_DEN",0.36813862,0.3768064,0.36649444,0.37764695,0.4072926,0.37542929,2020,1,0.37944119,0.43261286,0.42533401,0.4289696
"2020_02_CIN_CLE",0.68624773,0.69057134,0.69079807,0.68829048,0.67930669,0.68423035,2020,2,0.68919617,0.59733898,0.6048815,0.60111623
"2020_02_ATL_DAL",0.58555643,0.56009513,0.57354212,0.57651865,0.51788348,0.57516775,2020,2,0.57754979,0.56669177,0.72533547,0.650156
"2020_02_BUF_MIA",0.29659302,0.30719947,0.29480384,0.31018195,0.29351732,0.30495089,2020,2,0.30986524,0.38845526,0.36856858,0.37846083
"2020_02_CAR_TB",0.75555841,0.74352146,0.75531972,0.75030744,0.72262305,0.74675789,2020,2,0.7510981,0.63805732,0.74035044,0.69154804
"2020_02_DEN_PIT",0.70825723,0.69876503,0.70962513,0.70751226,0.69141895,0.70436431,2020,2,0.70720577,0.59577872,0.6865626,0.64244736
"2020_02_DET_GB",0.73228921,0.74020823,0.72134208,0.71855408,0.74433887,0.7158867,2020,2,0.71843379,0.77151895,0.73218937,0.75237764
"2020_02_JAX_TEN",0.73724556,0.72359943,0.72877045,0.72471893,0.70247936,0.72094097,2020,2,0.72556104,0.69287456,0.78135148,0.73953943
"2020_02_LA_PHI",0.52610396,0.52471189,0.53179203,0.53822058,0.52032638,0.53211028,2020,2,0.53785257,0.45555659,0.51303655,0.48424446
"2020_02_MIN_IND",0.61126534,0.59695275,0.62025119,0.61920893,0.59312743,0.61735332,2020,2,0.62195924,0.44735953,0.58450713,0.51623909
"2020_02_NYG_CHI",0.68236751,0.6873754,0.67188016,0.67126459,0.6761921,0.66835581,2020,2,0.67113326,0.71826561,0.70158036,0.70999396
"2020_02_SF_NYJ",0.25993155,0.26726628,0.2549979,0.27256939,0.30766225,0.26769248,2020,2,0.27065517,0.38089247,0.37574858,0.3783171
"2020_02_WAS_ARI",0.73835456,0.72934647,0.73971468,0.73636276,0.73909885,0.73156671,2020,2,0.73607525,0.62010289,0.70699142,0.66494303
"2020_02_BAL_HOU",0.23246083,0.25462074,0.23189377,0.24942049,0.34653652,0.24695129,2020,2,0.24770151,0.3720362,0.26954437,0.31859993
"2020_02_KC_LAC",0.22560603,0.22047474,0.22027581,0.23784736,0.31954452,0.23434289,2020,2,0.23609786,0.31414561,0.40233159,0.35702865
"2020_02_NE_SEA",0.63907701,0.64318975,0.64795783,0.64866793,0.62352437,0.64369263,2020,2,0.64833045,0.52477363,0.54533917,0.5350713
"2020_02_NO_LV",0.3374143,0.32500061,0.33434729,0.34879649,0.31336892,0.34323826,2020,2,0.34846029,0.35530757,0.48368753,0.41811136
"2020_03_MIA_JAX",0.57399161,0.57002556,0.56131507,0.56522828,0.51807123,0.56199715,2020,3,0.56499488,0.61990774,0.66474901,0.64264054
"2020_03_CHI_ATL",0.55237959,0.54789998,0.55655619,0.55956185,0.54850471,0.55677768,2020,3,0.56050122,0.47605144,0.55088866,0.51354597
"2020_03_CIN_PHI",0.68453935,0.69091369,0.68382323,0.68009865,0.67256302,0.67763746,2020,3,0.68092751,0.64870378,0.63099773,0.63989834
"2020_03_HOU_PIT",0.65240103,0.64276998,0.64561436,0.64507884,0.55985177,0.64120803,2020,3,0.64467493,0.61614014,0.69978672,0.65920191
"2020_03_LA_BUF",0.53585051,0.53693224,0.53910816,0.54446137,0.51684797,0.54027525,2020,3,0.54402389,0.48991631,0.52778147,0.5088616
"2020_03_LV_NE",0.73815486,0.73302441,0.74017647,0.73505563,0.72485083,0.73175812,2020,3,0.73471206,0.62472908,0.69062791,0.65844295
"2020_03_SF_NYG",0.38706471,0.38473944,0.40475036,0.41705352,0.48584718,0.41295901,2020,3,0.41662484,0.27440846,0.3516705,0.31173146
"2020_03_TEN_MIN",0.39044764,0.40161821,0.39541171,0.40678614,0.46984023,0.40406475,2020,3,0.40770645,0.40720817,0.38804383,0.39758674
"2020_03_WAS_CLE",0.74875352,0.73911304,0.75171285,0.74506223,0.72079277,0.74291192,2020,3,0.74578571,0.60565857,0.70794036,0.6586425
"2020_03_CAR_LAC",0.71424822,0.70722669,0.7096561,0.70756942,0.67464131,0.70074513,2020,3,0.70552642,0.65625699,0.72263251,0.69042518
"2020_03_NYJ_IND",0.8396559,0.82715953,0.84453536,0.83634764,0.76143324,0.83439944,2020,3,0.83607662,0.6319003,0.77673886,0.70962634
"2020_03_DAL_SEA",0.68269215,0.69449777,0.68721157,0.68453038,0.69072592,0.68150988,2020,3,0.68414936,0.62438452,0.57326524,0.59909439
"2020_03_DET_ARI",0.67829145,0.68009637,0.66981561,0.6680125,0.66928625,0.66491134,2020,3,0.6676213,0.68743413,0.69205324,0.68974842
"2020_03_TB_DEN",0.29074828,0.30657649,0.27841157,0.29505581,0.28799433,0.28995059,2020,3,0.29468912,0.50433712,0.41894271,0.46135644
"2020_03_GB_NO",0.60737933,0.6058626,0.615623,0.61671311,0.60089016,0.61271868,2020,3,0.61629613,0.49217101,0.54965367,0.52098179
"2020_03_KC_BAL",0.62452812,0.5975144,0.61863951,0.61824882,0.53765076,0.61558078,2020,3,0.61914823,0.52901168,0.72600914,0.6330497
"2020_04_DEN_NYJ",0.50969561,0.51702877,0.51308396,0.5211795,0.49805999,0.51571881,2020,4,0.52078108,0.48944148,0.48965725,0.48954936
"2020_04_ARI_CAR",0.39437946,0.39664644,0.39042915,0.40464413,0.43530267,0.40031145,2020,4,0.40448872,0.45230556,0.48123118,0.46674042
"2020_04_BAL_WAS",0.10876697,0.11522189,0.10690347,0.12193906,0.30353716,0.12052431,2020,4,0.12237778,0.23644968,0.21251181,0.22425376
"2020_04_CLE_DAL",0.62733734,0.60971655,0.61901071,0.62280428,0.5456481,0.61646004,2020,4,0.62055881,0.58960924,0.7175166,0.65639348
"2020_04_JAX_CIN",0.50736403,0.50609497,0.50696221,0.51398534,0.48071536,0.50994145,2020,4,0.51500732,0.49100273,0.54119918,0.51614167
"2020_04_LAC_TB",0.74836584,0.74982614,0.75107722,0.74608821,0.72665256,0.74192242,2020,4,0.74578571,0.65086814,0.66758433,0.65927576
"2020_04_MIN_HOU",0.60613678,0.61332642,0.61448753,0.6164487,0.60081512,0.61218008,2020,4,0.61629613,0.5155954,0.51564614,0.51562077
"2020_04_NO_DET",0.38403928,0.39432789,0.39379793,0.40671885,0.4748027,0.40351846,2020,4,0.40770645,0.35862541,0.35432596,0.35647279
"2020_04_SEA_MIA",0.31167988,0.30740048,0.3115508,0.32870156,0.3335366,0.32473849,2020,4,0.32855922,0.33813963,0.42021017,0.37830398
"2020_04_NYG_LA",0.88177901,0.87273442,0.87960826,0.87220865,0.77530974,0.86917814,2020,4,0.87114073,0.77943148,0.86043973,0.82355944
"2020_04_BUF_LV",0.3747941,0.37106062,0.36871468,0.38408145,0.40871489,0.37892048,2020,4,0.38370387,0.43673153,0.50424652,0.47035341
"2020_04_IND_CHI",0.37775367,0.40491955,0.36574158,0.37988749,0.40191463,0.37608224,2020,4,0.38085177,0.59310351,0.44527383,0.51961804
"2020_04_PHI_SF",0.75658073,0.74271966,0.74472875,0.74001968,0.6819765,0.7342328,2020,4,0.73971244,0.73566798,0.8193145,0.78033874
"2020_04_NE_KC",0.73533772,0.7361941,0.73237009,0.73141181,0.73959476,0.72445659,2020,4,0.72791064,0.6909492,0.70356238,0.69729296
"2020_04_ATL_GB",0.68584904,0.6848612,0.67146325,0.67021817,0.64355344,0.66622396,2020,4,0.67007554,0.73451392,0.74663005,0.74061795
"2020_05_TB_CHI",0.35830408,0.38057172,0.35205684,0.36865193,0.39052477,0.36296724,2020,5,0.36894617,0.51849028,0.40953872,0.4635799
"2020_05_ARI_NYJ",0.26384783,0.27248113,0.25492029,0.27418733,0.26097643,0.26771454,2020,5,0.27443896,0.44003312,0.41298217,0.42645263
"2020_05_CAR_ATL",0.5629201,0.56939847,0.56112373,0.56657439,0.52821767,0.56113162,2020,5,0.5668328,0.56790618,0.56252921,0.56521961
"2020_05_CIN_BAL",0.86212478,0.86065267,0.858727,0.85014397,0.81067365,0.84730247,2020,5,0.85027803,0.80804457,0.82287659,0.81557594
"2020_05_JAX_HOU",0.71219695,0.72357415,0.72027988,0.71647906,0.75883394,0.71196175,2020,5,0.71669282,0.60641905,0.56126748,0.58401952
"2020_05_LA_WAS",0.24238943,0.25341345,0.24878013,0.26923528,0.30864891,0.26384413,2020,5,0.26837188,0.27837652,0.26126999,0.26973774
"2020_05_LV_KC",0.81675241,0.82172601,0.80829712,0.80167508,0.76194686,0.79725402,2020,5,0.80097577,0.82837636,0.79621286,0.8128258
"2020_05_PHI_PIT",0.77040794,0.7573358,0.77047806,0.76661295,0.78058577,0.76086099,2020,5,0.76454625,0.63808417,0.75534635,0.69997855
"2020_05_MIA_SF",0.77208771,0.76049348,0.76366093,0.75778604,0.72703308,0.75326005,2020,5,0.75801797,0.73081165,0.80882684,0.77216469
"2020_05_IND_CLE",0.49634621,0.50774656,0.50105356,0.5101248,0.48433855,0.50459302,2020,5,0.51038781,0.48175743,0.45897581,0.47035118
"2020_05_NYG_DAL",0.76610924,0.74774557,0.75855541,0.75290042,0.73732662,0.74884464,2020,5,0.75313551,0.69345734,0.81660852,0.76041112
"2020_05_MIN_SEA",0.72284555,0.72667903,0.72211447,0.72099978,0.78649437,0.71372018,2020,5,0.71843379,0.6717297,0.66855115,0.67014237
"2020_05_LAC_NO",0.75631222,0.76045449,0.75502293,0.75058389,0.74124056,0.74538556,2020,5,0.74976059,0.70623195,0.69547683,0.7008821
"2020_05_BUF_TEN",0.39462557,0.38903608,0.37352981,0.38794065,0.38677755,0.38342504,2020,5,0.38953488,0.58014162,0.63324486,0.60700944
"2020_06_ATL_MIN",0.64117641,0.63764938,0.63420411,0.62732679,0.58134496,0.62817913,2020,6,0.63542458,0.63975025,0.68198002,0.66118585
"2020_06_BAL_PHI",0.19748177,0.20880958,0.19756955,0.21133496,0.24866445,0.20968405,2020,6,0.21636768,0.30507039,0.26774531,0.2860431
"2020_06_CHI_CAR",0.53220223,0.51521918,0.53278261,0.53567469,0.48320869,0.53270911,2020,6,0.5399277,0.45194773,0.59887464,0.52597337
"2020_06_CIN_IND",0.76146148,0.74873892,0.75490174,0.73974979,0.73177296,0.74399918,2020,6,0.74988631,0.70354386,0.79337753,0.75116184
"2020_06_CLE_PIT",0.60064949,0.59983571,0.59519183,0.60895848,0.54264033,0.60139939,2020,6,0.59867983,0.60467608,0.63647693,0.62070612
"2020_06_DEN_NE",0.75170266,0.74400498,0.74915042,0.74305183,0.77227592,0.74144732,2020,6,0.74438605,0.67291128,0.74314631,0.70927885
"2020_06_DET_JAX",0.40534709,0.40184,0.39385173,0.41377875,0.43415782,0.40294125,2020,6,0.40832074,0.51307436,0.56668808,0.53999693
"2020_06_HOU_TEN",0.65474221,0.65304518,0.63693364,0.63105547,0.56606495,0.62816537,2020,6,0.63799775,0.74203961,0.7546784,0.74841169
"2020_06_WAS_NYG",0.54457972,0.54172876,0.54140567,0.53480744,0.45952991,0.54032618,2020,6,0.54804948,0.53781859,0.59037394,0.56427678
"2020_06_NYJ_MIA",0.79004501,0.77946675,0.78584918,0.77906263,0.74507385,0.7745816,2020,6,0.77960242,0.7122679,0.79486294,0.75592337
"2020_06_GB_TB",0.40929297,0.40054565,0.40865973,0.41125312,0.40815622,0.41186653,2020,6,0.42245021,0.40146653,0.50437277,0.45241114
"2020_06_LA_SF",0.44641051,0.45289755,0.44824151,0.45652884,0.45435977,0.4532271,2020,6,0.4600723,0.45412746,0.46168567,0.45790414
"2020_06_KC_BUF",0.30766206,0.30376075,0.30361629,0.31402963,0.29322633,0.31340853,2020,6,0.32135554,0.37455962,0.4488276,0.41118788
"2020_06_ARI_DAL",0.51705645,0.51502951,0.51116617,0.50983924,0.44388828,0.50977767,2020,6,0.51955458,0.54447254,0.58956383,0.56715724
"2020_07_NYG_PHI",0.67682912,0.68623368,0.67302877,0.67129874,0.6870302,0.66727894,2020,7,0.67218439,0.68128947,0.64454227,0.66316241
"2020_07_BUF_NYJ",0.2077713,0.21344651,0.2080728,0.2287731,0.32681781,0.23624467,2020,7,0.22725484,0.2886925,0.29749685,0.29307532
"2020_07_CAR_NO",0.74820304,0.73987844,0.7426545,0.73746431,0.75725627,0.73534264,2020,7,0.73824126,0.6993235,0.76449772,0.73317443
"2020_07_CLE_CIN",0.33806144,0.32607062,0.33207049,0.35026252,0.40361384,0.35242606,2020,7,0.34927302,0.38976192,0.51397745,0.45110814
"2020_07_DAL_WAS",0.46934501,0.47545969,0.47787198,0.48865604,0.48445871,0.48148103,2020,7,0.48837209,0.40996909,0.42891513,0.41941241
"2020_07_DET_ATL",0.52125489,0.51839449,0.508521,0.51944482,0.47983897,0.51410357,2020,7,0.51729139,0.60598142,0.64388133,0.62512309
"2020_07_GB_HOU",0.4097768,0.40621955,0.41656475,0.43003705,0.49972609,0.43837394,2020,7,0.43026174,0.35431797,0.43158572,0.39227761
"2020_07_PIT_TEN",0.51956094,0.52490994,0.51092236,0.52170724,0.4842456,0.51577695,2020,7,0.51955458,0.59408596,0.59015574,0.59212232
"2020_07_TB_LV",0.34799826,0.3487188,0.34262544,0.35972595,0.37246746,0.34877764,2020,7,0.35946425,0.43319246,0.47124693,0.45214976
"2020_07_JAX_LAC",0.777849,0.76541999,0.77764226,0.77157384,0.76287884,0.76898533,2020,7,0.77173533,0.65182756,0.76086289,0.7093541
"2020_07_KC_DEN",0.24539546,0.25810864,0.25088979,0.26915276,0.29667163,0.26516359,2020,7,0.26994359,0.29034474,0.26334212,0.27664001
"2020_07_SF_NE",0.60175525,0.60493801,0.60697269,0.60971618,0.58639842,0.61453429,2020,7,0.60993426,0.52214476,0.54634132,0.5342632
"2020_07_SEA_ARI",0.35667876,0.34422649,0.34972914,0.36657357,0.40154329,0.36143243,2020,7,0.36630975,0.41071619,0.53423264,0.47204663
"2020_07_CHI_LA",0.72522803,0.70302135,0.72682992,0.72150648,0.73752862,0.7251928,2020,7,0.7231682,0.55672067,0.73578163,0.6515843
"2020_08_ATL_CAR",0.51342654,0.51394463,0.51267524,0.52093101,0.48096132,0.51531985,2020,8,0.52179715,0.50637087,0.54390034,0.52517115
"2020_08_IND_DET",0.3474549,0.36500181,0.34977138,0.36681685,0.4350287,0.36161266,2020,8,0.36762335,0.41702608,0.35339863,0.38471957
"2020_08_LA_MIA",0.36359758,0.36757678,0.36159536,0.37934944,0.38399839,0.37286759,2020,8,0.37895431,0.42455621,0.44454907,0.43452602
"2020_08_LV_CLE",0.55049574,0.55294952,0.54370826,0.55128425,0.46696314,0.54444166,2020,8,0.55086897,0.59347588,0.60679838,0.60015565
"2020_08_MIN_GB",0.70248364,0.71413651,0.69645942,0.69334221,0.70502108,0.68918859,2020,8,0.6940797,0.73098805,0.67155032,0.70212203
"2020_08_NE_BUF",0.64736787,0.64297302,0.6452141,0.64510745,0.62318748,0.6399454,2020,8,0.64590164,0.59959251,0.65683693,0.62866614
"2020_08_NYJ_KC",0.93757053,0.93410138,0.93342199,0.92601162,0.80217141,0.92382223,2020,8,0.92542057,0.9085127,0.92946829,0.91961145
"2020_08_PIT_BAL",0.65218185,0.64208412,0.64908493,0.6487422,0.59515625,0.64429438,2020,8,0.64953271,0.59302569,0.68475079,0.64016712
"2020_08_TEN_CIN",0.2356112,0.22804309,0.23894111,0.25955909,0.27247992,0.25524576,2020,8,0.25962973,0.23570927,0.34643898,0.28791353
"2020_08_LAC_DEN",0.40793791,0.45005852,0.4054188,0.42281035,0.49345404,0.41513535,2020,8,0.42071419,0.58471865,0.35717814,0.46935615
"2020_08_NO_CHI",0.30798208,0.32768948,0.3028799,0.32160798,0.32394823,0.31672438,2020,8,0.32236571,0.4748232,0.37702637,0.4251931
"2020_08_SF_SEA",0.50308477,0.52112047,0.50183266,0.51076061,0.50209641,0.5051435,2020,8,0.51162791,0.55985531,0.48478457,0.5224467
"2020_08_DAL_PHI",0.77434214,0.78509685,0.78376839,0.77733463,0.76832104,0.77251672,2020,8,0.77704395,0.62667359,0.57288352,0.60008017
"2020_08_TB_NYG",0.14868334,0.15387605,0.15039091,0.17020725,0.27106431,0.1663412,2020,8,0.16997029,0.22065781,0.2265123,0.22357141
"2020_09_GB_SF",0.30735097,0.2947938,0.28957751,0.30851415,0.2938512,0.3076442,2020,9,0.30868052,0.51387691,0.62522939,0.57044408
"2020_09_BAL_IND",0.4860795,0.47602147,0.48718313,0.49676898,0.44393921,0.48753414,2020,9,0.49767701,0.43601486,0.54437285,0.4900773
"2020_09_CAR_KC",0.81034263,0.81187327,0.79819094,0.79092723,0.72237396,0.7847515,2020,9,0.79152721,0.85695276,0.84387275,0.85053065
"2020_09_CHI_TEN",0.7231306,0.7042901,0.71969486,0.71576411,0.69671208,0.70415946,2020,9,0.71650254,0.62499342,0.76512183,0.69970276
"2020_09_DEN_ATL",0.67040198,0.64668375,0.66797652,0.66800046,0.63898212,0.65935743,2020,9,0.6676213,0.55742173,0.7328877,0.65022174
"2020_09_DET_MIN",0.62484483,0.61864231,0.6149335,0.61686927,0.51877862,0.6080997,2020,9,0.61772737,0.65840256,0.70993115,0.68473463
"2020_09_HOU_JAX",0.26681313,0.26004483,0.25866416,0.27999404,0.27948755,0.26676557,2020,9,0.2783323,0.39171914,0.48513429,0.43787617
"2020_09_NYG_WAS",0.60358053,0.59813893,0.59857767,0.60434383,0.53212589,0.5933295,2020,9,0.60236758,0.59618731,0.65585412,0.62650175
"2020_09_SEA_BUF",0.38477698,0.37707719,0.37849191,0.3943854,0.40806338,0.38243551,2020,9,0.39457165,0.44795615,0.53777675,0.49280842
"2020_09_LV_LAC",0.47890537,0.45142038,0.47241973,0.48284617,0.43060893,0.47362653,2020,9,0.48375319,0.45240376,0.65490566,0.55597812
"2020_09_MIA_ARI",0.68956709,0.66528565,0.68883849,0.68766946,0.63519603,0.67609896,2020,9,0.68730227,0.54936847,0.73490935,0.64768923
"2020_09_PIT_DAL",0.12721391,0.11852056,0.12272139,0.14040507,0.30519205,0.13910203,2020,9,0.14019893,0.22473352,0.37440439,0.29404273
"2020_09_NO_TB",0.62408016,0.61944319,0.62288928,0.62435001,0.57155836,0.61831471,2020,9,0.6252015,0.57434195,0.63570382,0.60543829
"2020_09_NE_NYJ",0.21589268,0.22443545,0.21554489,0.23694354,0.30024162,0.22553914,2020,9,0.23545375,0.315512,0.29983473,0.30761787
"2020_10_IND_TEN",0.47732524,0.48170907,0.4641224,0.45761278,0.4093504,0.45467348,2020,10,0.47698281,0.62324755,0.61912659,0.62118926
"2020_10_HOU_CLE",0.66492058,0.66365295,0.66643483,0.66286004,0.66616142,0.6538508,2020,10,0.66654044,0.58634147,0.62862688,0.60768607
"2020_10_JAX_GB",0.88310565,0.88734957,0.87993429,0.87160438,0.81395829,0.86541752,2020,10,0.87132789,0.86009627,0.82817624,0.84480497
"2020_10_PHI_NYG",0.31520725,0.30777704,0.31137809,0.32162955,0.28762153,0.3269241,2020,10,0.33130465,0.37722763,0.47256396,0.42419071
"2020_10_TB_CAR",0.28056228,0.27065087,0.27756022,0.28260487,0.26298252,0.28318952,2020,10,0.2983363,0.33353075,0.45087115,0.39062038
"2020_10_WAS_DET",0.55837929,0.56357494,0.55516341,0.55551982,0.53271198,0.55155807,2020,10,0.56237947,0.57974195,0.58218482,0.58096388
"2020_10_BUF_ARI",0.57988103,0.56984209,0.58474095,0.5746085,0.54336911,0.56828322,2020,10,0.5900444,0.46281028,0.5700483,0.51662064
"2020_10_DEN_LV",0.63932192,0.63201323,0.6341671,0.63611329,0.58873886,0.62678621,2020,10,0.63629016,0.62206696,0.68733183,0.65543191
"2020_10_LAC_MIA",0.52070283,0.56128722,0.51182589,0.52029985,0.47733971,0.50430845,2020,10,0.52179715,0.70612301,0.50208933,0.60885285
"2020_10_CIN_PIT",0.73988711,0.75277075,0.7300331,0.73610789,0.7453621,0.76369062,2020,10,0.72646157,0.80588686,0.73976636,0.77454032
"2020_10_SEA_LA",0.57649743,0.54915203,0.57323733,0.5766412,0.52459598,0.59767276,2020,10,0.57928581,0.49558588,0.68486059,0.59369741
"2020_10_SF_NO",0.77304694,0.78092044,0.77656635,0.77592331,0.76881689,0.77669034,2020,10,0.77071671,0.67674679,0.64643428,0.66175652
"2020_10_BAL_NE",0.24056824,0.245175,0.23981038,0.24354891,0.26462543,0.24570978,2020,10,0.26109334,0.32560004,0.3433065,0.33439496
"2020_10_MIN_CHI",0.37315625,0.39509008,0.36880577,0.36823544,0.41469377,0.34999601,2020,10,0.38659794,0.5167888,0.42148003,0.46885037
"2020_11_ARI_SEA",0.59976582,0.62018325,0.60256634,0.65360326,0.61809611,0.6285177,2020,11,0.60542835,0.5930166,0.50744575,0.55060553
"2020_11_ATL_NO",0.63625902,0.65159674,0.6265702,0.6278106,0.56589103,0.65364066,2020,11,0.62792299,0.7246301,0.65426311,0.69054934
"2020_11_CIN_WAS",0.52683644,0.51606046,0.52718903,0.49560615,0.44986504,0.47597396,2020,11,0.53483477,0.47166642,0.57736205,0.52479187
"2020_11_DET_CAR",0.381621,0.38279056,0.37074084,0.39485896,0.39712518,0.43555564,2020,11,0.3871172,0.52534269,0.54826731,0.53682446
"2020_11_NE_HOU",0.40706835,0.40062788,0.4053262,0.43921041,0.43736956,0.44389653,2020,11,0.42003945,0.42188409,0.50629963,0.46383279
"2020_11_PHI_CLE",0.56066646,0.56114203,0.55458736,0.55280197,0.51185024,0.53728592,2020,11,0.56050122,0.59403854,0.61905862,0.6066185
"2020_11_PIT_JAX",0.17301112,0.16681336,0.17946243,0.16577555,0.24128148,0.1605619,2020,11,0.19941044,0.15180988,0.24505621,0.19422054
"2020_11_TEN_BAL",0.70034852,0.70252181,0.70004786,0.73216641,0.7116366,0.77838894,2020,11,0.69702952,0.64433221,0.65755727,0.6509738
"2020_11_MIA_DEN",0.33626151,0.34109115,0.33756727,0.33597508,0.37664694,0.33813526,2020,11,0.35532507,0.37395899,0.39520383,0.38452636
"2020_11_NYJ_LAC",0.79523081,0.77578081,0.79237553,0.74848932,0.72761768,0.68503826,2020,11,0.78499027,0.67584568,0.81626226,0.75268531
"2020_11_DAL_MIN",0.74084924,0.74908043,0.73583659,0.72011697,0.77260154,0.71420122,2020,11,0.73092498,0.74683357,0.70912386,0.72838892
"2020_11_GB_IND",0.52386935,0.51716773,0.5249224,0.5421204,0.5336048,0.55020608,2020,11,0.53271028,0.47469089,0.55764989,0.51628257
"2020_11_KC_LV",0.22528404,0.23229964,0.22471365,0.23785162,0.27110288,0.23218353,2020,11,0.24498088,0.31934232,0.31875824,0.31905021
"2020_11_LA_TB",0.63886341,0.64464474,0.64311056,0.62897921,0.61294419,0.61845322,2020,11,0.6434399,0.56028777,0.56478446,0.5625374
"2020_12_HOU_DET",0.39451839,0.39654479,0.39387145,0.39135394,0.38194084,0.37041483,2020,12,0.40770645,0.42613684,0.46035134,0.44317671
"2020_12_WAS_DAL",0.55831879,0.5607847,0.55534595,0.59125251,0.56854999,0.58973084,2020,12,0.56050122,0.56420241,0.58311886,0.57368758
"2020_12_ARI_NE",0.46955436,0.4820624,0.46808903,0.43829423,0.45533419,0.43936239,2020,12,0.47820285,0.51904512,0.48344107,0.50124468
"2020_12_CAR_MIN",0.58799367,0.58313735,0.5734547,0.60294884,0.53591561,0.59859851,2020,12,0.57754979,0.66497194,0.70509271,0.68537817
"2020_12_CLE_JAX",0.23729718,0.22546808,0.23443132,0.28903517,0.30097413,0.26066247,2020,12,0.25283124,0.28297033,0.42498141,0.35067669
"2020_12_LAC_BUF",0.67075665,0.68912234,0.66436628,0.67785174,0.65611887,0.66392124,2020,12,0.66325633,0.72666514,0.63197452,0.68118708
"2020_12_LV_ATL",0.3635306,0.36282398,0.35341223,0.37694237,0.38533637,0.4111307,2020,12,0.36894617,0.48774378,0.52686888,0.50731753
"2020_12_MIA_NYJ",0.22214022,0.22329969,0.22665796,0.23398097,0.25797051,0.22940833,2020,12,0.24509804,0.24144899,0.28798625,0.26406079
"2020_12_NYG_CIN",0.29323521,0.30294606,0.27970855,0.26775059,0.26457015,0.25447977,2020,12,0.29747149,0.52060452,0.4793033,0.49995383
"2020_12_TEN_IND",0.57860375,0.57675922,0.57712801,0.61327446,0.57096338,0.60997928,2020,12,0.58100796,0.55157908,0.59813279,0.57502226
"2020_12_NO_DEN",0.08852816,0.09014176,0.08274145,0.09428684,0.24639036,0.07647438,2020,12,0.0964673,0.27886233,0.29347844,0.28611447
"2020_12_SF_LA",0.66752632,0.67381802,0.66553158,0.68165773,0.67122614,0.66292267,2020,12,0.66435802,0.64858647,0.63492809,0.64178604
"2020_12_KC_TB",0.371493,0.37060561,0.37697813,0.37769073,0.44352686,0.37457212,2020,12,0.39155651,0.34459908,0.4052763,0.37444445
"2020_12_CHI_GB",0.76203687,0.75842354,0.75873265,0.72315615,0.75239247,0.7157549,2020,12,0.75301532,0.70570308,0.74553655,0.72607047
"2020_12_SEA_PHI",0.27366573,0.26936973,0.27032594,0.2639876,0.25295687,0.293802,2020,12,0.28827329,0.34361955,0.42298439,0.38251905
"2020_12_BAL_PIT",0.81191941,0.81395589,0.81998182,0.77602017,0.79484093,0.78220214,2020,12,0.81220828,0.62992686,0.64916469,0.63960181
"2020_13_CIN_MIA",0.81451561,0.81886079,0.8131644,0.81289351,0.77216691,0.83735318,2020,13,0.80503221,0.76067275,0.74109222,0.75101113
"2020_13_CLE_TEN",0.65913822,0.6565189,0.64975352,0.66431791,0.59740341,0.65621904,2020,13,0.64953271,0.67802116,0.70867808,0.69356357
"2020_13_DET_CHI",0.60780445,0.62273204,0.59887475,0.63521391,0.56683868,0.64273044,2020,13,0.60180029,0.6862056,0.61946403,0.65358987
"2020_13_IND_HOU",0.37180861,0.3618833,0.3624604,0.40298986,0.40249005,0.41973723,2020,13,0.37895431,0.45303028,0.55369427,0.5033967
"2020_13_JAX_MIN",0.80601591,0.80927085,0.7992156,0.81861609,0.76753163,0.81725594,2020,13,0.79152721,0.80078578,0.78417379,0.79260256
"2020_13_LV_NYJ",0.22405637,0.22281748,0.22565992,0.25582591,0.27648389,0.27717846,2020,13,0.24568411,0.26620975,0.32823936,0.29628558
"2020_13_NO_ATL",0.40619091,0.40454596,0.41559344,0.4750427,0.4894143,0.4609064,2020,13,0.42953642,0.33834456,0.40585051,0.37147059
"2020_13_LA_ARI",0.41320931,0.408123,0.40996546,0.37524307,0.40817234,0.35946156,2020,13,0.42420028,0.44130237,0.51594198,0.47850219
"2020_13_NYG_SEA",0.81921688,0.83034097,0.81943512,0.78820997,0.81301302,0.72929282,2020,13,0.81112458,0.77456185,0.70027145,0.73912414
"2020_13_NE_LAC",0.54073032,0.51054411,0.54362274,0.49085402,0.47931594,0.47836641,2020,13,0.55003635,0.4004918,0.62639545,0.51416716
"2020_13_PHI_GB",0.78927015,0.78464276,0.7803315,0.78194451,0.75402093,0.76989538,2020,13,0.7733375,0.77861291,0.80934197,0.79440264
"2020_13_DEN_KC",0.86114066,0.85084382,0.850171,0.85106128,0.79263353,0.83350785,2020,13,0.84120351,0.8523459,0.90060752,0.87852721
"2020_13_WAS_PIT",0.72524382,0.74400938,0.70982068,0.68349916,0.67969507,0.69805868,2020,13,0.70615465,0.83150307,0.73327889,0.78647718
"2020_13_BUF_SF",0.5204059,0.52272643,0.52839113,0.5998835,0.53966653,0.57182445,2020,13,0.5357591,0.44048375,0.47886825,0.45961611
"2020_13_DAL_BAL",0.78749278,0.79490044,0.77919021,0.77244735,0.74467432,0.77746293,2020,13,0.77224133,0.80800804,0.7662831,0.7878944
"2020_14_NE_LA",0.68012243,0.67023108,0.67713695,0.66414416,0.66310179,0.60030329,2020,14,0.6766179,0.61624882,0.70416143,0.66159834
"2020_14_ARI_NYG",0.39851164,0.39815537,0.39132608,0.40770632,0.41766652,0.43889275,2020,14,0.40832074,0.4875802,0.52712878,0.50736601
"2020_14_DAL_CIN",0.38683404,0.39702902,0.37588557,0.36686385,0.38959658,0.3113625,2020,14,0.39360687,0.55246852,0.51600339,0.53428175
"2020_14_DEN_CAR",0.65020598,0.61534865,0.6469659,0.62431043,0.56798148,0.58004398,2020,14,0.64833045,0.51218767,0.75415313,0.64217652
"2020_14_HOU_CHI",0.46560553,0.47853948,0.46629816,0.47045997,0.48097819,0.46546354,2020,14,0.47921892,0.50124535,0.46390779,0.48255221
"2020_14_KC_MIA",0.2335566,0.23532979,0.23324139,0.23944815,0.25185549,0.25796183,2020,14,0.25484502,0.30527903,0.34337611,0.32403614
"2020_14_MIN_TB",0.73679774,0.73607784,0.74248521,0.74298096,0.78333563,0.77862553,2020,14,0.73824126,0.59716262,0.63912642,0.61836531
"2020_14_TEN_JAX",0.21205061,0.20132648,0.21689049,0.23439047,0.27288803,0.21866786,2020,14,0.23850155,0.19220905,0.32589985,0.25326876
"2020_14_IND_LV",0.43065875,0.44086678,0.43317481,0.45948136,0.48556778,0.53079866,2020,14,0.44799377,0.45086451,0.43516916,0.44300261
"2020_14_NYJ_SEA",0.8940747,0.89948135,0.89245873,0.88678467,0.81238621,0.88085519,2020,14,0.88376487,0.8582077,0.80938041,0.83524094
"2020_14_ATL_LAC",0.50966445,0.48825043,0.51871473,0.55003059,0.54685533,0.48855949,2020,14,0.52840393,0.34869719,0.53635126,0.44039617
"2020_14_GB_DET",0.21825256,0.22383801,0.2259588,0.23446888,0.28441888,0.20498763,2020,14,0.24757984,0.22342507,0.24215025,0.23265642
"2020_14_NO_PHI",0.22353209,0.21906404,0.23109022,0.24068645,0.26670197,0.20961138,2020,14,0.25270129,0.19840778,0.28450087,0.23880181
"2020_14_WAS_SF",0.5780172,0.58504408,0.57749811,0.58169627,0.55390841,0.57592967,2020,14,0.58337516,0.57300036,0.56408795,0.5685497
"2020_14_PIT_BUF",0.52810986,0.52940966,0.53102606,0.53293377,0.5214479,0.53768067,2020,14,0.5399277,0.48684578,0.52376333,0.5053118
"2020_14_BAL_CLE",0.36802402,0.3715337,0.36254029,0.35478792,0.36479029,0.30670958,2020,14,0.38085177,0.46325611,0.48063838,0.47193874
"2020_15_LAC_LV",0.61561454,0.63930711,0.61571596,0.6121344,0.57198542,0.63854932,2020,15,0.61914823,0.6478741,0.5267717,0.5886648
"2020_15_BUF_DEN",0.28666082,0.29445904,0.29022722,0.31515524,0.30014512,0.33074517,2020,15,0.31174798,0.3207924,0.3238492,0.3223189
"2020_15_CAR_GB",0.79717085,0.80020579,0.78938351,0.77443212,0.78013402,0.79466168,2020,15,0.78263965,0.81938374,0.80166221,0.81068186
"2020_15_CHI_MIN",0.58881151,0.57775066,0.58272661,0.593328,0.54865706,0.59471027,2020,15,0.58839671,0.58647141,0.67778294,0.63332306
"2020_15_DET_TEN",0.78724516,0.78476876,0.7779754,0.77602369,0.74863261,0.78170993,2020,15,0.77173533,0.80867559,0.82215707,0.81551159
"2020_15_HOU_IND",0.77218488,0.77801694,0.76975803,0.75716251,0.79340941,0.73821359,2020,15,0.76390214,0.74588579,0.71860154,0.73246438
"2020_15_JAX_BAL",0.86834987,0.87585118,0.86304535,0.85103822,0.8303616,0.87928702,2020,15,0.85412385,0.88160524,0.82590051,0.85597863
"2020_15_NE_MIA",0.46271774,0.4650673,0.45315191,0.44652447,0.40458509,0.43314184,2020,15,0.46728972,0.57921087,0.59132779,0.58528223
"2020_15_SEA_WAS",0.28959728,0.2885811,0.28307553,0.25198016,0.21594372,0.16716727,2020,15,0.30476951,0.4197342,0.46843868,0.4439518
"2020_15_SF_DAL",0.33213053,0.32651585,0.32772781,0.33993763,0.31483024,0.42158938,2020,15,0.34808668,0.40503775,0.4882944,0.44628946
"2020_15_TB_ATL",0.28469175,0.28337734,0.27738624,0.28092688,0.24539046,0.21862123,2020,15,0.29920602,0.42606317,0.47577289,0.45079526
"2020_15_NYJ_LA",0.92174813,0.91704566,0.91738602,0.91044301,0.82020414,0.89589823,2020,15,0.90866413,0.89536771,0.92206869,0.90960217
"2020_15_PHI_ARI",0.70432481,0.70253775,0.70392785,0.68604934,0.67299426,0.6638017,2020,15,0.7016637,0.63724694,0.6756461,0.6567027
"2020_15_KC_NO",0.42444798,0.40749245,0.4196861,0.40555656,0.40102723,0.43790335,2020,15,0.43575789,0.43669546,0.58500585,0.51109481
"2020_15_CLE_NYG",0.27289883,0.27253734,0.26810308,0.27887478,0.25158852,0.33103894,2020,15,0.29010439,0.38768401,0.43511498,0.41119322
"2020_15_PIT_CIN",0.10566944,0.10700131,0.10545154,0.10094465,0.21017075,0.07275173,2020,15,0.12392311,0.18818007,0.22107982,0.2041376
"2020_16_MIN_NO",0.73756378,0.74827094,0.73283592,0.74359012,0.80525893,0.78892261,2020,16,0.73005641,0.76170751,0.70607509,0.73482269
"2020_16_TB_DET",0.15597147,0.15252303,0.15453924,0.15644053,0.23077455,0.14590603,2020,16,0.17400939,0.23566404,0.31761578,0.27474591
"2020_16_SF_ARI",0.71459039,0.72307772,0.71790389,0.71897751,0.7763105,0.67413929,2020,16,0.71590909,0.63197799,0.6055315,0.61884284
"2020_16_MIA_LV",0.44023164,0.43644935,0.44390416,0.47456187,0.47714093,0.39191229,2020,16,0.45801527,0.39260803,0.46807834,0.42993617
"2020_16_ATL_KC",0.82189754,0.82926987,0.81599137,0.82609892,0.8261686,0.85426045,2020,16,0.80962639,0.84381953,0.79764403,0.82190098
"2020_16_CHI_JAX",0.18807637,0.1806975,0.18590735,0.21639316,0.29860014,0.23930028,2020,16,0.2062472,0.25992182,0.37419493,0.31425124
"2020_16_CIN_HOU",0.74392714,0.73522563,0.7452203,0.72489828,0.73331767,0.74206295,2020,16,0.74181606,0.6205593,0.70932952,0.66641755
"2020_16_CLE_NYJ",0.24232101,0.24729309,0.24911607,0.25869104,0.28124684,0.24798856,2020,16,0.26978176,0.23033403,0.25658218,0.24321789
"2020_16_IND_PIT",0.48582423,0.4894003,0.48586346,0.47794715,0.45708069,0.43634855,2020,16,0.49767701,0.49127019,0.51253083,0.50190137
"2020_16_NYG_BAL",0.7958623,0.79707513,0.78884973,0.78181112,0.80623847,0.82808544,2020,16,0.78347768,0.81256225,0.80637663,0.80948864
"2020_16_CAR_WAS",0.48180332,0.49645052,0.47111042,0.47358307,0.42290786,0.39940613,2020,16,0.48375319,0.64952443,0.58522657,0.61789144
"2020_16_DEN_LAC",0.54226125,0.50263888,0.5329348,0.50972527,0.44666919,0.41485956,2020,16,0.54198473,0.51226313,0.75386127,0.64203043
"2020_16_LA_SEA",0.5363203,0.54974911,0.53725607,0.53816241,0.52475107,0.54787998,2020,16,0.5460454,0.5465826,0.50515326,0.52591252
"2020_16_PHI_DAL",0.38248395,0.38684902,0.37415471,0.38750118,0.37671566,0.38502237,2020,16,0.39155651,0.5287012,0.53235,0.53052601
"2020_16_TEN_GB",0.6198099,0.6260217,0.61961212,0.61656171,0.58215135,0.62942379,2020,16,0.6233496,0.59858077,0.59275699,0.59567225
"2020_16_BUF_NE",0.24419743,0.25104738,0.24322087,0.23869328,0.23429845,0.23899426,2020,16,0.26392475,0.3417295,0.34141523,0.34157235
"2020_17_ATL_TB",0.74982463,0.74294737,0.74501986,0.74576539,0.77659237,0.73652939,2020,17,0.74167623,0.71336249,0.76779989,0.74151361
"2020_17_BAL_CIN",0.12402213,0.12476816,0.12175818,0.13095669,0.2358157,0.13095028,2020,17,0.13899132,0.23835915,0.27757442,0.25747939
"2020_17_DAL_NYG",0.45272367,0.45365545,0.45328626,0.49135458,0.50582528,0.47018689,2020,17,0.46635295,0.45368345,0.49402376,0.47381087
"2020_17_MIA_BUF",0.4179989,0.40849005,0.39405898,0.40478987,0.39398807,0.39490282,2020,17,0.4099556,0.67359025,0.72660433,0.70076958
"2020_17_MIN_DET",0.37417882,0.39215614,0.38178378,0.39371017,0.42074564,0.40078243,2020,17,0.39819971,0.37061997,0.32243335,0.34613212
"2020_17_NYJ_NE",0.60839037,0.62011818,0.59692289,0.57921273,0.48210979,0.59148825,2020,17,0.60180029,0.72437463,0.67176974,0.69872488
"2020_17_PIT_CLE",0.78814444,0.77797823,0.80206857,0.80403674,0.80899334,0.79503149,2020,17,0.79633401,0.43593955,0.5891732,0.5128585
"2020_17_ARI_LA",0.54570811,0.53904663,0.53335015,0.49956894,0.41922283,0.51403065,2020,17,0.54198473,0.63842953,0.69082807,0.66513752
"2020_17_GB_CHI",0.32049224,0.32446586,0.32461487,0.32348219,0.28323758,0.33523166,2020,17,0.34306276,0.32629788,0.35680732,0.34138846
"2020_17_JAX_IND",0.91267336,0.91560795,0.91087391,0.90943396,0.85149509,0.90184725,2020,17,0.9035327,0.87958669,0.85155344,0.86618956
"2020_17_LAC_KC",0.30131977,0.33710246,0.26277971,0.29675683,0.27263406,0.28105793,2020,17,0.28252766,0.88333426,0.70612263,0.81007668
"2020_17_LV_DEN",0.41242996,0.42468828,0.4089682,0.39260998,0.35506889,0.41472146,2020,17,0.42420028,0.50732956,0.47046798,0.48888366
"2020_17_NO_CAR",0.27702621,0.27555134,0.28561663,0.28344303,0.26091701,0.29765485,2020,17,0.30501089,0.22844798,0.29573907,0.26069036
"2020_17_SEA_SF",0.25102158,0.23791645,0.24553728,0.26886335,0.26223627,0.25422295,2020,17,0.26544089,0.33187435,0.48050981,0.40399175
"2020_17_TEN_HOU",0.25219911,0.24445518,0.25078823,0.25106674,0.23917964,0.26182893,2020,17,0.27065517,0.29936274,0.40800448,0.35176781
"2020_17_WAS_PHI",0.27325135,0.27276791,0.26199512,0.27487725,0.25250661,0.27095388,2020,17,0.28175231,0.47750321,0.51221821,0.49485451
"2020_18_IND_BUF",0.74589701,0.74968516,0.74709003,0.74224854,0.80452394,0.73731722,2020,18,0.74246326,0.67214782,0.66860801,0.67038033
"2020_18_LA_SEA",0.61157817,0.62328425,0.61276574,0.61550391,0.58457279,0.60884846,2020,18,0.61629613,0.59718058,0.55421725,0.5758422
"2020_18_TB_WAS",0.18783943,0.18674137,0.18342764,0.20440312,0.14710806,0.19988203,2020,18,0.20494825,0.31561055,0.37259706,0.34354078
"2020_18_BAL_TEN",0.35519409,0.36491551,0.35176852,0.36994976,0.45655361,0.3645144,2020,18,0.37073068,0.46156865,0.43686661,0.4491863
"2020_18_CHI_NO",0.83242369,0.83004863,0.82960797,0.82280517,0.87884837,0.81762715,2020,18,0.82158061,0.77562864,0.80093487,0.7885587
"2020_18_CLE_PIT",0.68227973,0.69549142,0.68732143,0.68536037,0.68002671,0.68148929,2020,18,0.68608204,0.61239597,0.55352704,0.58325824
"2020_19_LA_GB",0.76170734,0.74809266,0.76013523,0.76492584,0.80691713,0.74904074,2020,19,0.75501912,0.64819379,0.76998133,0.71293008
"2020_19_BAL_BUF",0.55712298,0.57171158,0.55644538,0.5582149,0.55674297,0.5563438,2020,19,0.56424211,0.58965375,0.52501221,0.55757679
"2020_19_CLE_KC",0.7732264,0.77919626,0.77240562,0.75632,0.78191406,0.76090112,2020,19,0.76668497,0.72931151,0.69835625,0.71408501
"2020_19_TB_NO",0.55396155,0.56139127,0.54835283,0.53324544,0.50309473,0.54877141,2020,19,0.55669711,0.61216228,0.59035663,0.60130969
"2020_20_TB_GB",0.62019336,0.61642888,0.61761097,0.62270284,0.5747366,0.61347752,2020,20,0.62104569,0.59104024,0.64573368,0.6187634
"2020_20_BUF_KC",0.58776717,0.59194215,0.59189272,0.58853048,0.53635484,0.58937144,2020,20,0.59710163,0.52423697,0.5381262,0.53118762
"2020_21_KC_TB",0.38416001,0.3807888,0.37962027,0.37947476,0.393657,0.39046494,2020,21,0.39819971,0.44938412,0.51466963,0.48194984
"2021_01_DAL_TB",0.79499655,0.79509257,0.79175069,0.76989317,0.77445507,0.77964122,2021,1,0.78499027,0.75444878,0.76364365,0.75907616
"2021_01_ARI_TEN",0.57869422,0.57635476,0.57176026,0.56975722,0.49497631,0.57055389,2021,1,0.57823269,0.61131922,0.65055115,0.63115193
"2021_01_JAX_HOU",0.38668037,0.38377478,0.36485655,0.35599869,0.3584893,0.37630353,2021,1,0.38370387,0.64063641,0.66896821,0.65493987
"2021_01_LAC_WAS",0.54221499,0.5365255,0.54152518,0.55376852,0.49612692,0.54289035,2021,1,0.55003635,0.50875665,0.5860488,0.54769023
"2021_01_MIN_CIN",0.42179621,0.43587658,0.42362586,0.43597862,0.45196307,0.43177626,2021,1,0.43949878,0.46694067,0.41812384,0.44239313
"2021_01_NYJ_CAR",0.6272561,0.63840813,0.62840695,0.63005126,0.5823108,0.62431568,2021,1,0.63105383,0.60943832,0.56420878,0.58700709
"2021_01_PHI_ATL",0.62515604,0.62898449,0.62359856,0.6369248,0.61994398,0.61979636,2021,1,0.62656708,0.61072678,0.61394758,0.61233841
"2021_01_PIT_BUF",0.71055375,0.7117365,0.70973762,0.70197785,0.74751437,0.70065951,2021,1,0.70720577,0.65820982,0.6734315,0.66586384
"2021_01_SEA_IND",0.41328525,0.41416721,0.40376647,0.42914522,0.47688138,0.4149045,2021,1,0.42071419,0.53696094,0.56135053,0.54918528
"2021_01_SF_DET",0.20150593,0.21910463,0.19622632,0.21223296,0.25250509,0.21355985,2021,1,0.21844248,0.43066641,0.30620955,0.36620866
"2021_01_CLE_KC",0.6898592,0.69358513,0.68854875,0.67594951,0.67155069,0.68051204,2021,1,0.68730227,0.65693343,0.65457599,0.65575567
"2021_01_DEN_NYG",0.42718529,0.42082836,0.41692446,0.44722185,0.48257345,0.42547147,2021,1,0.4331672,0.52826437,0.60092799,0.56494494
"2021_01_GB_NO",0.35591217,0.37089346,0.35270034,0.35201424,0.39684257,0.36476819,2021,1,0.37207701,0.48118287,0.41502724,0.44787443
"2021_01_MIA_NE",0.6080861,0.60700427,0.61412231,0.62119383,0.59720951,0.61028299,2021,1,0.61772737,0.49792709,0.5518569,0.52496478
"2021_01_CHI_LA",0.77375866,0.76884273,0.77725748,0.7781235,0.80505115,0.76600525,2021,1,0.77113371,0.62668363,0.69843978,0.66350373
"2021_01_BAL_LV",0.36728178,0.38419622,0.37252285,0.37975186,0.43881449,0.3835661,2021,1,0.39101973,0.40171791,0.34098648,0.3708419
"2021_02_NYG_WAS",0.64713916,0.64115702,0.64519252,0.64710176,0.60553277,0.63973119,2021,2,0.64712012,0.59826697,0.66459392,0.63205473
"2021_02_BUF_MIA",0.36170915,0.36790272,0.35590274,0.3735809,0.34880632,0.36728265,2021,2,0.3747985,0.48154692,0.47752457,0.47953542
"2021_02_CIN_CHI",0.53905147,0.54202611,0.53494985,0.54455626,0.59986025,0.53664923,2021,2,0.54402389,0.57234527,0.58515008,0.57876092
"2021_02_DEN_JAX",0.29273855,0.29236335,0.29171421,0.31158131,0.23033047,0.30581805,2021,2,0.31269773,0.35439405,0.40640898,0.38005725
"2021_02_HOU_CLE",0.84318344,0.84547532,0.85198701,0.84395176,0.81194443,0.83967393,2021,2,0.84396235,0.61677446,0.63505064,0.62595747
"2021_02_LA_IND",0.32915167,0.34293642,0.32535026,0.3441996,0.41176701,0.33812934,2021,2,0.34537425,0.46354343,0.40963138,0.43639952
"2021_02_LV_PIT",0.67548206,0.67724047,0.67665899,0.67660034,0.69322699,0.67008724,2021,2,0.6766179,0.61043038,0.63000251,0.62026534
"2021_02_NE_NYJ",0.29939698,0.30422759,0.29622596,0.3159748,0.22229482,0.3101669,2021,2,0.31709972,0.40378491,0.41397279,0.40886906
"2021_02_NO_CAR",0.38940367,0.41322656,0.40583121,0.42243063,0.382539,0.41522284,2021,2,0.42245021,0.32018007,0.25395292,0.28591813
"2021_02_SF_PHI",0.41074424,0.42116783,0.40767415,0.42293075,0.36155599,0.41635351,2021,2,0.42420028,0.4974304,0.46993935,0.48367252
"2021_02_ATL_TB",0.86769612,0.86198315,0.86616962,0.85790217,0.86029857,0.85394057,2021,2,0.85791196,0.77968801,0.83405805,0.80833958
"2021_02_MIN_ARI",0.63763078,0.64504457,0.6368078,0.6392526,0.6501832,0.632396,2021,2,0.6392711,0.62350363,0.60489835,0.61424272
"2021_02_DAL_LAC",0.58260845,0.59295129,0.57883235,0.58657414,0.61187822,0.57905962,2021,2,0.58506224,0.623201,0.58655531,0.6050257
"2021_02_TEN_SEA",0.72277945,0.72306428,0.72271377,0.71995306,0.81061846,0.71394393,2021,2,0.71996924,0.65596963,0.67877037,0.66746806
"2021_02_KC_BAL",0.37476251,0.36218903,0.36669999,0.38391501,0.36696342,0.37754757,2021,2,0.3851456,0.45124932,0.57155209,0.51156822
"2021_02_DET_GB",0.81845556,0.8070663,0.8130834,0.80532187,0.7891205,0.80105282,2021,2,0.80613577,0.7608732,0.8398987,0.80336717
"2021_03_CAR_HOU",0.20592774,0.20225133,0.19433488,0.21578918,0.20824945,0.21073241,2021,3,0.21652232,0.44958166,0.51482987,0.48212959
"2021_03_ARI_JAX",0.2154967,0.22139761,0.21787284,0.23949517,0.22722812,0.23404867,2021,3,0.24028416,0.27355452,0.28063799,0.27708229
"2021_03_ATL_NYG",0.56925066,0.55409739,0.5667498,0.57297707,0.59972054,0.5661933,2021,3,0.57403544,0.51934001,0.65049264,0.58644831
"2021_03_BAL_DET",0.22038191,0.23989389,0.22527363,0.24772908,0.25411421,0.24240326,2021,3,0.24770151,0.29535575,0.21158036,0.25115362
"2021_03_CHI_CLE",0.76875983,0.75962021,0.77146343,0.76598102,0.78585994,0.76009797,2021,3,0.76615385,0.61299112,0.71614428,0.66655822
"2021_03_CIN_PIT",0.57055399,0.57292927,0.56098535,0.56759399,0.49854797,0.56079023,2021,3,0.56865564,0.65793621,0.66098879,0.65946415
"2021_03_IND_TEN",0.64100677,0.63907207,0.64332398,0.64554286,0.62059534,0.63835871,2021,3,0.64550898,0.55698182,0.60760628,0.58251142
"2021_03_LAC_KC",0.71574452,0.72188473,0.7137425,0.7115562,0.76468009,0.70561189,2021,3,0.71152582,0.69628029,0.67305944,0.68478525
"2021_03_NO_NE",0.5591187,0.56503668,0.56864038,0.57583588,0.57781392,0.56818397,2021,3,0.57579972,0.44175113,0.45753415,0.44962996
"2021_03_WAS_BUF",0.75252239,0.75725957,0.74935512,0.74518311,0.82622069,0.74280136,2021,3,0.74515498,0.73650117,0.71672601,0.72672519
"2021_03_MIA_LV",0.64444966,0.62938955,0.64068108,0.6420455,0.52277601,0.63641397,2021,3,0.64303927,0.58851234,0.71012018,0.6517847
"2021_03_NYJ_DEN",0.83743969,0.83207845,0.83783869,0.83001673,0.89327073,0.82556118,2021,3,0.82999585,0.72074705,0.78355143,0.75349256
"2021_03_SEA_MIN",0.45324532,0.43714616,0.45274922,0.46621281,0.48149776,0.45872028,2021,3,0.46728972,0.41220164,0.56342761,0.48752925
"2021_03_TB_LA",0.48410207,0.48116002,0.48508826,0.49771404,0.44984299,0.48990123,2021,3,0.49767701,0.4603059,0.52433241,0.49228753
"2021_03_GB_SF",0.61563944,0.60743171,0.62158183,0.62523621,0.62478435,0.61788409,2021,3,0.6252015,0.47252911,0.57626784,0.52466455
"2021_03_PHI_DAL",0.63118866,0.63539347,0.63391221,0.63674986,0.64538538,0.62948977,2021,3,0.63671561,0.56685708,0.57578348,0.57132608
"2021_04_JAX_CIN",0.77419432,0.7731452,0.77052373,0.76472306,0.8018567,0.75888394,2021,4,0.76508451,0.7413144,0.7601406,0.75084629
"2021_04_CAR_DAL",0.6507591,0.64890839,0.6582817,0.65766633,0.62209111,0.65067,2021,4,0.65956512,0.49584101,0.55775261,0.52690022
"2021_04_CLE_MIN",0.48733392,0.48486875,0.48827799,0.50246686,0.55230904,0.49450084,2021,4,0.50115314,0.46434864,0.52590201,0.49510678
"2021_04_DET_CHI",0.58167807,0.59350957,0.5757598,0.58222753,0.49927625,0.57438005,2021,4,0.58271638,0.65918364,0.60311786,0.63159508
"2021_04_HOU_BUF",0.9181222,0.91590541,0.91927303,0.91109884,0.84528691,0.90786617,2021,4,0.91071429,0.79683762,0.83591022,0.81718285
"2021_04_IND_MIA",0.56455114,0.57966366,0.56832769,0.57728601,0.58909571,0.569129,2021,4,0.57579972,0.54718721,0.48310693,0.51520958
"2021_04_KC_PHI",0.22554038,0.22326997,0.22191741,0.24667057,0.30192077,0.2388752,2021,4,0.24521583,0.3350018,0.40302606,0.36835967
"2021_04_NYG_NO",0.76189475,0.76336102,0.75307032,0.74976045,0.83415508,0.74289922,2021,4,0.74853552,0.79815851,0.79096481,0.794585
"2021_04_TEN_NYJ",0.28875382,0.29817097,0.29575267,0.31764725,0.24641074,0.31071366,2021,4,0.31808312,0.29054379,0.28212406,0.28631539
"2021_04_WAS_ATL",0.46102015,0.47476921,0.45905826,0.47301561,0.54352427,0.46585533,2021,4,0.47377844,0.53783943,0.4807031,0.50930164
"2021_04_ARI_LA",0.64832375,0.65508441,0.64752574,0.64907497,0.62187403,0.64171048,2021,4,0.64953271,0.63259882,0.61256764,0.62263559
"2021_04_SEA_SF",0.55122067,0.54010427,0.54780868,0.56009591,0.54169136,0.54876014,2021,4,0.55669711,0.52959671,0.63783264,0.58473636
"2021_04_BAL_DEN",0.51437391,0.5164122,0.51745264,0.52764136,0.59478241,0.52160712,2021,4,0.52840393,0.47385504,0.5058844,0.48985931
"2021_04_PIT_GB",0.7209741,0.71135265,0.71573128,0.71099198,0.70606542,0.70572224,2021,4,0.71333598,0.68339575,0.76309498,0.72503426
"2021_04_TB_NE",0.27658642,0.28987761,0.27845258,0.30076912,0.32169223,0.29453966,2021,4,0.30119204,0.36022698,0.3103955,0.33485109
"2021_04_LV_LAC",0.59277903,0.58973438,0.59521457,0.60033756,0.53700209,0.59259225,2021,4,0.60081977,0.51726714,0.57975901,0.5487051
"2021_05_LA_SEA",0.42435294,0.4325925,0.42178506,0.43763751,0.41691566,0.43039989,2021,5,0.43949878,0.50730516,0.48658207,0.4969423
"2021_05_NYJ_ATL",0.58412533,0.58627557,0.58287292,0.5900355,0.52622139,0.58262025,2021,5,0.5900444,0.57778455,0.59513392,0.58648607
"2021_05_DEN_PIT",0.44218249,0.45834069,0.4423825,0.46040562,0.4787876,0.44972526,2021,5,0.45890355,0.509911,0.43649857,0.47305917
"2021_05_DET_MIN",0.7905171,0.78138748,0.78843106,0.78255504,0.7606622,0.77619552,2021,5,0.78256124,0.70529163,0.79127397,0.75075133
"2021_05_GB_CIN",0.44006537,0.43988238,0.44583247,0.46213832,0.48230186,0.45295857,2021,5,0.46214743,0.37352371,0.42952986,0.40120434
"2021_05_MIA_TB",0.8338937,0.82242793,0.83072768,0.82300788,0.7913413,0.81770179,2021,5,0.82315592,0.75293847,0.8493219,0.80562346
"2021_05_NE_HOU",0.2314002,0.24129397,0.22624864,0.24882387,0.24958709,0.24335753,2021,5,0.25023941,0.4352936,0.38136442,0.40805226
"2021_05_NO_WAS",0.42616623,0.43389251,0.43200048,0.44912195,0.48298526,0.43998926,2021,5,0.44913103,0.39058703,0.39106407,0.39082552
"2021_05_PHI_CAR",0.56762148,0.57308843,0.55907903,0.56606549,0.47904721,0.55881443,2021,5,0.56792132,0.67301237,0.65451923,0.66382856
"2021_05_TEN_JAX",0.3324744,0.32918963,0.33903961,0.36072043,0.45938253,0.35223595,2021,5,0.3607289,0.27502346,0.35566951,0.31394363
"2021_05_CHI_LV",0.69102893,0.68540636,0.69137079,0.69106001,0.68487877,0.68310821,2021,5,0.69106783,0.6026946,0.67501066,0.63964432
"2021_05_CLE_LAC",0.53827557,0.54164234,0.53985735,0.55002731,0.53824979,0.54085726,2021,5,0.55003635,0.51074345,0.52859204,0.51967402
"2021_05_NYG_DAL",0.752284,0.74731455,0.75177046,0.74778259,0.75676012,0.74074308,2021,5,0.74778953,0.66559954,0.7267213,0.69703111
"2021_05_SF_ARI",0.70649281,0.71724907,0.70772065,0.70636082,0.67039263,0.69863112,2021,5,0.70636844,0.66719068,0.60828642,0.63825782
"2021_05_BUF_KC",0.54279391,0.55506888,0.54906663,0.5585981,0.55495483,0.54945969,2021,5,0.55860716,0.4817794,0.4435123,0.46259076
"2021_05_IND_BAL",0.7624834,0.75532963,0.7624701,0.75789851,0.7828334,0.75104732,2021,5,0.75790524,0.65569068,0.73655477,0.69765236
"2021_06_TB_PHI",0.25658849,0.264095,0.26250109,0.28764743,0.29526645,0.27980789,2021,6,0.28766575,0.26706872,0.26543675,0.26625194
"2021_06_MIA_JAX",0.43960236,0.42306293,0.44715953,0.46421868,0.47015443,0.45463815,2021,6,0.4642409,0.30181108,0.47619595,0.38532931
"2021_06_CIN_DET",0.33379198,0.34216426,0.3364361,0.3608278,0.41066477,0.35061047,2021,6,0.35946425,0.37415281,0.36174245,0.36792576
"2021_06_GB_CHI",0.29830493,0.3108002,0.29904085,0.32467818,0.31376877,0.31498002,2021,6,0.3233821,0.39178084,0.34040684,0.36571194
"2021_06_HOU_IND",0.79719787,0.79189901,0.79743929,0.79059428,0.77767372,0.78413603,2021,6,0.79060909,0.68633184,0.75340581,0.72110368
"2021_06_KC_WAS",0.27923853,0.27683228,0.27627909,0.29952711,0.24670264,0.29311674,2021,6,0.30119204,0.3691365,0.43698554,0.40259502
"2021_06_LAC_BAL",0.60639768,0.60057509,0.6024786,0.60655439,0.49393106,0.5991939,2021,6,0.60844349,0.59742485,0.66546667,0.632103
"2021_06_LA_NYG",0.2289643,0.23169262,0.2301719,0.2554504,0.25904751,0.2483264,2021,6,0.25561395,0.29015636,0.31820698,0.30399948
"2021_06_MIN_CAR",0.42896802,0.43533211,0.4227933,0.43944028,0.40838358,0.43188171,2021,6,0.44139284,0.5498276,0.53497071,0.54240858
"2021_06_ARI_CLE",0.56073507,0.56165218,0.56528941,0.57401359,0.55383378,0.56455475,2021,6,0.57403544,0.48033743,0.51993431,0.50013608
"2021_06_DAL_NE",0.33976781,0.36108653,0.33952225,0.36379176,0.43599162,0.35353691,2021,6,0.36242335,0.47050456,0.34984334,0.4088012
"2021_06_LV_DEN",0.64981692,0.63929823,0.65235277,0.65460557,0.65047246,0.64583208,2021,6,0.65462575,0.52209607,0.64208773,0.58332537
"2021_06_SEA_PIT",0.65156275,0.65855221,0.66129759,0.66290259,0.62108558,0.65422856,2021,6,0.66292256,0.49274788,0.48736072,0.49005401
"2021_06_BUF_TEN",0.28585957,0.29952625,0.28930955,0.31519377,0.27903944,0.30565069,2021,6,0.31391796,0.34832489,0.29475864,0.32095273
"2021_07_DEN_CLE",0.52872445,0.54312041,0.52240706,0.53630745,0.48347521,0.52475993,2021,7,0.53483477,0.65263114,0.57148015,0.61283832
"2021_07_ATL_MIA",0.43203991,0.44654514,0.4310699,0.45142943,0.45256037,0.43997539,2021,7,0.44996365,0.51822831,0.4466558,0.48235154
"2021_07_CAR_NYG",0.38738327,0.39002441,0.38675568,0.40808713,0.431252,0.398587,2021,7,0.40832074,0.43552843,0.46007595,0.44777037
"2021_07_CIN_BAL",0.7180005,0.71754665,0.71274196,0.71192873,0.75546676,0.70481342,2021,7,0.71071295,0.72481611,0.74039032,0.73267524
"2021_07_KC_TEN",0.32379199,0.32489237,0.31673107,0.33978435,0.29999372,0.33253178,2021,7,0.34156856,0.4833397,0.50962499,0.49647991
"2021_07_NYJ_NE",0.73515366,0.74085754,0.73423908,0.73074687,0.7679649,0.72273314,2021,7,0.73076435,0.70314595,0.67474549,0.68912371
"2021_07_WAS_GB",0.78673228,0.7878355,0.78121047,0.77594757,0.77232796,0.76778388,2021,7,0.77491656,0.7944628,0.79056713,0.79252172
"2021_07_DET_LA",0.91105989,0.90722312,0.90856978,0.89890051,0.81228131,0.89517356,2021,7,0.89890857,0.86048005,0.89625512,0.87950877
"2021_07_PHI_LV",0.50313358,0.5084983,0.49230576,0.50498599,0.4081448,0.49686095,2021,7,0.50697156,0.66017008,0.64039004,0.65034473
"2021_07_CHI_TB",0.85084433,0.83783128,0.84787435,0.83863622,0.79050899,0.83322221,2021,7,0.838767,0.75241119,0.87065408,0.81893283
"2021_07_HOU_ARI",0.92998421,0.92582678,0.92937782,0.92022789,0.81658077,0.91721474,2021,7,0.92023439,0.83866742,0.89416881,0.86889204
"2021_07_IND_SF",0.60484061,0.59336569,0.60700698,0.61286169,0.57153672,0.60324438,2021,7,0.6128828,0.49011166,0.62064351,0.55634984
"2021_07_NO_SEA",0.28986614,0.31030239,0.29015982,0.31713143,0.28796464,0.30717684,2021,7,0.31585064,0.43029858,0.30528151,0.36552743
"2021_08_GB_ARI",0.7131289,0.7054242,0.71831928,0.71568173,0.7461856,0.70772585,2021,8,0.71571731,0.54204661,0.64966616,0.59702353
"2021_08_CAR_ATL",0.54236029,0.54610108,0.53927907,0.55147463,0.53018898,0.54037838,2021,8,0.55003635,0.57331827,0.57730611,0.57531341
"2021_08_CIN_NYJ",0.16497187,0.16732614,0.16463927,0.18886402,0.21952145,0.18375627,2021,8,0.18967072,0.25983144,0.28291883,0.27122092
"2021_08_LA_HOU",0.09619861,0.10475635,0.09706265,0.1171347,0.22352026,0.11369495,2021,8,0.11767949,0.21268157,0.14834451,0.17825123
"2021_08_MIA_BUF",0.89304671,0.88585871,0.88991141,0.88012058,0.83442307,0.87596866,2021,8,0.88013905,0.82114613,0.89010264,0.85911526
"2021_08_PHI_DET",0.36639258,0.37134853,0.36644113,0.38911998,0.46536872,0.38095847,2021,8,0.38858601,0.42091146,0.4277488,0.42432651
"2021_08_PIT_CLE",0.67080682,0.66237268,0.67035777,0.67109472,0.65834558,0.66247955,2021,8,0.67113326,0.58492192,0.68188844,0.63477056
"2021_08_SF_CHI",0.32064846,0.35199594,0.31609001,0.34174132,0.36728388,0.33174386,2021,8,0.34043488,0.56227364,0.33611155,0.44642194
"2021_08_TEN_IND",0.58808838,0.58790834,0.59365889,0.60020405,0.57329285,0.5908641,2021,8,0.600246,0.48945596,0.53645518,0.51298427
"2021_08_JAX_SEA",0.64782614,0.66397503,0.63729179,0.64187312,0.60487956,0.63030117,2021,8,0.64053575,0.76880448,0.66720505,0.72082789
"2021_08_NE_LAC",0.62695851,0.62939836,0.62558719,0.62968099,0.56970704,0.61936219,2021,8,0.6297217,0.609114,0.61956009,0.61435021
"2021_08_TB_NO",0.34158432,0.35398838,0.34033494,0.36505616,0.42029336,0.35474421,2021,8,0.36370984,0.45088032,0.39301644,0.42167957
"2021_08_WAS_DEN",0.63680638,0.630272,0.63592338,0.63923079,0.61965841,0.6302409,2021,8,0.6392711,0.57397997,0.65611282,0.61587207
"2021_08_DAL_MIN",0.65717137,0.65360921,0.66691146,0.66790134,0.67633182,0.659245,2021,8,0.66794008,0.46720148,0.54787083,0.50758553
"2021_08_NYG_KC",0.82254177,0.82091167,0.82374518,0.81535834,0.83573914,0.80944897,2021,8,0.81538462,0.71050287,0.74615458,0.72869615
"2021_09_NYJ_IND",0.81716812,0.82215254,0.81664016,0.809973,0.77888966,0.80340668,2021,9,0.80997847,0.76489742,0.73063984,0.74815485
"2021_09_ATL_NO",0.7258951,0.73258896,0.71521267,0.71326655,0.67893153,0.70545294,2021,9,0.71413406,0.78633342,0.74546881,0.76652226
"2021_09_BUF_JAX",0.08903618,0.09089582,0.09157607,0.1103171,0.26488501,0.10665184,2021,9,0.11073452,0.13680952,0.15628876,0.14628066
"2021_09_CLE_CIN",0.54222892,0.54144058,0.53854589,0.54898536,0.47600189,0.53958476,2021,9,0.55003635,0.55717653,0.59547098,0.57643853
"2021_09_DEN_DAL",0.80259818,0.80103703,0.80321411,0.79713249,0.77882999,0.79023742,2021,9,0.79713828,0.70545832,0.73963083,0.72286925
"2021_09_HOU_MIA",0.6286473,0.63551325,0.62827132,0.63324356,0.62666136,0.62340975,2021,9,0.63325183,0.61624696,0.59348349,0.60492209
"2021_09_LV_NYG",0.38349835,0.3971858,0.39079339,0.41159472,0.44748637,0.40143539,2021,9,0.41160329,0.3949405,0.34575553,0.37001082
"2021_09_MIN_BAL",0.73436551,0.73340409,0.73389923,0.73162115,0.76190716,0.72327239,2021,9,0.73162812,0.66533659,0.69658063,0.68116215
"2021_09_NE_CAR",0.36370677,0.36072654,0.35652137,0.37795559,0.37881315,0.36908702,2021,9,0.37895431,0.46217427,0.52372461,0.49292262
"2021_09_LAC_PHI",0.48040542,0.46966474,0.48230905,0.49964571,0.45449319,0.48578547,2021,9,0.49767701,0.42182707,0.5488652,0.48510555
"2021_09_ARI_SF",0.66143865,0.65176554,0.68172351,0.68289256,0.66793376,0.67370404,2021,9,0.68290028,0.34921244,0.49300193,0.41939719
"2021_09_GB_KC",0.72543635,0.72143507,0.74391086,0.74101806,0.76713771,0.73285487,2021,9,0.74102485,0.41269347,0.51320305,0.462568
"2021_09_TEN_LA",0.75339047,0.7492314,0.7586588,0.75489539,0.75906676,0.7470203,2021,9,0.75490196,0.59545081,0.66921844,0.6331139
"2021_09_CHI_PIT",0.73493227,0.73283315,0.73464523,0.73232073,0.78176904,0.72529011,2021,9,0.73232769,0.65874537,0.70011058,0.67978117
"2021_10_BAL_MIA",0.20512089,0.21136429,0.20472914,0.22646873,0.2324613,0.22005595,2021,10,0.22775867,0.30915031,0.30046665,0.30479112
"2021_10_ATL_DAL",0.77527559,0.76798559,0.77593989,0.77316827,0.78052813,0.76538018,2021,10,0.77324681,0.6581826,0.74173312,0.70163607
"2021_10_BUF_NYJ",0.1323874,0.13289796,0.13411038,0.15441352,0.23274969,0.14882567,2021,10,0.15452908,0.18645062,0.22780557,0.20636257
"2021_10_CLE_NE",0.54088471,0.548873,0.54317109,0.55466014,0.52974218,0.54379653,2021,10,0.55477086,0.52759211,0.5128756,0.52023825
"2021_10_DET_PIT",0.76926228,0.7814603,0.76107736,0.76027787,0.76154119,0.75095436,2021,10,0.75915247,0.82523913,0.74636461,0.78847967
"2021_10_JAX_IND",0.7984375,0.79772829,0.79169809,0.78926706,0.77875841,0.78187777,2021,10,0.78823977,0.79631057,0.80495714,0.80066906
"2021_10_NO_TEN",0.5744289,0.5707198,0.57118246,0.57921797,0.48630327,0.57017928,2021,10,0.58100796,0.56858608,0.62455586,0.59688628
"2021_10_TB_WAS",0.18377581,0.19119807,0.18863888,0.21235397,0.28595078,0.20403086,2021,10,0.21132463,0.22662465,0.21743458,0.22199563
"2021_10_CAR_ARI",0.75703444,0.75577212,0.74560479,0.74435294,0.72507811,0.73599826,2021,10,0.7445212,0.80189121,0.80980348,0.80587795
"2021_10_MIN_LAC",0.61806004,0.62930651,0.6184276,0.62509644,0.59007347,0.61475767,2021,10,0.6252015,0.6151168,0.56690261,0.59122906
"2021_10_PHI_DEN",0.5100009,0.51784449,0.49970045,0.51372707,0.44575423,0.5028692,2021,10,0.51394808,0.63586745,0.60490489,0.62050882
"2021_10_SEA_GB",0.61374294,0.62035324,0.60368419,0.61120379,0.53608894,0.60083126,2021,10,0.61141399,0.70078585,0.67271292,0.6869206
"2021_10_KC_LV",0.40376468,0.38881187,0.39948985,0.41877669,0.40127736,0.40824085,2021,10,0.41899204,0.41953191,0.56764033,0.49344224
"2021_10_LA_SF",0.35553138,0.34776845,0.35633617,0.37583366,0.3776384,0.36719913,2021,10,0.37755909,0.35594588,0.46207837,0.4079392
"2021_11_NE_ATL",0.23454328,0.24340996,0.23435928,0.25527987,0.28512374,0.2475698,2021,11,0.2554788,0.33797312,0.3123298,0.32502035
"2021_11_BAL_CHI",0.30508539,0.30967249,0.30477737,0.32386777,0.31072637,0.31627909,2021,11,0.32543375,0.37558349,0.38796113,0.38175312
"2021_11_DET_CLE",0.83410389,0.83989843,0.83265575,0.82845646,0.80046159,0.82245544,2021,11,0.82850752,0.80086847,0.76078712,0.78148912
"2021_11_GB_MIN",0.46345044,0.45678529,0.47129068,0.48596221,0.50506461,0.47556434,2021,11,0.48605192,0.35081267,0.45098153,0.39985068
"2021_11_HOU_TEN",0.80784821,0.81911969,0.79972054,0.79779857,0.76291692,0.79101514,2021,11,0.79679941,0.86926497,0.79680663,0.83623328
"2021_11_IND_BUF",0.74345332,0.73057456,0.74037909,0.7388519,0.72317916,0.73206759,2021,11,0.74022761,0.66771137,0.77464999,0.72438225
"2021_11_MIA_NYJ",0.35082464,0.35035884,0.35254241,0.37040985,0.40482262,0.36231499,2021,11,0.37207701,0.36417975,0.41725489,0.39039302
"2021_11_NO_PHI",0.5566502,0.53918161,0.56611972,0.57571203,0.54919487,0.5655064,2021,11,0.57579972,0.35626028,0.53113431,0.44189689
"2021_11_SF_JAX",0.25922201,0.26400161,0.26217746,0.2845642,0.29753619,0.27379006,2021,11,0.28330718,0.29559029,0.31150434,0.30348846
"2021_11_WAS_CAR",0.61245423,0.61066391,0.60908943,0.61621118,0.55361879,0.6063136,2021,11,0.61629613,0.611029,0.64908233,0.63025799
"2021_11_CIN_LV",0.44831821,0.45539517,0.44496036,0.45919815,0.42823517,0.45055155,2021,11,0.46097238,0.52545537,0.51252736,0.51899454
"2021_11_ARI_SEA",0.56469803,0.57131525,0.57594271,0.58497506,0.55476367,0.57482772,2021,11,0.58506224,0.41956575,0.43275407,0.42614678
"2021_11_DAL_KC",0.55073988,0.571238,0.54907826,0.56124306,0.53707892,0.54934191,2021,11,0.55972003,0.62098828,0.51396999,0.56827577
"2021_11_PIT_LAC",0.68777988,0.68127385,0.69353217,0.69581723,0.64279222,0.6869296,2021,11,0.69589326,0.52224511,0.61628668,0.56989625
"2021_11_NYG_TB",0.82126859,0.80997211,0.81832115,0.81461883,0.81246793,0.80824574,2021,11,0.81467305,0.73904782,0.83296985,0.78983386
"2021_12_CHI_DET",0.42951887,0.43048173,0.43492398,0.45217502,0.47435555,0.44103525,2021,12,0.45225634,0.36500799,0.41295092,0.38871035
"2021_12_LV_DAL",0.73693654,0.73552331,0.73612805,0.73668808,0.75729507,0.72785169,2021,12,0.73675175,0.67805986,0.71031414,0.69442525
"2021_12_BUF_NO",0.27322117,0.29181717,0.26841724,0.29008693,0.26330075,0.28104527,2021,12,0.29030993,0.50195225,0.37590111,0.4379252
"2021_12_ATL_JAX",0.46006517,0.44751707,0.46085372,0.47671279,0.45987502,0.46566979,2021,12,0.47698281,0.40897356,0.54480225,0.47645252
"2021_12_CAR_MIA",0.45625167,0.46796117,0.45292615,0.46916363,0.45230356,0.45814244,2021,12,0.46943325,0.55946307,0.50864622,0.53414323
"2021_12_NYJ_HOU",0.56082446,0.56254969,0.55497628,0.56423378,0.45993999,0.55490517,2021,12,0.56608933,0.63441257,0.64396781,0.63920397
"2021_12_PHI_NYG",0.33800691,0.35890881,0.33869397,0.36084142,0.43503702,0.3490782,2021,12,0.35946425,0.44840782,0.33761815,0.39161796
"2021_12_PIT_CIN",0.60985199,0.59860582,0.60829648,0.61604011,0.51579028,0.60550423,2021,12,0.61629613,0.55621247,0.66651348,0.61280805
"2021_12_TB_IND",0.39713941,0.42055258,0.39667495,0.41704091,0.46515566,0.4046054,2021,12,0.41558875,0.51726066,0.38741803,0.45151429
"2021_12_TEN_NE",0.72719781,0.71699969,0.73071319,0.73156369,0.74172902,0.72262006,2021,12,0.73162812,0.55102089,0.67484255,0.61478787
"2021_12_LAC_DEN",0.41379525,0.40575435,0.4111933,0.42927119,0.43108788,0.41844839,2021,12,0.42953642,0.44566539,0.54464867,0.49510911
"2021_12_LA_GB",0.46182641,0.46691272,0.45192982,0.46821424,0.43727061,0.45719617,2021,12,0.46848382,0.63990282,0.62243388,0.63121135
"2021_12_MIN_SF",0.62258143,0.61500827,0.62350821,0.63052964,0.57361007,0.61996857,2021,12,0.63060617,0.53817,0.63024861,0.58495077
"2021_12_CLE_BAL",0.58707268,0.58872394,0.58450708,0.59534919,0.53252667,0.5829132,2021,12,0.59390863,0.60325974,0.619652,0.6114874
"2021_12_SEA_WAS",0.44036935,0.43421325,0.43460392,0.45168242,0.41148031,0.43943691,2021,12,0.45195052,0.52211609,0.59614796,0.55946257
"2021_13_DAL_NO",0.29138126,0.30283492,0.28122621,0.30049506,0.27168041,0.29304436,2021,13,0.30207871,0.55982989,0.48304548,0.52156506
"2021_13_ARI_CHI",0.21318612,0.22133661,0.21376749,0.23432191,0.26011613,0.22681143,2021,13,0.23448112,0.3078699,0.28243441,0.29499274
"2021_13_IND_HOU",0.19923591,0.20021579,0.20047101,0.21966189,0.24916416,0.21360341,2021,13,0.2209541,0.2525594,0.29288789,0.27225653
"2021_13_LAC_CIN",0.56471949,0.56940497,0.56016753,0.56861925,0.50002259,0.5598412,2021,13,0.57046358,0.61955677,0.61170016,0.61563601
"2021_13_MIN_DET",0.24957917,0.24667246,0.25272016,0.27221456,0.27989754,0.26519923,2021,13,0.27370749,0.25255691,0.32853643,0.28906759
"2021_13_NYG_MIA",0.72219375,0.7151854,0.72348045,0.72457123,0.73168814,0.71594504,2021,13,0.72465301,0.60684646,0.69429015,0.65184625
"2021_13_PHI_NYJ",0.32703457,0.34045027,0.33163803,0.35302269,0.46425366,0.34187859,2021,13,0.35166955,0.3564372,0.3102803,0.33295828
"2021_13_TB_ATL",0.1761673,0.18934824,0.17913378,0.20002966,0.3228544,0.19332039,2021,13,0.19908249,0.257771,0.1925202,0.22345378
"2021_13_JAX_LA",0.86645373,0.87264969,0.86558606,0.8609094,0.78829247,0.85570289,2021,13,0.86095852,0.83251003,0.77658518,0.80607401
"2021_13_WAS_LV",0.53724381,0.53574251,0.53646028,0.54794788,0.51578748,0.53732236,2021,13,0.54804948,0.5261143,0.57382087,0.55008272
"2021_13_BAL_PIT",0.33435714,0.3458204,0.3357871,0.35708183,0.4486689,0.3458781,2021,13,0.35572169,0.40037454,0.36008988,0.38002563
"2021_13_SF_SEA",0.41099195,0.43125309,0.41659372,0.43381,0.48865303,0.42332505,2021,13,0.43391067,0.43004455,0.33768177,0.38280583
"2021_13_DEN_KC",0.77299543,0.77670282,0.77195542,0.77064425,0.75181586,0.76298905,2021,13,0.77071671,0.73163838,0.71729258,0.72452335
"2021_13_NE_BUF",0.57332521,0.56010536,0.56950783,0.57745129,0.49471655,0.56871666,2021,13,0.57928581,0.54978525,0.67177535,0.61254303
"2021_14_PIT_MIN",0.61625298,0.59487749,0.61321451,0.6188305,0.5175603,0.61022248,2021,14,0.62055881,0.55013975,0.72268756,0.64096012
"2021_14_ATL_CAR",0.55724733,0.54295623,0.55152305,0.56057382,0.4708167,0.55160345,2021,14,0.56237947,0.5787613,0.69604377,0.6394804
"2021_14_BAL_CLE",0.5718892,0.56316518,0.57555769,0.58495378,0.53115427,0.57442209,2021,14,0.58506224,0.4510767,0.56159598,0.50641471
"2021_14_DAL_WAS",0.26491176,0.27034601,0.25972427,0.27950186,0.25761771,0.27224272,2021,14,0.28098109,0.45219194,0.43758426,0.44487619
"2021_14_JAX_TEN",0.77916192,0.78375478,0.77086782,0.76949245,0.71234632,0.76175892,2021,14,0.76959403,0.85315378,0.82352272,0.83888787
"2021_14_LV_KC",0.7951808,0.80463854,0.79376738,0.79138529,0.77522492,0.78415891,2021,14,0.79145902,0.78499276,0.71833892,0.75317535
"2021_14_NO_NYJ",0.33272779,0.33025637,0.33680429,0.35685816,0.46839449,0.34699979,2021,14,0.35696073,0.29792464,0.36965872,0.33282386
"2021_14_SEA_HOU",0.20402945,0.21057369,0.20271479,0.22342758,0.23335172,0.21603856,2021,14,0.223527,0.33186225,0.31381999,0.32277514
"2021_14_DET_DEN",0.84082702,0.84170534,0.84123561,0.83708525,0.82222062,0.83110409,2021,14,0.83714618,0.7549852,0.7620454,0.75853289
"2021_14_NYG_LAC",0.77641324,0.7650052,0.77541264,0.773848,0.76393199,0.76736852,2021,14,0.77392615,0.67208063,0.78117238,0.73008642
"2021_14_BUF_TB",0.62112338,0.62098144,0.6200815,0.62692457,0.56217289,0.61676018,2021,14,0.62702911,0.59852775,0.62922757,0.61399098
"2021_14_SF_CIN",0.43375099,0.44775817,0.43227682,0.45061687,0.46172878,0.43835138,2021,14,0.44913103,0.52461713,0.46093007,0.49274416
"2021_14_CHI_GB",0.84572545,0.83948697,0.84206147,0.8369481,0.79516852,0.83192805,2021,14,0.83794641,0.81324868,0.8604999,0.83826209
"2021_14_LA_ARI",0.61189229,0.61289975,0.60869073,0.61771488,0.55138016,0.60591742,2021,14,0.61629613,0.63186542,0.64868759,0.64031961
"2021_15_KC_LAC",0.36275325,0.35486144,0.36165023,0.38050738,0.39551541,0.37194869,2021,15,0.38227263,0.38658367,0.49378976,0.43948094
"2021_15_NE_IND",0.49296159,0.49149154,0.49370396,0.50796402,0.50044459,0.49708897,2021,15,0.50807643,0.47186006,0.52551126,0.49868187
"2021_15_ARI_DET",0.14030831,0.14248057,0.14248496,0.16276585,0.28394675,0.15697846,2021,15,0.16288307,0.17747386,0.20238697,0.1896172
"2021_15_CAR_BUF",0.85932193,0.85901637,0.85933431,0.85355163,0.81791091,0.8480296,2021,15,0.85360781,0.77536957,0.79073786,0.78315214
"2021_15_DAL_NYG",0.16461097,0.17140709,0.16226849,0.18246208,0.2319095,0.17708461,2021,15,0.18358081,0.33684046,0.29976278,0.3180133
"2021_15_HOU_JAX",0.69343256,0.67933527,0.6981291,0.69982487,0.67011243,0.69060748,2021,15,0.69991931,0.48017519,0.64454739,0.56412191
"2021_15_NYJ_MIA",0.80013584,0.7964653,0.7953081,0.79064572,0.70499551,0.78454488,2021,15,0.79188147,0.79992763,0.82825228,0.81450711
"2021_15_TEN_PIT",0.51291511,0.52105768,0.52085304,0.53353512,0.52654046,0.52269418,2021,15,0.53364705,0.39888492,0.39737042,0.39812743
"2021_15_ATL_SF",0.77190806,0.76202944,0.77060919,0.76828212,0.75946677,0.76044725,2021,15,0.76836213,0.68005412,0.77807443,0.73189342
"2021_15_CIN_DEN",0.58374023,0.58213348,0.58440953,0.59319293,0.5315758,0.58265391,2021,15,0.59330144,0.53624464,0.58583545,0.56119282
"2021_15_GB_BAL",0.22370762,0.23268454,0.22051311,0.24308296,0.24538782,0.23524217,2021,15,0.24324122,0.4065244,0.35672311,0.38131186
"2021_15_NO_TB",0.81717947,0.8137151,0.8168425,0.81243491,0.78828663,0.80571543,2021,15,0.81250341,0.72769285,0.77525979,0.75224109
"2021_15_LV_CLE",0.41445071,0.4156459,0.40206492,0.42088249,0.41024145,0.40890321,2021,15,0.42109211,0.65597895,0.65783675,0.65690845
"2021_15_MIN_CHI",0.23833567,0.25226257,0.23693496,0.25960705,0.25546944,0.25141032,2021,15,0.25977239,0.39771879,0.31292801,0.35417839
"2021_15_SEA_LA",0.75680653,0.75099714,0.75764636,0.75598305,0.75765848,0.74786881,2021,15,0.75606597,0.64090903,0.7177163,0.68053614
"2021_15_WAS_PHI",0.79774128,0.79055419,0.80170799,0.79792529,0.77724862,0.79183914,2021,15,0.79799785,0.58603839,0.69802388,0.64399788
"2021_16_SF_TEN",0.36651461,0.38240846,0.36381794,0.38398772,0.40812358,0.37364915,2021,16,0.38421187,0.52847474,0.44041779,0.4843246
"2021_16_CLE_GB",0.78647333,0.78361905,0.78475103,0.78225976,0.78294921,0.77459179,2021,16,0.78233192,0.74471783,0.77874679,0.7621507
"2021_16_IND_ARI",0.58710858,0.57743701,0.59107283,0.59973264,0.54989862,0.58901395,2021,16,0.59983441,0.42698109,0.54973213,0.48817839
"2021_16_BAL_CIN",0.75618432,0.75746193,0.76293019,0.76150584,0.75626332,0.75333748,2021,16,0.76158281,0.48847079,0.5341473,0.5113327
"2021_16_BUF_NE",0.50521486,0.51587601,0.50443871,0.51986438,0.48578572,0.50710835,2021,16,0.51832178,0.55591186,0.51476971,0.53540101
"2021_16_DET_ATL",0.76165052,0.769826,0.76477188,0.76325423,0.77074814,0.75512647,2021,16,0.76333078,0.63859979,0.59819388,0.61860199
"2021_16_JAX_NYJ",0.53284855,0.54623261,0.53076788,0.54468012,0.52739954,0.53362621,2021,16,0.54314721,0.61407181,0.54806284,0.58143176
"2021_16_LAC_HOU",0.14104155,0.15429567,0.14108861,0.1608621,0.23561859,0.15501925,2021,16,0.16099006,0.28709906,0.19190739,0.23620678
"2021_16_LA_MIN",0.35862562,0.36046878,0.35693834,0.37733641,0.40654749,0.36707024,2021,16,0.37755909,0.44293648,0.46881913,0.45584799
"2021_16_NYG_PHI",0.81586712,0.81199936,0.81652373,0.8126573,0.78768885,0.80579407,2021,16,0.81272182,0.69703273,0.75512112,0.72704095
"2021_16_TB_CAR",0.17162001,0.17563107,0.17243146,0.19355774,0.26626551,0.18679165,2021,16,0.19370569,0.23985582,0.24906943,0.24443326
"2021_16_CHI_SEA",0.73627528,0.73755729,0.73599314,0.73599291,0.75721276,0.7272637,2021,16,0.73607525,0.68155675,0.69397418,0.68779917
"2021_16_DEN_LV",0.47708816,0.48330902,0.47651999,0.49346808,0.47794175,0.48071129,2021,16,0.49192357,0.51524538,0.50865082,0.51194862
"2021_16_PIT_KC",0.77984856,0.77209541,0.77595797,0.77262491,0.74743241,0.76601143,2021,16,0.77396022,0.77269813,0.82848955,0.80207037
"2021_16_WAS_DAL",0.79629929,0.79524755,0.79596188,0.7929588,0.7829439,0.78556434,2021,16,0.79302836,0.72387795,0.75022034,0.73726158
"2021_16_MIA_NO",0.38821414,0.3874323,0.38095615,0.40051228,0.39715788,0.38848228,2021,16,0.40073983,0.5875892,0.61184654,0.59977902
"2021_17_ATL_BUF",0.87309918,0.86635571,0.87204657,0.86668009,0.83789736,0.86164181,2021,17,0.86672614,0.79527597,0.85730715,0.82850434
"2021_17_JAX_NE",0.89054839,0.89846692,0.88868576,0.88374829,0.83207315,0.87855678,2021,17,0.88310386,0.89798277,0.83354038,0.86909371
"2021_17_KC_CIN",0.35690923,0.35048945,0.35809996,0.37779588,0.42292988,0.36786394,2021,17,0.37799472,0.34362695,0.43669703,0.38915267
"2021_17_LA_BAL",0.24727707,0.25027212,0.24431744,0.26588827,0.22430393,0.25767989,2021,17,0.26605339,0.40718431,0.41786627,0.41251499
"2021_17_LV_IND",0.775672,0.78059559,0.77431041,0.77239186,0.78061134,0.76475753,2021,17,0.77246194,0.75567425,0.73385869,0.7449198
"2021_17_MIA_TEN",0.60375519,0.60136309,0.60479736,0.61236411,0.57025367,0.60212712,2021,17,0.61245873,0.53536799,0.59031212,0.56303341
"2021_17_NYG_CHI",0.71587227,0.70888705,0.71792245,0.71890432,0.73895842,0.71014915,2021,17,0.71898486,0.56971416,0.66008611,0.61589996
"2021_17_PHI_WAS",0.29462424,0.31380137,0.29561852,0.31834629,0.30763388,0.30768535,2021,17,0.31698991,0.39146992,0.30370035,0.34627848
"2021_17_TB_NYJ",0.1141732,0.11904873,0.11595117,0.13276355,0.28773087,0.1286978,2021,17,0.13363447,0.15359085,0.15352722,0.15355903
"2021_17_DEN_LAC",0.74696637,0.74238042,0.74902449,0.74835259,0.75776577,0.74018318,2021,17,0.74842767,0.60017641,0.67228061,0.63699823
"2021_17_HOU_SF",0.83472272,0.81769434,0.83266769,0.8282944,0.80532295,0.82216871,2021,17,0.82841472,0.74406998,0.86902028,0.81453897
"2021_17_ARI_DAL",0.69934226,0.70672456,0.69960266,0.70160586,0.66889369,0.69254236,2021,17,0.70168933,0.6598923,0.63488848,0.64749139
"2021_17_CAR_NO",0.71405437,0.72152258,0.71192293,0.7145955,0.71708536,0.70437687,2021,17,0.7133175,0.72891928,0.69500118,0.71225801
"2021_17_DET_SEA",0.77559799,0.78238307,0.77536113,0.77339309,0.79247016,0.76696863,2021,17,0.77346293,0.733996,0.70080072,0.71769426
"2021_17_MIN_GB",0.84926903,0.85092765,0.85025555,0.8454051,0.83332372,0.8397115,2021,17,0.84545717,0.74238692,0.74690686,0.74465346
"2021_17_CLE_PIT",0.45777118,0.48270884,0.45923107,0.47655258,0.50855917,0.46420147,2021,17,0.47499179,0.5147824,0.39642785,0.45496926
"2021_18_KC_DEN",0.15888287,0.15739652,0.15870748,0.177806,0.25477871,0.17296891,2021,18,0.17902813,0.23232237,0.29141938,0.26078891
"2021_18_DAL_PHI",0.26850873,0.26419132,0.26282258,0.2830027,0.25074065,0.27495687,2021,18,0.28469751,0.48861418,0.54896174,0.51885673
"2021_18_CHI_MIN",0.62580708,0.6263584,0.62406119,0.62979293,0.56192166,0.62031137,2021,18,0.63010204,0.63233372,0.65306057,0.64276392
"2021_18_CIN_CLE",0.68716565,0.6828188,0.69391144,0.6942206,0.65960997,0.6868536,2021,18,0.69576995,0.41213946,0.50856035,0.45997542
"2021_18_GB_DET",0.33063048,0.33522156,0.34304432,0.36172318,0.44305852,0.35380203,2021,18,0.36341238,0.13199838,0.16592949,0.14816334
"2021_18_IND_JAX",0.10935565,0.1023752,0.11031724,0.12771662,0.26921758,0.12331806,2021,18,0.12790698,0.1187949,0.23169363,0.16779549
"2021_18_PIT_BAL",0.58158885,0.56805379,0.5794565,0.58779788,0.45361274,0.57805458,2021,18,0.58821155,0.56113707,0.67700913,0.62079392
"2021_18_TEN_HOU",0.16614523,0.17201707,0.16649184,0.18685058,0.25473097,0.18083767,2021,18,0.18711019,0.2548947,0.24584683,0.25034354
"2021_18_WAS_NYG",0.29935035,0.29729555,0.29550213,0.31662029,0.24408944,0.30661802,2021,18,0.31698991,0.45653169,0.5045764,0.48050898
"2021_18_CAR_TB",0.8082237,0.80034849,0.80254945,0.79996109,0.74308783,0.79315231,2021,18,0.79884584,0.85250358,0.88619256,0.87027585
"2021_18_NE_MIA",0.29801054,0.31516473,0.29671483,0.31637585,0.28385368,0.30918663,2021,18,0.31818182,0.45487918,0.36170156,0.40745869
"2021_18_NO_ATL",0.31881311,0.31920135,0.3183888,0.33903036,0.32895854,0.33010832,2021,18,0.33941313,0.37837747,0.41993822,0.39897593
"2021_18_NYJ_BUF",0.89570324,0.89494405,0.89339938,0.88783801,0.82108623,0.88301749,2021,18,0.88726514,0.89039097,0.89249024,0.89144506
"2021_18_SEA_ARI",0.66650258,0.66560546,0.66699341,0.67014468,0.65133828,0.66114058,2021,18,0.67043778,0.597484,0.63645424,0.61715736
"2021_18_SF_LA",0.60401579,0.62488821,0.60426266,0.61287361,0.57352418,0.60153921,2021,18,0.61151079,0.63544302,0.52206376,0.57980574
"2021_18_LAC_LV",0.36079498,0.37578648,0.35902671,0.3769303,0.38211384,0.36910805,2021,18,0.37889039,0.50020677,0.4275231,0.463672
"2021_19_LV_CIN",0.68861625,0.67940295,0.68860945,0.69106126,0.65140229,0.68239228,2021,19,0.69113888,0.59860913,0.69324134,0.64736917
"2021_19_NE_BUF",0.65038143,0.6573019,0.64987726,0.65598136,0.65060288,0.64528882,2021,19,0.65453993,0.65777152,0.63524639,0.64659033
"2021_19_PHI_TB",0.75529805,0.75361823,0.75458193,0.75365931,0.7415579,0.74610149,2021,19,0.75372679,0.7260148,0.75228666,0.73936501
"2021_19_SF_DAL",0.59397382,0.59929139,0.59356865,0.60130036,0.52643967,0.59160116,2021,19,0.60138754,0.60382826,0.59794107,0.60088831
"2021_19_PIT_KC",0.84957999,0.83804017,0.84922011,0.84466255,0.82021767,0.83930139,2021,19,0.84471021,0.74571602,0.84984803,0.80292096
"2021_19_ARI_LA",0.61758148,0.63192101,0.61687791,0.62488717,0.57094359,0.61379721,2021,19,0.6233903,0.66845898,0.59681893,0.6333756
"2021_20_CIN_TEN",0.63413953,0.63526624,0.63414478,0.63920397,0.62813753,0.63016614,2021,20,0.6392711,0.5948594,0.618894,0.60694143
"2021_20_SF_GB",0.70164289,0.69680151,0.70207606,0.70332772,0.66531938,0.69474193,2021,20,0.70338844,0.59884043,0.66728132,0.63373532
"2021_20_LA_TB",0.57065525,0.55957947,0.56866702,0.57736653,0.47507003,0.56749059,2021,20,0.57754979,0.60754262,0.69697875,0.65361626
"2021_20_BUF_KC",0.55506625,0.56917091,0.55536102,0.56492335,0.52924222,0.55531925,2021,20,0.56499488,0.56746103,0.50838973,0.53805895
"2021_21_CIN_KC",0.72738604,0.72768268,0.72660507,0.72720557,0.75018436,0.71893755,2021,21,0.72727273,0.71566673,0.7294159,0.72259379
"2021_21_SF_LA",0.61381924,0.62257471,0.61425998,0.62102997,0.57892859,0.61126411,2021,21,0.62110961,0.57938166,0.55685863,0.56815537
"2021_22_LA_CIN",0.35099066,0.35809844,0.3508416,0.3681666,0.39532775,0.35970452,2021,22,0.36989796,0.42222304,0.4160491,0.41913291
"2022_01_BUF_LA",0.45865114,0.48010907,0.45848783,0.47532424,0.50130802,0.4631971,2022,1,0.47377844,0.54862723,0.44560666,0.49708601
"2022_01_BAL_NYJ",0.27383508,0.27550011,0.27317646,0.29365382,0.23811728,0.28510535,2022,1,0.29384535,0.39148716,0.41789121,0.40462018
"2022_01_CLE_CAR",0.53026008,0.53569086,0.53148302,0.5430572,0.52937979,0.5325846,2022,1,0.54314721,0.43951084,0.45583937,0.44766099
"2022_01_IND_HOU",0.25722558,0.26992715,0.25684184,0.27739498,0.26974115,0.26913947,2022,1,0.27758007,0.39798045,0.33974954,0.36838562
"2022_01_JAX_WAS",0.59143848,0.59290251,0.59022799,0.59845799,0.48277819,0.58842825,2022,1,0.59867983,0.65746025,0.66711162,0.66230284
"2022_01_NE_MIA",0.58370459,0.6020707,0.58453141,0.59321392,0.53960663,0.58300817,2022,1,0.59330144,0.55235844,0.47200845,0.51226266
"2022_01_NO_ATL",0.30333671,0.31690405,0.30304946,0.32175729,0.31865948,0.31415442,2022,1,0.3233821,0.42411595,0.36681611,0.39510583
"2022_01_PHI_DET",0.29311499,0.30330384,0.29247925,0.31276178,0.26062819,0.30389637,2022,1,0.31296024,0.43596344,0.39712964,0.41641687
"2022_01_PIT_CIN",0.7320927,0.72718706,0.73256611,0.73310888,0.76205379,0.72478462,2022,1,0.73317987,0.60641465,0.67669701,0.64232045
"2022_01_SF_CHI",0.28648592,0.29679625,0.28628172,0.30663872,0.25809076,0.29787163,2022,1,0.30683501,0.39242437,0.35906959,0.37559946
"2022_01_GB_MIN",0.5288156,0.54538097,0.53025556,0.54189467,0.52837211,0.53141844,2022,1,0.54198473,0.4586503,0.40441832,0.43132847
"2022_01_KC_ARI",0.28310285,0.28717997,0.28261701,0.30163914,0.25846168,0.29430539,2022,1,0.3032078,0.39165621,0.40144212,0.39653881
"2022_01_LV_LAC",0.62016873,0.60381491,0.61977692,0.62482566,0.52407277,0.61657164,2022,1,0.62656708,0.55742455,0.69114386,0.62670204
"2022_01_NYG_TEN",0.68375844,0.6722941,0.68208389,0.68378013,0.60957813,0.67615094,2022,1,0.68538575,0.72265922,0.79244529,0.75927515
"2022_01_TB_DAL",0.42714851,0.43110834,0.42662506,0.44146869,0.42685804,0.43284234,2022,1,0.44330289,0.49631395,0.50634831,0.50133126
"2022_01_DEN_SEA",0.2854872,0.28531694,0.28237738,0.30140254,0.25349677,0.29268615,2022,1,0.30297048,0.62202012,0.62852071,0.62527606
"2022_02_LAC_KC",0.63063116,0.63022557,0.62873819,0.63522416,0.5761053,0.62520475,2022,2,0.63542458,0.68774531,0.70474458,0.69631201
"2022_02_CAR_NYG",0.46614134,0.47549619,0.46530395,0.47855437,0.46356279,0.46950816,2022,2,0.48044542,0.54665935,0.51903514,0.53287244
"2022_02_IND_JAX",0.38353738,0.38525573,0.38521487,0.40338099,0.47528559,0.39298122,2022,2,0.40349169,0.32917422,0.37186791,0.3502212
"2022_02_MIA_BAL",0.59698065,0.59313422,0.59801345,0.60628337,0.58149028,0.59749682,2022,2,0.60639313,0.49487588,0.56462895,0.5298984
"2022_02_NE_PIT",0.39855138,0.41754106,0.39705917,0.41472781,0.4399699,0.40433122,2022,2,0.41493776,0.5691613,0.4714271,0.52049025
"2022_02_NYJ_CLE",0.68064871,0.6816368,0.67897402,0.68271297,0.60920036,0.6733271,2022,2,0.68290028,0.72030647,0.72684829,0.72358934
"2022_02_TB_NO",0.41725924,0.42663247,0.41788622,0.43489209,0.46953112,0.4242576,2022,2,0.43500512,0.4333012,0.41857636,0.42592236
"2022_02_WAS_DET",0.4647867,0.4664171,0.46530395,0.48033062,0.48984468,0.46950816,2022,2,0.48044542,0.44789697,0.48207558,0.46494512
"2022_02_ATL_LA",0.80177753,0.80258128,0.80225033,0.80006945,0.75453627,0.79303665,2022,2,0.800143,0.69757172,0.71571447,0.70672516
"2022_02_SEA_SF",0.76620376,0.77003472,0.76847727,0.76775658,0.76411504,0.75992825,2022,2,0.76783862,0.55465339,0.57115163,0.56291991
"2022_02_ARI_LV",0.66607608,0.67349772,0.66764067,0.67208302,0.6529817,0.66244761,2022,2,0.67218439,0.55192788,0.54284444,0.54739011
"2022_02_CIN_DAL",0.2530693,0.24345924,0.24921638,0.26961142,0.24724077,0.25994407,2022,2,0.26978176,0.53278184,0.6248539,0.57950922
"2022_02_HOU_DEN",0.80362954,0.78932613,0.80477159,0.80249006,0.76436329,0.79552065,2022,2,0.80256294,0.57653674,0.73985291,0.66304384
"2022_02_CHI_GB",0.78432516,0.77143512,0.78485277,0.78339964,0.75788754,0.77594469,2022,2,0.78347768,0.62000877,0.75177008,0.68972421
"2022_02_TEN_BUF",0.77503633,0.76211312,0.77485667,0.77384567,0.73988765,0.76616003,2022,2,0.77392615,0.66347453,0.77787365,0.72433491
"2022_02_MIN_PHI",0.55976251,0.55433665,0.56002615,0.57035083,0.52780449,0.5596846,2022,2,0.57046358,0.5056596,0.58016568,0.54315398
"2022_03_PIT_CLE",0.65004968,0.63743913,0.65061797,0.65572536,0.64108753,0.64632357,2022,3,0.65578528,0.53186244,0.66051251,0.5978707
"2022_03_BAL_NE",0.41317353,0.40688607,0.40931871,0.42573726,0.40926588,0.41433493,2022,3,0.42596456,0.56100221,0.62590246,0.59386206
"2022_03_BUF_MIA",0.33555155,0.35378987,0.33573187,0.35582167,0.45516691,0.34501915,2022,3,0.35449102,0.43850722,0.34696027,0.39178263
"2022_03_CIN_NYJ",0.28620479,0.28323585,0.2855561,0.30348593,0.25560281,0.29632405,2022,3,0.30508177,0.35442149,0.42170468,0.38752691
"2022_03_DET_MIN",0.7044849,0.7048746,0.70463158,0.70693874,0.64307004,0.69829202,2022,3,0.70699372,0.64023111,0.66529266,0.65286779
"2022_03_HOU_CHI",0.58771458,0.58728603,0.58635021,0.5930931,0.48322397,0.58483539,2022,3,0.59491107,0.60823429,0.63722169,0.62283783
"2022_03_KC_IND",0.33055483,0.34303342,0.33284992,0.35160902,0.46504015,0.3422331,2022,3,0.35166955,0.32823549,0.29547678,0.31162059
"2022_03_LV_TEN",0.43713925,0.4440991,0.43338027,0.44726667,0.41131857,0.43884958,2022,3,0.44913103,0.61885097,0.59043814,0.60473298
"2022_03_NO_CAR",0.44394725,0.44276052,0.44571286,0.46090645,0.48542327,0.45064162,2022,3,0.46097238,0.38467209,0.44332497,0.41369253
"2022_03_PHI_WAS",0.29504615,0.30447008,0.29421387,0.31203258,0.26570034,0.30475728,2022,3,0.31365314,0.41943146,0.38394099,0.40155724
"2022_03_JAX_LAC",0.69429794,0.69114482,0.69318706,0.69607645,0.61751145,0.68725103,2022,3,0.6961326,0.67010011,0.712448,0.69167687
"2022_03_ATL_SEA",0.49312828,0.48822641,0.48893522,0.50209063,0.4424876,0.49191122,2022,3,0.50232299,0.62953547,0.67595061,0.65310693
"2022_03_GB_TB",0.53020104,0.53884597,0.52747023,0.53715396,0.46560717,0.52866322,2022,3,0.53902762,0.64747413,0.61078612,0.62931665
"2022_03_LA_ARI",0.36816292,0.36818386,0.36716186,0.38492551,0.42186731,0.37684999,2022,3,0.3851456,0.44055933,0.47940263,0.45992011
"2022_03_SF_DEN",0.47420214,0.47413091,0.47562516,0.48954585,0.50071102,0.4792102,2022,3,0.48961219,0.42261271,0.47110778,0.44673354
"2022_03_DAL_NYG",0.5162056,0.53340031,0.52082841,0.53264421,0.54167455,0.52232971,2022,3,0.53271028,0.39320436,0.33898937,0.36567143
"2022_04_MIA_CIN",0.63054157,0.63021045,0.63189474,0.63796169,0.65315562,0.62843352,2022,4,0.63799775,0.47570352,0.52822186,0.50196812
"2022_04_MIN_NO",0.33434006,0.3299084,0.33323744,0.34999755,0.36453947,0.34137741,2022,4,0.35166955,0.45042757,0.51747078,0.48387663
"2022_04_BUF_BAL",0.36528935,0.38481547,0.3660432,0.3851079,0.49907592,0.37457516,2022,4,0.38370387,0.40433972,0.32212222,0.36222372
"2022_04_CHI_NYG",0.56517867,0.56932687,0.56633569,0.57576162,0.55086148,0.5657108,2022,4,0.57579972,0.46409992,0.48481079,0.47444436
"2022_04_CLE_ATL",0.48107684,0.48942428,0.48188235,0.49531433,0.50645494,0.48506222,2022,4,0.49535338,0.44665661,0.43847382,0.44256132
"2022_04_JAX_PHI",0.69659159,0.69846547,0.69622992,0.6990068,0.644728,0.6903053,2022,4,0.69903963,0.67737802,0.68607755,0.68174363
"2022_04_LAC_HOU",0.30029817,0.31741593,0.29982126,0.31720138,0.2909199,0.30991781,2022,4,0.31879355,0.45586098,0.36299349,0.40861208
"2022_04_NYJ_PIT",0.59559899,0.59368218,0.59372761,0.60003972,0.47017914,0.59189146,2022,4,0.60180029,0.69803672,0.72001805,0.70914986
"2022_04_SEA_DET",0.60287057,0.61325191,0.60441561,0.61190194,0.57272863,0.60269042,2022,4,0.61193901,0.48079006,0.4589055,0.46983328
"2022_04_TEN_IND",0.64815144,0.65389658,0.64942974,0.65459043,0.66818392,0.64580566,2022,4,0.65462575,0.51647844,0.5215095,0.51899445
"2022_04_WAS_DAL",0.58687779,0.58355236,0.58477082,0.59152877,0.44414032,0.58228895,2022,4,0.59330144,0.70353757,0.7313611,0.71765718
"2022_04_ARI_CAR",0.50463463,0.50479345,0.50485362,0.51725245,0.49839869,0.50700236,2022,4,0.51729139,0.4812015,0.52173533,0.50147083
"2022_04_DEN_LV",0.55362216,0.55608003,0.55417056,0.56420374,0.54021823,0.55409118,2022,4,0.56424211,0.49837875,0.52451662,0.51145551
"2022_04_NE_GB",0.78904065,0.79257818,0.78979776,0.78828555,0.78655976,0.78245184,2022,4,0.78831164,0.65604933,0.65695387,0.65650174
"2022_04_KC_TB",0.53059182,0.54336412,0.53076857,0.54345721,0.52232641,0.5317456,2022,4,0.54198473,0.54685226,0.49833585,0.52264747
"2022_04_LA_SF",0.52848266,0.5240282,0.52860768,0.53988892,0.52876747,0.53028025,2022,4,0.5399277,0.48977009,0.55986394,0.52493985
"2022_05_IND_DEN",0.61625681,0.61273407,0.61685764,0.62441683,0.59363431,0.61396281,2022,5,0.62382615,0.51125677,0.57940352,0.5455434
"2022_05_NYG_GB",0.77616581,0.77132935,0.77608012,0.77850175,0.76824665,0.76693965,2022,5,0.77491656,0.69373168,0.75304898,0.7243778
"2022_05_ATL_TB",0.78857885,0.78544849,0.78854584,0.78559053,0.77422643,0.77975097,2022,5,0.78684898,0.70626849,0.75203259,0.72976011
"2022_05_CHI_MIN",0.77053385,0.77435414,0.77105087,0.77248842,0.77378547,0.76262222,2022,5,0.77010949,0.66323124,0.65857212,0.66090558
"2022_05_DET_NE",0.57364344,0.56561732,0.57231811,0.58017159,0.46761119,0.57146532,2022,5,0.58167465,0.63267794,0.70287219,0.66871249
"2022_05_HOU_JAX",0.73019633,0.71745046,0.72992404,0.73347551,0.71182328,0.72262117,2022,5,0.73092498,0.64194932,0.75874428,0.70366693
"2022_05_LAC_CLE",0.46666994,0.47441456,0.46584082,0.47573906,0.44511905,0.47304059,2022,5,0.48044542,0.57088119,0.54498717,0.55797358
"2022_05_MIA_NYJ",0.37737783,0.38325928,0.37872929,0.40464962,0.48904252,0.3866934,2022,5,0.39665718,0.31192734,0.32637569,0.31910807
"2022_05_PIT_BUF",0.8591612,0.85436106,0.85901972,0.85543311,0.81753731,0.84966527,2022,5,0.85492933,0.77590228,0.83059128,0.80469234
"2022_05_SEA_NO",0.67170847,0.6782367,0.67296463,0.67043525,0.6414386,0.66695187,2022,5,0.67690933,0.52705458,0.52116567,0.52411097
"2022_05_TEN_WAS",0.47283794,0.47385566,0.47413917,0.48775411,0.51981145,0.47792943,2022,5,0.48837209,0.36848192,0.41495905,0.39147449
"2022_05_SF_CAR",0.29769153,0.30499984,0.29834984,0.31335011,0.34058839,0.30836622,2022,5,0.31808312,0.31272331,0.30834409,0.31052946
"2022_05_DAL_LA",0.66416701,0.67156855,0.66541465,0.67143101,0.65367967,0.66044817,2022,5,0.66976264,0.52646892,0.5140516,0.52026339
"2022_05_PHI_ARI",0.30967135,0.31876328,0.3092899,0.31817728,0.31099784,0.3189745,2022,5,0.32886674,0.42788126,0.39458273,0.41113025
"2022_05_CIN_BAL",0.60275297,0.60386481,0.60373714,0.61201203,0.57456392,0.60143313,2022,5,0.61141399,0.4847423,0.52325683,0.50400551
"2022_05_LV_KC",0.74146978,0.73764089,0.74039552,0.73488402,0.70143694,0.73277436,2022,5,0.74088321,0.759979,0.79244584,0.77663237
"2022_06_WAS_CHI",0.45273009,0.46077886,0.45151345,0.48045841,0.45762303,0.45781703,2022,6,0.46728972,0.58238731,0.55247041,0.56749038
"2022_06_BAL_NYG",0.29883484,0.30334898,0.29791925,0.31011379,0.29276162,0.3085259,2022,6,0.31808312,0.44415138,0.44219278,0.44317186
"2022_06_CIN_NO",0.37628028,0.3654259,0.37506805,0.38856295,0.40089348,0.38305513,2022,6,0.39360687,0.45984051,0.57452246,0.51741074
"2022_06_JAX_IND",0.5241079,0.54264064,0.52329814,0.53160799,0.51713896,0.52469393,2022,6,0.5357591,0.63755437,0.53575889,0.58759271
"2022_06_MIN_MIA",0.36189157,0.35719315,0.36049363,0.36878181,0.37934521,0.36903809,2022,6,0.37944119,0.4891204,0.55523308,0.52227429
"2022_06_NE_CLE",0.55845636,0.56852455,0.55910578,0.56902951,0.55423629,0.55881605,2022,6,0.56973826,0.52466329,0.49398526,0.50933306
"2022_06_NYJ_GB",0.76078586,0.75384392,0.76034784,0.75721043,0.74776709,0.75219833,2022,6,0.76038587,0.70191798,0.77052985,0.73766677
"2022_06_SF_ATL",0.34644617,0.35946666,0.34747269,0.36220333,0.46810561,0.35649315,2022,6,0.36674817,0.35185103,0.31158384,0.33140908
"2022_06_TB_PIT",0.20969255,0.21377764,0.20939363,0.22041155,0.26234877,0.22161914,2022,6,0.22937728,0.32130237,0.32515112,0.32322375
"2022_06_ARI_SEA",0.42234429,0.40685513,0.420614,0.4334147,0.43098059,0.42515228,2022,6,0.43762053,0.51498305,0.6497891,0.58395517
"2022_06_CAR_LA",0.78187239,0.78697508,0.78195798,0.77673763,0.76012427,0.77331875,2022,6,0.78101162,0.72494694,0.70200018,0.71361113
"2022_06_BUF_KC",0.40381474,0.41516308,0.40307477,0.41347948,0.42353296,0.40992701,2022,6,0.42071419,0.52566918,0.47594583,0.50080951
"2022_06_DAL_PHI",0.72109008,0.71092517,0.72198838,0.72133881,0.72595507,0.71494594,2022,6,0.72391255,0.53600144,0.66121625,0.60024527
"2022_06_DEN_LAC",0.6272825,0.62369036,0.62667869,0.6246053,0.58377129,0.62331815,2022,6,0.63369025,0.6210112,0.6707982,0.6463012
"2022_07_NO_ARI",0.55778591,0.56676761,0.55833987,0.56709665,0.54766893,0.55803381,2022,7,0.56865564,0.51902742,0.49827518,0.50865503
"2022_07_ATL_CIN",0.70677821,0.70692387,0.70684928,0.71118873,0.728508,0.70205565,2022,7,0.70989561,0.64292966,0.66947783,0.65632585
"2022_07_CLE_BAL",0.71442854,0.71608615,0.71480605,0.71669644,0.7306549,0.70863747,2022,7,0.71747234,0.62416294,0.64330997,0.63378929
"2022_07_DET_DAL",0.71333812,0.71653321,0.71213433,0.71957117,0.69072461,0.70875015,2022,7,0.71492783,0.77148889,0.75954012,0.76556731
"2022_07_GB_WAS",0.33885084,0.34007625,0.33841316,0.34773922,0.38535535,0.34534738,2022,7,0.3565601,0.42258501,0.45256604,0.43751847
"2022_07_IND_TEN",0.56498719,0.55791931,0.56398714,0.56517303,0.475178,0.56289592,2022,7,0.57403544,0.60553315,0.67372608,0.64033773
"2022_07_NYG_JAX",0.59803593,0.57584725,0.59856384,0.60753268,0.56922525,0.59605702,2022,7,0.60694156,0.4375942,0.6365505,0.53860945
"2022_07_TB_CAR",0.13936153,0.14462599,0.1391529,0.15647468,0.25676969,0.14921417,2022,7,0.1552795,0.26259569,0.2451494,0.25377362
"2022_07_HOU_LV",0.74140665,0.73249064,0.74154952,0.74282169,0.73602986,0.73420217,2022,7,0.74296946,0.62562351,0.72268479,0.67604447
"2022_07_NYJ_DEN",0.43943627,0.42482055,0.43858211,0.44850275,0.4050014,0.441782,2022,7,0.4539546,0.47526573,0.60921061,0.54301558
"2022_07_KC_SF",0.48373325,0.48023132,0.48405714,0.49392647,0.49846649,0.48688447,2022,7,0.49767701,0.44206853,0.51026029,0.4760528
"2022_07_SEA_LAC",0.66188658,0.67137993,0.66273786,0.66894919,0.65595269,0.66311917,2022,7,0.66794008,0.56899809,0.53778996,0.55344668
"2022_07_PIT_MIA",0.723959,0.71232695,0.7242409,0.72412568,0.73081225,0.71657093,2022,7,0.72646157,0.5864677,0.70820299,0.64976973
"2022_07_CHI_NE",0.77318205,0.76495465,0.77279107,0.77083409,0.75220877,0.76407803,2022,7,0.77283641,0.71132041,0.78651907,0.75081011
"2022_08_BAL_TB",0.53825383,0.52980686,0.53710579,0.54656851,0.47898954,0.5375095,2022,8,0.54804948,0.56054524,0.64095319,0.60143298
"2022_08_DEN_JAX",0.49207062,0.48498314,0.49194598,0.49914828,0.4451682,0.49575609,2022,8,0.50464662,0.47284813,0.55781044,0.51544085
"2022_08_ARI_MIN",0.64233562,0.65326583,0.64192912,0.64862734,0.63224101,0.63910625,2022,8,0.64833045,0.6593736,0.61324896,0.63662535
"2022_08_CAR_ATL",0.64376665,0.64484164,0.64358335,0.65021682,0.62857354,0.64018637,2022,8,0.64991044,0.61441389,0.63657056,0.62555801
"2022_08_CHI_DAL",0.78664346,0.78643822,0.78664441,0.7855441,0.75457364,0.77963885,2022,8,0.78684898,0.71341929,0.73575796,0.72472913
"2022_08_LV_NO",0.45673704,0.4449746,0.4554543,0.46469447,0.43402991,0.45887013,2022,8,0.46943325,0.49889878,0.60587901,0.55300231
"2022_08_MIA_DET",0.34432623,0.35636877,0.34523926,0.36246833,0.46651179,0.35225157,2022,8,0.36200225,0.36788556,0.33710334,0.35234118
"2022_08_NE_NYJ",0.39162465,0.41792932,0.39086048,0.40583885,0.45599172,0.39703092,2022,8,0.40669856,0.55221685,0.40928903,0.48035093
"2022_08_PIT_PHI",0.80639289,0.79667299,0.80546133,0.80247545,0.73489326,0.79858617,2022,8,0.80497802,0.75863641,0.83190405,0.79773539
"2022_08_TEN_HOU",0.46143238,0.45991569,0.4645282,0.4768461,0.51221871,0.46761631,2022,8,0.47820285,0.29518099,0.36270222,0.32805315
"2022_08_NYG_SEA",0.59812332,0.58095944,0.59702957,0.60171998,0.5117411,0.59578044,2022,8,0.60542835,0.57256203,0.7035539,0.6406751
"2022_08_SF_LA",0.49032651,0.49850946,0.48953355,0.50303799,0.46802664,0.49170566,2022,8,0.50232299,0.56043266,0.5392014,0.54983972
"2022_08_WAS_IND",0.57854523,0.57874794,0.57748705,0.58960253,0.48804426,0.57695044,2022,8,0.58673604,0.6129717,0.63677713,0.62494994
"2022_08_GB_BUF",0.79268657,0.78407934,0.79150472,0.78823864,0.72582525,0.78481236,2022,8,0.79152721,0.76597324,0.82776554,0.79863624
"2022_08_CIN_CLE",0.37809918,0.37636047,0.37901373,0.39544821,0.45555916,0.38502183,2022,8,0.39512628,0.34819718,0.40865035,0.37794958
"2022_09_PHI_HOU",0.135875,0.14395274,0.13627144,0.15110098,0.27548712,0.14621712,2022,9,0.15167046,0.22149918,0.18560083,0.20295906
"2022_09_BUF_NYJ",0.1765272,0.18554965,0.17686616,0.19508402,0.2922745,0.18757989,2022,9,0.19386423,0.26694552,0.23024964,0.2481434
"2022_09_CAR_CIN",0.74507892,0.74510129,0.74429523,0.74578935,0.76253402,0.73754267,2022,9,0.74578571,0.71818986,0.73521451,0.72678493
"2022_09_GB_DET",0.34252694,0.34940059,0.34319134,0.36073333,0.43819872,0.35086773,2022,9,0.3607289,0.37464301,0.37154448,0.37309244
"2022_09_IND_NE",0.6562091,0.65098698,0.65623612,0.66181493,0.64254677,0.65263791,2022,9,0.66181061,0.58792202,0.65677619,0.62296942
"2022_09_LAC_ATL",0.41053196,0.42430528,0.40895068,0.42381656,0.42333332,0.41442128,2022,9,0.42489946,0.55526962,0.4877255,0.52159627
"2022_09_LV_JAX",0.43688751,0.41997002,0.43601524,0.45000967,0.41018328,0.44047762,2022,9,0.45110708,0.43009834,0.58643449,0.50847358
"2022_09_MIA_CHI",0.34093295,0.35199553,0.34062489,0.35718977,0.41142005,0.34837841,2022,9,0.35820823,0.43675589,0.39521751,0.41583726
"2022_09_MIN_WAS",0.37078719,0.36139399,0.37110419,0.38700882,0.41494074,0.37789433,2022,9,0.38806099,0.35400729,0.46752505,0.40956188
"2022_09_SEA_ARI",0.53472566,0.53963775,0.53691689,0.54805422,0.53811675,0.53737207,2022,9,0.54804948,0.43691661,0.45363205,0.44525885
"2022_09_LA_TB",0.58929233,0.57524782,0.58830209,0.59603477,0.48229706,0.58670918,2022,9,0.59710163,0.55533001,0.6780425,0.61857643
"2022_09_TEN_KC",0.84777766,0.83558119,0.8485814,0.84610736,0.82975835,0.84081518,2022,9,0.84618984,0.64509438,0.79750775,0.72793433
"2022_09_BAL_NO",0.44683465,0.42857107,0.44529764,0.45897132,0.42639142,0.44940455,2022,9,0.4600723,0.4630063,0.62240746,0.54382892
"2022_10_ATL_CAR",0.42964805,0.43741698,0.43035527,0.44526154,0.47055709,0.43658363,2022,10,0.44522914,0.43969113,0.4293543,0.4345156
"2022_10_SEA_TB",0.55249841,0.56209651,0.55498527,0.56502712,0.53048068,0.55470695,2022,10,0.56499488,0.45097526,0.4342326,0.44258762
"2022_10_CLE_MIA",0.61502909,0.62193039,0.61517305,0.62247169,0.57460213,0.61257998,2022,10,0.62244091,0.5966346,0.57988234,0.58828404
"2022_10_DEN_TEN",0.55336034,0.57318522,0.5502845,0.55940992,0.45707127,0.55019162,2022,10,0.56050122,0.73115771,0.61956633,0.6778931
"2022_10_DET_CHI",0.5911742,0.58831562,0.59026051,0.5976153,0.49971187,0.58860848,2022,10,0.59867983,0.59292184,0.640716,0.6171019
"2022_10_HOU_NYG",0.66742531,0.65886603,0.66514317,0.6690957,0.59863442,0.6607807,2022,10,0.67007554,0.69330806,0.7603154,0.72810316
"2022_10_JAX_KC",0.77770986,0.79198411,0.77585022,0.77592134,0.77237415,0.76855526,2022,10,0.77589854,0.84243451,0.75122646,0.80072144
"2022_10_MIN_BUF",0.70319807,0.68737278,0.70208511,0.70438951,0.5948059,0.69655918,2022,10,0.70531088,0.63966111,0.76851604,0.70825461
"2022_10_NO_PIT",0.51034535,0.5300496,0.51217868,0.52405208,0.51742238,0.51359666,2022,10,0.52401939,0.48829658,0.39794651,0.44264718
"2022_10_IND_LV",0.6410757,0.63493297,0.64233126,0.64836037,0.64418107,0.63875326,2022,10,0.64833045,0.5111633,0.59977569,0.55591406
"2022_10_ARI_LA",0.61970164,0.63141027,0.61999964,0.62707335,0.58579838,0.61778646,2022,10,0.6270427,0.61059457,0.55839621,0.58473307
"2022_10_DAL_GB",0.33367876,0.33588671,0.33441919,0.35169941,0.44721574,0.34221024,2022,10,0.35166955,0.34689082,0.37768962,0.36214871
"2022_10_LAC_SF",0.75755548,0.74840102,0.75768709,0.75849855,0.74953234,0.75074372,2022,10,0.75847453,0.64169436,0.74135855,0.69378693
"2022_10_WAS_PHI",0.81060923,0.80519419,0.8092533,0.80736375,0.7308628,0.80149236,2022,10,0.80805161,0.78602946,0.83127655,0.80967946
"2022_11_TEN_GB",0.6053971,0.59037952,0.60707778,0.61167318,0.58019161,0.60611645,2022,11,0.6148544,0.40022057,0.55172531,0.47540711
"2022_11_CAR_BAL",0.84031286,0.83933839,0.84057682,0.84060329,0.83906043,0.83428158,2022,11,0.83929989,0.73468543,0.76442336,0.74984876
"2022_11_CHI_ATL",0.55674387,0.55791994,0.55626194,0.56554997,0.53713816,0.55704208,2022,11,0.56608933,0.57303495,0.59644782,0.58478924
"2022_11_CLE_BUF",0.75486081,0.76079619,0.75450637,0.75883704,0.75589854,0.75018112,2022,11,0.75618158,0.73673658,0.71384242,0.72543778
"2022_11_DET_NYG",0.59155953,0.59488549,0.59021005,0.59597373,0.49078724,0.5875685,2022,11,0.59867983,0.66360278,0.66281306,0.66320803
"2022_11_LA_NO",0.52957945,0.51545071,0.52906037,0.53455746,0.46953285,0.52997502,2022,11,0.5399277,0.50661225,0.6274178,0.56802624
"2022_11_NYJ_NE",0.62269674,0.61353558,0.62211822,0.62958509,0.53939235,0.6194266,2022,11,0.62926932,0.59554513,0.67884802,0.63823458
"2022_11_PHI_IND",0.27364836,0.29242956,0.27386567,0.29070547,0.31435722,0.28279763,2022,11,0.29030993,0.37602849,0.28927083,0.33121743
"2022_11_WAS_HOU",0.39905872,0.40195274,0.40006185,0.41998616,0.48603532,0.4054838,2022,11,0.41493776,0.36100513,0.39280817,0.37677396
"2022_11_LV_DEN",0.56828856,0.56697996,0.56819289,0.57701409,0.53679764,0.5679877,2022,11,0.57754979,0.54654257,0.58954963,0.56817458
"2022_11_CIN_PIT",0.35373995,0.38060765,0.3549598,0.37117851,0.46362141,0.36166132,2022,11,0.37073068,0.387605,0.27483371,0.32875691
"2022_11_DAL_MIN",0.43414173,0.45431124,0.43314305,0.44439217,0.44705456,0.43739135,2022,11,0.44717178,0.58243114,0.48282987,0.53295889
"2022_11_KC_LAC",0.30347054,0.31036757,0.30472141,0.3213084,0.35419109,0.31311225,2022,11,0.32106933,0.28274878,0.29046865,0.28659316
"2022_11_SF_ARI",0.20067475,0.20746722,0.1999203,0.21181402,0.24721178,0.20820506,2022,11,0.21561338,0.36380464,0.33908449,0.35134492
"2022_12_BUF_DET",0.20159686,0.20428,0.20201343,0.20973532,0.2698698,0.21202898,2022,12,0.21945616,0.25669658,0.27789009,0.26715981
"2022_12_NYG_DAL",0.79123199,0.79416777,0.79060833,0.7914108,0.7633577,0.78356486,2022,12,0.79053983,0.76305907,0.75522916,0.75916584
"2022_12_NE_MIN",0.5504799,0.57540516,0.55169997,0.55892092,0.54784763,0.55154739,2022,12,0.56237947,0.56176357,0.43241042,0.49703742
"2022_12_ATL_WAS",0.62254124,0.6258395,0.62224891,0.62299442,0.58962137,0.6194285,2022,12,0.6297217,0.60953213,0.61685531,0.61320012
"2022_12_BAL_JAX",0.37730075,0.34818745,0.37778593,0.40449417,0.44133353,0.38467423,2022,12,0.39457165,0.28778319,0.53752282,0.40663337
"2022_12_CHI_NYJ",0.76363333,0.77331404,0.76519865,0.77829748,0.79737598,0.75861478,2022,12,0.76615385,0.6468476,0.59796748,0.62271949
"2022_12_CIN_TEN",0.48765922,0.49970075,0.48663913,0.50217003,0.49765584,0.48902679,2022,12,0.5,0.57489843,0.52479632,0.54997409
"2022_12_DEN_CAR",0.46217295,0.48460753,0.46169828,0.46292251,0.488033,0.46504425,2022,12,0.47598061,0.56776541,0.44999006,0.50900265
"2022_12_HOU_MIA",0.86730634,0.86070147,0.8665814,0.8601433,0.82792455,0.85910629,2022,12,0.86406914,0.80521431,0.86426648,0.83688048
"2022_12_TB_CLE",0.37110666,0.37225117,0.37112355,0.39016148,0.41523996,0.37768873,2022,12,0.38806099,0.40585875,0.44025071,0.42296139
"2022_12_LAC_ARI",0.42341201,0.42769391,0.42202791,0.40765345,0.38910219,0.42684761,2022,12,0.43762053,0.52105734,0.52315408,0.52210581
"2022_12_LV_SEA",0.64044028,0.63368143,0.63793635,0.63306171,0.57953107,0.63455617,2022,12,0.64467493,0.68900483,0.74266787,0.71660358
"2022_12_LA_KC",0.89121414,0.89244098,0.89126402,0.89131021,0.81677431,0.88451074,2022,12,0.88826017,0.8181658,0.8169485,0.81755794
"2022_12_NO_SF",0.7725036,0.77375168,0.77216933,0.76206505,0.75995725,0.76544682,2022,12,0.77283641,0.72461244,0.73401555,0.72933968
"2022_12_GB_PHI",0.71280182,0.71553254,0.71162197,0.70424509,0.70134652,0.705897,2022,12,0.71492783,0.71981252,0.71800181,0.71890805
"2022_12_PIT_IND",0.53847615,0.53381871,0.53672279,0.55376971,0.50030434,0.53772152,2022,12,0.54804948,0.58751221,0.64246209,0.61535498
"2022_13_BUF_NE",0.35032606,0.34676294,0.35038401,0.35363922,0.39498374,0.35796631,2022,13,0.36762335,0.36747959,0.43654451,0.40152346
"2022_13_CLE_HOU",0.23749276,0.24384649,0.23740255,0.25020707,0.27089596,0.24761416,2022,13,0.2554788,0.33089923,0.32170425,0.32628503
"2022_13_DEN_BAL",0.75362605,0.76219307,0.75282123,0.75789076,0.7726686,0.74576875,2022,13,0.75360769,0.78943107,0.74351105,0.7672591
"2022_13_GB_CHI",0.35423494,0.35464208,0.3535569,0.35322875,0.36492634,0.36103862,2022,13,0.37073068,0.45202214,0.4843721,0.46816367
"2022_13_JAX_DET",0.51684506,0.53448561,0.51668145,0.52785838,0.53362972,0.51798287,2022,13,0.52840393,0.58037149,0.49727333,0.53909401
"2022_13_NYJ_MIN",0.57024584,0.59490835,0.56994581,0.58143258,0.56674337,0.56963251,2022,13,0.57928581,0.6532679,0.51878762,0.58766244
"2022_13_PIT_ATL",0.46842466,0.4625861,0.46776526,0.48675233,0.46765164,0.47162508,2022,13,0.48147562,0.50938876,0.58030705,0.54507646
"2022_13_TEN_PHI",0.65773572,0.64970628,0.65775648,0.66891825,0.65223974,0.65507582,2022,13,0.66292256,0.58022794,0.66695202,0.62458852
"2022_13_WAS_NYG",0.44448467,0.43638478,0.44433107,0.44513923,0.4237431,0.44854948,2022,13,0.45890355,0.44036664,0.53461096,0.48737661
"2022_13_MIA_SF",0.66620513,0.67025028,0.66637967,0.66474938,0.62555557,0.66184779,2022,13,0.67113326,0.61609904,0.61934519,0.61772343
"2022_13_SEA_LA",0.25856891,0.27058433,0.2579165,0.260921,0.21888945,0.26781661,2022,13,0.27608745,0.43070317,0.36746527,0.39866168
"2022_13_KC_CIN",0.42871252,0.42762719,0.42900503,0.43941021,0.47146299,0.43381627,2022,13,0.44410413,0.41407724,0.46580361,0.43977693
"2022_13_LAC_LV",0.55695436,0.55156957,0.55689282,0.56066102,0.53403389,0.55654827,2022,13,0.5668328,0.52310525,0.59456351,0.55914063
"2022_13_IND_DAL",0.79805994,0.79435626,0.79734186,0.79488385,0.77397478,0.78985424,2022,13,0.79633401,0.78275901,0.81520321,0.79947224
"2022_13_NO_TB",0.63192246,0.64019119,0.63157558,0.63587373,0.62428498,0.62829487,2022,13,0.63799775,0.65031102,0.62108073,0.63582116
"2022_14_LV_LA",0.26400384,0.26925103,0.26291975,0.26559097,0.2101704,0.27311048,2022,14,0.28175231,0.45585445,0.44285801,0.44934759
"2022_14_BAL_PIT",0.52802429,0.52580747,0.52922412,0.55609745,0.55399829,0.53316753,2022,14,0.5399277,0.40216397,0.46800435,0.43479664
"2022_14_CLE_CIN",0.64977705,0.65353236,0.64880155,0.63821959,0.60342723,0.64363237,2022,14,0.65345857,0.70222499,0.69567241,0.69895885
"2022_14_HOU_DAL",0.90988572,0.90820742,0.90936768,0.9056071,0.82655662,0.90125533,2022,14,0.90462674,0.89449958,0.90525573,0.90000614
"2022_14_JAX_TEN",0.60641466,0.63362018,0.6050322,0.61428487,0.55147082,0.60276446,2022,14,0.61193901,0.76493478,0.62058227,0.69761661
"2022_14_MIN_DET",0.54386181,0.51497869,0.54482673,0.54489446,0.51584327,0.54635992,2022,14,0.55477086,0.35038312,0.58285915,0.46470456
"2022_14_NYJ_BUF",0.77747926,0.77942322,0.77683711,0.77421129,0.78615242,0.76863761,2022,14,0.77540859,0.77655932,0.77421642,0.77539004
"2022_14_PHI_NYG",0.25059293,0.25851208,0.25109548,0.27062124,0.28366137,0.262429,2022,14,0.26994359,0.28663569,0.27794171,0.28226839
"2022_14_KC_DEN",0.20673503,0.20332239,0.20765142,0.22599809,0.29048395,0.22026987,2022,14,0.22616355,0.17462947,0.2420022,0.20628761
"2022_14_CAR_SEA",0.64569341,0.63896543,0.64466353,0.63617438,0.55741227,0.63965657,2022,14,0.64953271,0.67145682,0.72714885,0.700041
"2022_14_TB_SF",0.64121895,0.64580531,0.64042206,0.64244336,0.59190041,0.6382189,2022,14,0.64550898,0.68337453,0.67424976,0.67882922
"2022_14_MIA_LAC",0.37920595,0.38832732,0.37932631,0.39593238,0.43449751,0.38693114,2022,14,0.39609627,0.42650953,0.40892629,0.41769175
"2022_14_NE_ARI",0.44332771,0.44540968,0.44350435,0.45331237,0.44153348,0.44848141,2022,14,0.45801527,0.44489736,0.47385267,0.4593407
"2022_15_SF_SEA",0.36931543,0.36354736,0.37019118,0.38707802,0.46610105,0.37907697,2022,15,0.3871172,0.32994886,0.41686758,0.37237744
"2022_15_IND_MIN",0.63191983,0.65052949,0.63072584,0.63789999,0.63851917,0.6283808,2022,15,0.63629016,0.71971536,0.61963523,0.67162087
"2022_15_BAL_CLE",0.58223756,0.57320607,0.58436908,0.59225368,0.54999048,0.5825754,2022,15,0.59229355,0.39472589,0.50939773,0.45141695
"2022_15_MIA_BUF",0.74006243,0.75442395,0.73949791,0.74105084,0.76653862,0.73310877,2022,15,0.73971244,0.76089295,0.67591245,0.72037361
"2022_15_ATL_NO",0.67495451,0.67287387,0.67564392,0.6788947,0.65227324,0.67012749,2022,15,0.67893067,0.57045574,0.62260146,0.59680204
"2022_15_DAL_JAX",0.34414071,0.33556987,0.34616218,0.3636716,0.44110981,0.35448132,2022,15,0.36370984,0.24243559,0.34784765,0.29236135
"2022_15_DET_NYJ",0.54530593,0.55930097,0.54606578,0.5558551,0.53350836,0.54597519,2022,15,0.55589587,0.52969889,0.47764035,0.50367959
"2022_15_KC_HOU",0.1272256,0.12982344,0.12843272,0.1441958,0.31855813,0.13933735,2022,15,0.14421617,0.12358291,0.14209012,0.13256313
"2022_15_PHI_CHI",0.20982598,0.2052367,0.21094817,0.22806475,0.27527842,0.22276731,2022,15,0.22937728,0.18828051,0.26639656,0.22494078
"2022_15_PIT_CAR",0.56732548,0.57227063,0.56773108,0.57645065,0.55043274,0.56667169,2022,15,0.57649092,0.53587165,0.54125302,0.53856346
"2022_15_ARI_DEN",0.52356399,0.51352492,0.5239389,0.53479367,0.53521091,0.52636143,2022,15,0.53483477,0.45588685,0.56385478,0.50998728
"2022_15_NE_LV",0.53901667,0.53340878,0.53990652,0.54999548,0.52633739,0.54009307,2022,15,0.55003635,0.45105612,0.53337198,0.49216092
"2022_15_CIN_TB",0.37262644,0.37551038,0.37322601,0.39002645,0.45795539,0.38214043,2022,15,0.39006574,0.3770036,0.40359277,0.39021664
"2022_15_TEN_LAC",0.58854279,0.5885277,0.5894332,0.59706193,0.57449436,0.58889067,2022,15,0.59710163,0.50438691,0.5472285,0.52585528
"2022_15_NYG_WAS",0.64887765,0.64268851,0.64757884,0.65206808,0.6159327,0.64452781,2022,15,0.65228368,0.66051309,0.71712617,0.68952856
"2022_15_LA_GB",0.75796845,0.74672875,0.75853648,0.75787497,0.77289385,0.75160815,2022,15,0.75790524,0.60072717,0.72158947,0.66383416
"2022_16_JAX_NYJ",0.552754,0.57207107,0.55314676,0.56235403,0.55170882,0.5529618,2022,16,0.56237947,0.56010342,0.46643405,0.51338627
"2022_16_ATL_BAL",0.71171206,0.72191621,0.7113521,0.71377361,0.72413206,0.70444769,2022,16,0.71233425,0.72780317,0.6743494,0.70176447
"2022_16_BUF_CHI",0.22040935,0.20577179,0.22126242,0.2400246,0.27174166,0.23338379,2022,16,0.24028416,0.14881705,0.29683617,0.21363377
"2022_16_CIN_NE",0.39665525,0.39179045,0.39703237,0.41323891,0.44877443,0.40403792,2022,16,0.41326396,0.364099,0.44455602,0.40368014
"2022_16_DET_CAR",0.43498125,0.4398948,0.43518523,0.44993809,0.47196481,0.44110424,2022,16,0.44996365,0.44330266,0.45271543,0.44800439
"2022_16_NO_CLE",0.62238833,0.63047338,0.6223292,0.62789887,0.5976119,0.61950612,2022,16,0.62792299,0.61870715,0.59270765,0.60578225
"2022_16_NYG_MIN",0.66187766,0.6764712,0.66160509,0.66669023,0.65836895,0.65798313,2022,16,0.66512518,0.69325418,0.61492671,0.65514292
"2022_16_SEA_KC",0.79561217,0.79595548,0.79510981,0.79235274,0.78060502,0.78640743,2022,16,0.79236968,0.78268509,0.78964311,0.7861847
"2022_16_HOU_TEN",0.60999006,0.61902529,0.60798564,0.61400378,0.48751867,0.60525647,2022,16,0.61434081,0.78332876,0.73815773,0.76147682
"2022_16_WAS_SF",0.71551357,0.71454689,0.71428323,0.71483129,0.63954705,0.70727958,2022,16,0.71512113,0.77550133,0.78645772,0.78102883
"2022_16_PHI_DAL",0.64414833,0.64378936,0.64514757,0.64950919,0.6395694,0.64079263,2022,16,0.64953271,0.48991629,0.54084752,0.51542195
"2022_16_LV_PIT",0.56148522,0.56533597,0.56167173,0.57043827,0.54509854,0.56165428,2022,16,0.57046358,0.53328533,0.54489316,0.53909454
"2022_16_GB_MIA",0.62376371,0.61940503,0.62375099,0.62924522,0.57662755,0.62031929,2022,16,0.62926932,0.57056777,0.6332512,0.60232906
"2022_16_DEN_LA",0.36615052,0.38087786,0.36500375,0.38193682,0.36536089,0.37329828,2022,16,0.38227263,0.57387828,0.49155694,0.53294182
"2022_16_TB_ARI",0.24200366,0.24294209,0.24115285,0.26001379,0.2481225,0.25300404,2022,16,0.26028756,0.41019043,0.43402281,0.42206125
"2022_16_LAC_IND",0.35050894,0.34811912,0.34993256,0.36729276,0.37618697,0.35879315,2022,16,0.36762335,0.43767628,0.49122792,0.46434934
"2022_17_DAL_TEN",0.12982842,0.1290789,0.12922697,0.14272624,0.2295354,0.1413779,2022,17,0.14616351,0.30046298,0.34208146,0.32091649
"2022_17_ARI_ATL",0.71370599,0.71361809,0.71443865,0.71349961,0.7468397,0.70713486,2022,17,0.71512113,0.56187717,0.60476004,0.5834765
"2022_17_CAR_TB",0.62548813,0.63104064,0.62561968,0.6308735,0.60047936,0.6219567,2022,17,0.63105383,0.59127691,0.58670018,0.58899047
"2022_17_CHI_DET",0.66614827,0.67015704,0.66543662,0.6714409,0.63876384,0.66145177,2022,17,0.66869535,0.7084676,0.69871802,0.70361601
"2022_17_CLE_WAS",0.51496596,0.51646425,0.51481865,0.52458727,0.51754171,0.51651996,2022,17,0.52622156,0.52637426,0.55157708,0.53900059
"2022_17_DEN_KC",0.85530402,0.85667812,0.85441736,0.84726071,0.79065132,0.84449412,2022,17,0.84953171,0.8891245,0.87827554,0.88380995
"2022_17_IND_NYG",0.67509252,0.66652284,0.67488379,0.68184781,0.6626969,0.66908341,2022,17,0.67763429,0.61785566,0.70110226,0.66071999
"2022_17_JAX_HOU",0.34568888,0.3617667,0.34669462,0.36299381,0.46128094,0.35604229,2022,17,0.36500528,0.32509969,0.2774489,0.30073669
"2022_17_MIA_NE",0.59281642,0.60161782,0.59301818,0.59893233,0.5535081,0.59088172,2022,17,0.600246,0.57032435,0.54670346,0.55854702
"2022_17_NO_PHI",0.67174198,0.67058549,0.67054765,0.66551006,0.59438229,0.66544723,2022,17,0.67353089,0.74422299,0.75827371,0.75131473
"2022_17_NYJ_SEA",0.46997727,0.47812701,0.46905746,0.47064695,0.43847218,0.47359285,2022,17,0.48270861,0.5993371,0.56999534,0.58474133
"2022_17_SF_LV",0.18686458,0.18853965,0.18671782,0.1999694,0.23829453,0.19955136,2022,17,0.20583407,0.27948323,0.30494855,0.29205286
"2022_17_LA_LAC",0.7168731,0.72293831,0.71711274,0.71589601,0.73520011,0.70971591,2022,17,0.71765989,0.65138694,0.63566973,0.64356699
"2022_17_MIN_GB",0.61095553,0.59390481,0.61151674,0.61256111,0.55396885,0.6085055,2022,17,0.61772737,0.45199371,0.61352709,0.53364211
"2022_17_PIT_BAL",0.52472503,0.53290357,0.52389937,0.52118915,0.44863251,0.52515038,2022,17,0.53483477,0.6272936,0.59774077,0.6126208
"2022_18_KC_LV",0.2010666,0.20516032,0.20113259,0.21337865,0.25027499,0.21504288,2022,18,0.22143026,0.25603095,0.26659224,0.26127711
"2022_18_TEN_JAX",0.70196123,0.69347448,0.70191109,0.70770723,0.64992982,0.69444175,2022,18,0.70252851,0.62948238,0.71393107,0.67310785
"2022_18_BAL_CIN",0.83620828,0.83862374,0.83649036,0.82750738,0.84974122,0.82586188,2022,18,0.83118087,0.69189853,0.69721159,0.69456153
"2022_18_CAR_NO",0.62003615,0.62750823,0.61991759,0.6284771,0.58003527,0.61638793,2022,18,0.6252015,0.63611904,0.6124126,0.6243403
"2022_18_CLE_PIT",0.563744,0.56590002,0.56369757,0.56453222,0.53845024,0.5630683,2022,18,0.57225679,0.55870327,0.5775889,0.56817086
"2022_18_HOU_IND",0.56407059,0.56569757,0.56369757,0.55022484,0.46619928,0.56214707,2022,18,0.57225679,0.6267943,0.6384768,0.63265502
"2022_18_MIN_CHI",0.27714178,0.25882871,0.27710114,0.27611434,0.22048144,0.28893708,2022,18,0.29747149,0.26436811,0.45173521,0.35239579
"2022_18_NE_BUF",0.76853364,0.76923792,0.76824349,0.76311791,0.78898638,0.7587316,2022,18,0.76551888,0.77588637,0.77991844,0.77790894
"2022_18_NYJ_MIA",0.64592517,0.64301421,0.64575126,0.65448618,0.64574504,0.640742,2022,18,0.64953271,0.63313504,0.67627736,0.65502536
"2022_18_TB_ATL",0.68013237,0.67992855,0.68113609,0.68937385,0.68632358,0.67534847,2022,18,0.68290028,0.38483958,0.45071845,0.41741057
"2022_18_ARI_SF",0.8927178,0.89585306,0.89260782,0.89506298,0.86101454,0.88360949,2022,18,0.88630276,0.87290541,0.84873898,0.86126304
"2022_18_DAL_WAS",0.23909444,0.23563671,0.23917249,0.24323849,0.25008982,0.25263789,2022,18,0.25977239,0.25808527,0.33038729,0.29293143
"2022_18_LAC_DEN",0.69558476,0.69654714,0.69703807,0.68863046,0.65864539,0.68996977,2022,18,0.69792129,0.29175192,0.35753956,0.32377547
"2022_18_LA_SEA",0.67094511,0.67478045,0.67088746,0.67254323,0.66200852,0.66493953,2022,18,0.67322898,0.65108519,0.65002756,0.65055656
"2022_18_NYG_PHI",0.90472231,0.90375285,0.90501571,0.89431792,0.84885257,0.89488597,2022,18,0.89869745,0.70740129,0.75410442,0.73139464
"2022_18_DET_GB",0.71110387,0.7212044,0.71142071,0.71038061,0.7382592,0.70378042,2022,18,0.71152582,0.61851274,0.57579122,0.59733662
"2022_19_SEA_SF",0.79639945,0.79290538,0.79679734,0.7943024,0.76007247,0.78633436,2022,19,0.79236968,0.77592128,0.80854413,0.79270624
"2022_19_LAC_JAX",0.44042394,0.43398746,0.44102971,0.4505887,0.38035986,0.44698703,2022,19,0.45597611,0.54634375,0.6147187,0.58091966
"2022_19_MIA_BUF",0.87713601,0.8800764,0.8771855,0.8709271,0.83139336,0.86644328,2022,19,0.8705882,0.80943881,0.79116008,0.80045652
"2022_19_NYG_MIN",0.56485957,0.58522206,0.56519516,0.57745945,0.551301,0.56595388,2022,19,0.57332769,0.66807287,0.55545397,0.61327675
"2022_19_BAL_CIN",0.76690118,0.7694525,0.76706029,0.76444489,0.796516,0.757818,2022,19,0.76390214,0.72605761,0.7244179,0.72523851
"2022_19_DAL_TB",0.424069,0.41925622,0.4237306,0.44024086,0.45626307,0.43057744,2022,19,0.43949878,0.37189739,0.45273947,0.41172307
"2022_20_JAX_KC",0.80152316,0.79821934,0.80163481,0.79721314,0.77074188,0.7908289,2022,20,0.79673692,0.76947471,0.80372265,0.78710064
"2022_20_NYG_PHI",0.76288748,0.76140856,0.76294747,0.76025265,0.79199702,0.75306527,2022,20,0.75971584,0.69763583,0.72985986,0.71401985
"2022_20_CIN_BUF",0.70173968,0.70346153,0.70171627,0.70227945,0.68232596,0.69405343,2022,20,0.7016637,0.59369957,0.61567424,0.6047398
"2022_20_DAL_SF",0.62611669,0.62290385,0.62623113,0.62574857,0.49881512,0.62215937,2022,20,0.63060617,0.65237806,0.69329276,0.67316471
"2022_21_SF_PHI",0.57305195,0.56654797,0.57347056,0.5746901,0.52985328,0.5722448,2022,21,0.58100796,0.41277133,0.51138257,0.46170236
"2022_21_CIN_KC",0.54498849,0.52760142,0.54468763,0.54012543,0.46005055,0.54507341,2022,21,0.55395933,0.54133353,0.68635025,0.61642742
"2022_22_KC_PHI",0.51053349,0.5108467,0.51081628,0.52254689,0.4980469,0.5130396,2022,22,0.52179715,0.41316438,0.46035599,0.43661673
